[0m23:59:33.061255 [debug] [MainThread]: Sending event: {'category': 'dbt', 'action': 'invocation', 'label': 'start', 'context': [<snowplow_tracker.self_describing_json.SelfDescribingJson object at 0x7f19647006b0>, <snowplow_tracker.self_describing_json.SelfDescribingJson object at 0x7f1964ca2300>, <snowplow_tracker.self_describing_json.SelfDescribingJson object at 0x7f19647e4d40>]}


============================== 23:59:33.070115 | 7b3b9f86-14e6-460a-8c42-6dbe7c662c95 ==============================
[0m23:59:33.070115 [info ] [MainThread]: Running with dbt=1.10.7
[0m23:59:33.071682 [debug] [MainThread]: running dbt with arguments {'printer_width': '80', 'indirect_selection': 'eager', 'log_cache_events': 'False', 'write_json': 'True', 'partial_parse': 'True', 'cache_selected_only': 'False', 'profiles_dir': '/usr/ELT_Travaux_Angers/dbt', 'debug': 'False', 'version_check': 'True', 'log_path': '/usr/ELT_Travaux_Angers/dbt/logs', 'warn_error': 'None', 'fail_fast': 'False', 'use_colors': 'True', 'use_experimental_parser': 'False', 'no_print': 'None', 'quiet': 'False', 'empty': 'None', 'warn_error_options': 'WarnErrorOptionsV2(error=[], warn=[], silence=[])', 'static_parser': 'True', 'introspect': 'True', 'invocation_command': 'dbt init', 'target_path': 'None', 'log_format': 'default', 'send_anonymous_usage_stats': 'True'}
[0m23:59:33.166989 [info ] [MainThread]: Setting up your profile.
[0m00:03:42.711275 [info ] [MainThread]: Profile travaux_angers written to /usr/ELT_Travaux_Angers/dbt/profiles.yml using target's profile_template.yml and your supplied values. Run 'dbt debug' to validate the connection.
[0m00:03:42.718815 [debug] [MainThread]: Resource report: {"command_name": "init", "command_success": true, "command_wall_clock_time": 249.2755, "process_in_blocks": "171080", "process_kernel_time": 12.823546, "process_mem_max_rss": "386540", "process_out_blocks": "32", "process_user_time": 11.771651}
[0m00:03:42.724716 [debug] [MainThread]: Command `dbt init` succeeded at 00:03:42.724219 after 249.28 seconds
[0m00:03:42.726201 [debug] [MainThread]: Sending event: {'category': 'dbt', 'action': 'invocation', 'label': 'end', 'context': [<snowplow_tracker.self_describing_json.SelfDescribingJson object at 0x7f1964984b30>, <snowplow_tracker.self_describing_json.SelfDescribingJson object at 0x7f192fec2750>, <snowplow_tracker.self_describing_json.SelfDescribingJson object at 0x7f192fc10ef0>]}
[0m00:03:42.727771 [debug] [MainThread]: Flushing usage events
[0m00:03:43.178466 [debug] [MainThread]: An error was encountered while trying to flush usage events
[0m00:04:09.789585 [debug] [MainThread]: Sending event: {'category': 'dbt', 'action': 'invocation', 'label': 'start', 'context': [<snowplow_tracker.self_describing_json.SelfDescribingJson object at 0x7fd9e8f8b950>, <snowplow_tracker.self_describing_json.SelfDescribingJson object at 0x7fd9e8971400>, <snowplow_tracker.self_describing_json.SelfDescribingJson object at 0x7fd9e8971340>]}


============================== 00:04:09.797930 | e8d691b9-12c4-4caa-aa8a-488e00ca9461 ==============================
[0m00:04:09.797930 [info ] [MainThread]: Running with dbt=1.10.7
[0m00:04:09.799355 [debug] [MainThread]: running dbt with arguments {'printer_width': '80', 'indirect_selection': 'eager', 'write_json': 'True', 'log_cache_events': 'False', 'partial_parse': 'True', 'cache_selected_only': 'False', 'warn_error': 'None', 'fail_fast': 'False', 'profiles_dir': '/usr/ELT_Travaux_Angers/dbt', 'log_path': '/usr/ELT_Travaux_Angers/dbt/logs', 'debug': 'False', 'version_check': 'True', 'use_colors': 'True', 'use_experimental_parser': 'False', 'no_print': 'None', 'quiet': 'False', 'empty': 'False', 'warn_error_options': 'WarnErrorOptionsV2(error=[], warn=[], silence=[])', 'introspect': 'True', 'log_format': 'default', 'invocation_command': 'dbt run', 'target_path': 'None', 'static_parser': 'True', 'send_anonymous_usage_stats': 'True'}
[0m00:04:16.609193 [debug] [MainThread]: Sending event: {'category': 'dbt', 'action': 'project_id', 'label': 'e8d691b9-12c4-4caa-aa8a-488e00ca9461', 'context': [<snowplow_tracker.self_describing_json.SelfDescribingJson object at 0x7fd9b43fa6c0>]}
[0m00:04:16.753235 [debug] [MainThread]: Sending event: {'category': 'dbt', 'action': 'adapter_info', 'label': 'e8d691b9-12c4-4caa-aa8a-488e00ca9461', 'context': [<snowplow_tracker.self_describing_json.SelfDescribingJson object at 0x7fd9b9d0d4f0>]}
[0m00:04:16.754764 [info ] [MainThread]: Registered adapter: bigquery=1.10.1
[0m00:04:17.221916 [debug] [MainThread]: checksum: 44f4b502e2ddc67beed4db71ce39b63f2d3b7fc0b96e49a69b096c8f6cc370bc, vars: {}, profile: , target: , version: 1.10.7
[0m00:04:17.223534 [info ] [MainThread]: Unable to do partial parsing because saved manifest not found. Starting full parse.
[0m00:04:17.226024 [debug] [MainThread]: Sending event: {'category': 'dbt', 'action': 'partial_parser', 'label': 'e8d691b9-12c4-4caa-aa8a-488e00ca9461', 'context': [<snowplow_tracker.self_describing_json.SelfDescribingJson object at 0x7fd9b46ae6f0>]}
[0m00:04:19.468065 [error] [MainThread]: Encountered an error:
Compilation Error
  Model 'model.travaux_angers.src_travaux_angers' (models/bronze/src_travaux_angers.sql) depends on a source named 'travaux_angers.travaux_angers' which was not found
[0m00:04:19.471063 [debug] [MainThread]: Resource report: {"command_name": "run", "command_success": false, "command_wall_clock_time": 9.800739, "process_in_blocks": "8384", "process_kernel_time": 1.907576, "process_mem_max_rss": "389632", "process_out_blocks": "16", "process_user_time": 12.369124}
[0m00:04:19.472333 [debug] [MainThread]: Command `dbt run` failed at 00:04:19.472099 after 9.80 seconds
[0m00:04:19.472944 [debug] [MainThread]: Sending event: {'category': 'dbt', 'action': 'invocation', 'label': 'end', 'context': [<snowplow_tracker.self_describing_json.SelfDescribingJson object at 0x7fd9e8937bf0>, <snowplow_tracker.self_describing_json.SelfDescribingJson object at 0x7fd9b47341a0>, <snowplow_tracker.self_describing_json.SelfDescribingJson object at 0x7fd9b42ea7e0>]}
[0m00:04:19.473436 [debug] [MainThread]: Flushing usage events
[0m00:04:19.921497 [debug] [MainThread]: An error was encountered while trying to flush usage events
[0m00:04:30.639604 [debug] [MainThread]: Sending event: {'category': 'dbt', 'action': 'invocation', 'label': 'start', 'context': [<snowplow_tracker.self_describing_json.SelfDescribingJson object at 0x7f545891b770>, <snowplow_tracker.self_describing_json.SelfDescribingJson object at 0x7f54593e4f20>, <snowplow_tracker.self_describing_json.SelfDescribingJson object at 0x7f545891b080>]}


============================== 00:04:30.646777 | eac78990-5e39-47a0-9947-68a86f570d16 ==============================
[0m00:04:30.646777 [info ] [MainThread]: Running with dbt=1.10.7
[0m00:04:30.651433 [debug] [MainThread]: running dbt with arguments {'printer_width': '80', 'indirect_selection': 'eager', 'write_json': 'True', 'log_cache_events': 'False', 'partial_parse': 'True', 'cache_selected_only': 'False', 'profiles_dir': '/usr/ELT_Travaux_Angers/dbt', 'fail_fast': 'False', 'warn_error': 'None', 'log_path': '/usr/ELT_Travaux_Angers/dbt/logs', 'debug': 'False', 'version_check': 'True', 'use_colors': 'True', 'use_experimental_parser': 'False', 'empty': 'None', 'quiet': 'False', 'no_print': 'None', 'log_format': 'default', 'static_parser': 'True', 'warn_error_options': 'WarnErrorOptionsV2(error=[], warn=[], silence=[])', 'invocation_command': 'dbt debug', 'target_path': 'None', 'introspect': 'True', 'send_anonymous_usage_stats': 'True'}
[0m00:04:30.687121 [info ] [MainThread]: dbt version: 1.10.7
[0m00:04:30.687908 [info ] [MainThread]: python version: 3.12.6
[0m00:04:30.689117 [info ] [MainThread]: python path: /usr/ELT_Travaux_Angers/.env/bin/python3
[0m00:04:30.690490 [info ] [MainThread]: os info: Linux-5.15.167.4-microsoft-standard-WSL2-x86_64-with-glibc2.39
[0m00:04:36.089015 [info ] [MainThread]: Using profiles dir at /usr/ELT_Travaux_Angers/dbt
[0m00:04:36.090026 [info ] [MainThread]: Using profiles.yml file at /usr/ELT_Travaux_Angers/dbt/profiles.yml
[0m00:04:36.090770 [info ] [MainThread]: Using dbt_project.yml file at /usr/ELT_Travaux_Angers/dbt/dbt_project.yml
[0m00:04:36.091466 [info ] [MainThread]: adapter type: bigquery
[0m00:04:36.092309 [info ] [MainThread]: adapter version: 1.10.1
[0m00:04:36.304217 [info ] [MainThread]: Configuration:
[0m00:04:36.305411 [info ] [MainThread]:   profiles.yml file [[32mOK found and valid[0m]
[0m00:04:36.306211 [info ] [MainThread]:   dbt_project.yml file [[32mOK found and valid[0m]
[0m00:04:36.306954 [info ] [MainThread]: Required dependencies:
[0m00:04:36.307692 [debug] [MainThread]: Executing "git --help"
[0m00:04:36.318119 [debug] [MainThread]: STDOUT: "b"usage: git [-v | --version] [-h | --help] [-C <path>] [-c <name>=<value>]\n           [--exec-path[=<path>]] [--html-path] [--man-path] [--info-path]\n           [-p | --paginate | -P | --no-pager] [--no-replace-objects] [--bare]\n           [--git-dir=<path>] [--work-tree=<path>] [--namespace=<name>]\n           [--config-env=<name>=<envvar>] <command> [<args>]\n\nThese are common Git commands used in various situations:\n\nstart a working area (see also: git help tutorial)\n   clone     Clone a repository into a new directory\n   init      Create an empty Git repository or reinitialize an existing one\n\nwork on the current change (see also: git help everyday)\n   add       Add file contents to the index\n   mv        Move or rename a file, a directory, or a symlink\n   restore   Restore working tree files\n   rm        Remove files from the working tree and from the index\n\nexamine the history and state (see also: git help revisions)\n   bisect    Use binary search to find the commit that introduced a bug\n   diff      Show changes between commits, commit and working tree, etc\n   grep      Print lines matching a pattern\n   log       Show commit logs\n   show      Show various types of objects\n   status    Show the working tree status\n\ngrow, mark and tweak your common history\n   branch    List, create, or delete branches\n   commit    Record changes to the repository\n   merge     Join two or more development histories together\n   rebase    Reapply commits on top of another base tip\n   reset     Reset current HEAD to the specified state\n   switch    Switch branches\n   tag       Create, list, delete or verify a tag object signed with GPG\n\ncollaborate (see also: git help workflows)\n   fetch     Download objects and refs from another repository\n   pull      Fetch from and integrate with another repository or a local branch\n   push      Update remote refs along with associated objects\n\n'git help -a' and 'git help -g' list available subcommands and some\nconcept guides. See 'git help <command>' or 'git help <concept>'\nto read about a specific subcommand or concept.\nSee 'git help git' for an overview of the system.\n""
[0m00:04:36.319380 [debug] [MainThread]: STDERR: "b''"
[0m00:04:36.320044 [info ] [MainThread]:  - git [[32mOK found[0m]

[0m00:04:36.320816 [info ] [MainThread]: Connection:
[0m00:04:36.321613 [info ] [MainThread]:   method: service-account
[0m00:04:36.322268 [info ] [MainThread]:   database: my-project-travaux-angers
[0m00:04:36.322850 [info ] [MainThread]:   execution_project: my-project-travaux-angers
[0m00:04:36.323428 [info ] [MainThread]:   schema: travaux_angers
[0m00:04:36.323970 [info ] [MainThread]:   location: US
[0m00:04:36.324578 [info ] [MainThread]:   priority: interactive
[0m00:04:36.325159 [info ] [MainThread]:   maximum_bytes_billed: None
[0m00:04:36.325706 [info ] [MainThread]:   impersonate_service_account: None
[0m00:04:36.326319 [info ] [MainThread]:   job_retry_deadline_seconds: None
[0m00:04:36.326922 [info ] [MainThread]:   job_retries: 1
[0m00:04:36.327505 [info ] [MainThread]:   job_creation_timeout_seconds: None
[0m00:04:36.328125 [info ] [MainThread]:   job_execution_timeout_seconds: 300
[0m00:04:36.328816 [info ] [MainThread]:   timeout_seconds: 300
[0m00:04:36.329446 [info ] [MainThread]:   client_id: None
[0m00:04:36.332628 [info ] [MainThread]:   token_uri: None
[0m00:04:36.333458 [info ] [MainThread]:   compute_region: None
[0m00:04:36.334377 [info ] [MainThread]:   dataproc_cluster_name: None
[0m00:04:36.335649 [info ] [MainThread]:   gcs_bucket: None
[0m00:04:36.336342 [info ] [MainThread]:   dataproc_batch: None
[0m00:04:36.337682 [info ] [MainThread]: Registered adapter: bigquery=1.10.1
[0m00:04:36.641223 [debug] [MainThread]: Acquiring new bigquery connection 'debug'
[0m00:04:36.642344 [debug] [MainThread]: On debug: select 1 as id
[0m00:04:36.643515 [debug] [MainThread]: Opening a new connection, currently in state init
[0m00:04:36.644430 [debug] [MainThread]: BigQuery adapter: Got an error when attempting to create a bigquery " "client: '[Errno 2] No such file or directory: '\\\\wsl.localhost\\Ubuntu\\usr\\ELT_Travaux_Angers\\credentiels\\mon_compte_de_service.json''
[0m00:04:36.645238 [debug] [MainThread]: BigQuery adapter: Unhandled error while running:
select 1 as id
[0m00:04:36.646118 [debug] [MainThread]: BigQuery adapter: Database Error
  [Errno 2] No such file or directory: '\\\\wsl.localhost\\Ubuntu\\usr\\ELT_Travaux_Angers\\credentiels\\mon_compte_de_service.json'
[0m00:04:36.646728 [info ] [MainThread]:   Connection test: [[31mERROR[0m]

[0m00:04:36.647479 [info ] [MainThread]: [31m1 check failed:[0m
[0m00:04:36.648662 [info ] [MainThread]: dbt was unable to connect to the specified database.
The database returned the following error:

  >'NoneType' object has no attribute 'close'

Check your database credentials and try again. For more information, visit:
https://docs.getdbt.com/docs/configure-your-profile


[0m00:04:36.651081 [debug] [MainThread]: Resource report: {"command_name": "debug", "command_success": false, "command_wall_clock_time": 6.0754614, "process_in_blocks": "72", "process_kernel_time": 0.494784, "process_mem_max_rss": "391176", "process_out_blocks": "24", "process_user_time": 9.612954}
[0m00:04:36.653740 [debug] [MainThread]: Command `dbt debug` failed at 00:04:36.653316 after 6.08 seconds
[0m00:04:36.654601 [debug] [MainThread]: Sending event: {'category': 'dbt', 'action': 'invocation', 'label': 'end', 'context': [<snowplow_tracker.self_describing_json.SelfDescribingJson object at 0x7f5423fed3d0>, <snowplow_tracker.self_describing_json.SelfDescribingJson object at 0x7f5423fcbd10>, <snowplow_tracker.self_describing_json.SelfDescribingJson object at 0x7f54581820f0>]}
[0m00:04:36.655392 [debug] [MainThread]: Flushing usage events
[0m00:04:37.089830 [debug] [MainThread]: An error was encountered while trying to flush usage events
[0m00:06:10.460144 [debug] [MainThread]: Sending event: {'category': 'dbt', 'action': 'invocation', 'label': 'start', 'context': [<snowplow_tracker.self_describing_json.SelfDescribingJson object at 0x7fafb9bf31a0>, <snowplow_tracker.self_describing_json.SelfDescribingJson object at 0x7fafb95a5280>, <snowplow_tracker.self_describing_json.SelfDescribingJson object at 0x7fafb9c3a2a0>]}


============================== 00:06:10.467981 | 1a0dc04a-38e8-4674-937b-4c83025635e9 ==============================
[0m00:06:10.467981 [info ] [MainThread]: Running with dbt=1.10.7
[0m00:06:10.469199 [debug] [MainThread]: running dbt with arguments {'printer_width': '80', 'indirect_selection': 'eager', 'log_cache_events': 'False', 'write_json': 'True', 'partial_parse': 'True', 'cache_selected_only': 'False', 'warn_error': 'None', 'debug': 'False', 'profiles_dir': '/usr/ELT_Travaux_Angers/dbt', 'log_path': '/usr/ELT_Travaux_Angers/dbt/logs', 'fail_fast': 'False', 'version_check': 'True', 'use_colors': 'True', 'use_experimental_parser': 'False', 'no_print': 'None', 'quiet': 'False', 'empty': 'None', 'log_format': 'default', 'introspect': 'True', 'static_parser': 'True', 'warn_error_options': 'WarnErrorOptionsV2(error=[], warn=[], silence=[])', 'target_path': 'None', 'invocation_command': 'dbt debug', 'send_anonymous_usage_stats': 'True'}
[0m00:06:10.488633 [info ] [MainThread]: dbt version: 1.10.7
[0m00:06:10.489926 [info ] [MainThread]: python version: 3.12.6
[0m00:06:10.490761 [info ] [MainThread]: python path: /usr/ELT_Travaux_Angers/.env/bin/python3
[0m00:06:10.491499 [info ] [MainThread]: os info: Linux-5.15.167.4-microsoft-standard-WSL2-x86_64-with-glibc2.39
[0m00:06:16.857060 [info ] [MainThread]: Using profiles dir at /usr/ELT_Travaux_Angers/dbt
[0m00:06:16.859151 [info ] [MainThread]: Using profiles.yml file at /usr/ELT_Travaux_Angers/dbt/profiles.yml
[0m00:06:16.859964 [info ] [MainThread]: Using dbt_project.yml file at /usr/ELT_Travaux_Angers/dbt/dbt_project.yml
[0m00:06:17.088419 [info ] [MainThread]: Configuration:
[0m00:06:17.089545 [info ] [MainThread]:   profiles.yml file [[31mERROR invalid[0m]
[0m00:06:17.090279 [info ] [MainThread]:   dbt_project.yml file [[32mOK found and valid[0m]
[0m00:06:17.090917 [info ] [MainThread]: Required dependencies:
[0m00:06:17.092683 [debug] [MainThread]: Executing "git --help"
[0m00:06:17.097859 [debug] [MainThread]: STDOUT: "b"usage: git [-v | --version] [-h | --help] [-C <path>] [-c <name>=<value>]\n           [--exec-path[=<path>]] [--html-path] [--man-path] [--info-path]\n           [-p | --paginate | -P | --no-pager] [--no-replace-objects] [--bare]\n           [--git-dir=<path>] [--work-tree=<path>] [--namespace=<name>]\n           [--config-env=<name>=<envvar>] <command> [<args>]\n\nThese are common Git commands used in various situations:\n\nstart a working area (see also: git help tutorial)\n   clone     Clone a repository into a new directory\n   init      Create an empty Git repository or reinitialize an existing one\n\nwork on the current change (see also: git help everyday)\n   add       Add file contents to the index\n   mv        Move or rename a file, a directory, or a symlink\n   restore   Restore working tree files\n   rm        Remove files from the working tree and from the index\n\nexamine the history and state (see also: git help revisions)\n   bisect    Use binary search to find the commit that introduced a bug\n   diff      Show changes between commits, commit and working tree, etc\n   grep      Print lines matching a pattern\n   log       Show commit logs\n   show      Show various types of objects\n   status    Show the working tree status\n\ngrow, mark and tweak your common history\n   branch    List, create, or delete branches\n   commit    Record changes to the repository\n   merge     Join two or more development histories together\n   rebase    Reapply commits on top of another base tip\n   reset     Reset current HEAD to the specified state\n   switch    Switch branches\n   tag       Create, list, delete or verify a tag object signed with GPG\n\ncollaborate (see also: git help workflows)\n   fetch     Download objects and refs from another repository\n   pull      Fetch from and integrate with another repository or a local branch\n   push      Update remote refs along with associated objects\n\n'git help -a' and 'git help -g' list available subcommands and some\nconcept guides. See 'git help <command>' or 'git help <concept>'\nto read about a specific subcommand or concept.\nSee 'git help git' for an overview of the system.\n""
[0m00:06:17.099325 [debug] [MainThread]: STDERR: "b''"
[0m00:06:17.100062 [info ] [MainThread]:  - git [[32mOK found[0m]

[0m00:06:17.100722 [info ] [MainThread]: Connection test skipped since no profile was found
[0m00:06:17.101440 [info ] [MainThread]: [31m1 check failed:[0m
[0m00:06:17.102123 [info ] [MainThread]: Profile loading failed for the following reason:
Runtime Error
  Credentials in profile "travaux_angers", target "dev" invalid: Runtime Error
    Got duplicate keys: (timeout_seconds) all map to "job_execution_timeout_seconds"


[0m00:06:17.104441 [debug] [MainThread]: Resource report: {"command_name": "debug", "command_success": false, "command_wall_clock_time": 6.788877, "process_in_blocks": "0", "process_kernel_time": 1.10592, "process_mem_max_rss": "389552", "process_out_blocks": "16", "process_user_time": 10.19458}
[0m00:06:17.105644 [debug] [MainThread]: Command `dbt debug` failed at 00:06:17.105405 after 6.79 seconds
[0m00:06:17.106231 [debug] [MainThread]: Sending event: {'category': 'dbt', 'action': 'invocation', 'label': 'end', 'context': [<snowplow_tracker.self_describing_json.SelfDescribingJson object at 0x7fafb9b02930>, <snowplow_tracker.self_describing_json.SelfDescribingJson object at 0x7faf852601a0>, <snowplow_tracker.self_describing_json.SelfDescribingJson object at 0x7faf85d33800>]}
[0m00:06:17.106860 [debug] [MainThread]: Flushing usage events
[0m00:06:17.552656 [debug] [MainThread]: An error was encountered while trying to flush usage events
[0m00:07:50.473699 [debug] [MainThread]: Sending event: {'category': 'dbt', 'action': 'invocation', 'label': 'start', 'context': [<snowplow_tracker.self_describing_json.SelfDescribingJson object at 0x7f3800fc38f0>, <snowplow_tracker.self_describing_json.SelfDescribingJson object at 0x7f37ff40a3f0>, <snowplow_tracker.self_describing_json.SelfDescribingJson object at 0x7f37feb8db80>]}


============================== 00:07:50.481522 | 2d445f31-8c17-4240-9d6c-13439d47cdae ==============================
[0m00:07:50.481522 [info ] [MainThread]: Running with dbt=1.10.7
[0m00:07:50.482420 [debug] [MainThread]: running dbt with arguments {'printer_width': '80', 'indirect_selection': 'eager', 'log_cache_events': 'False', 'write_json': 'True', 'partial_parse': 'True', 'cache_selected_only': 'False', 'warn_error': 'None', 'version_check': 'True', 'fail_fast': 'False', 'log_path': '/usr/ELT_Travaux_Angers/dbt/logs', 'debug': 'False', 'profiles_dir': '/usr/ELT_Travaux_Angers/dbt', 'use_colors': 'True', 'use_experimental_parser': 'False', 'empty': 'None', 'quiet': 'False', 'no_print': 'None', 'log_format': 'default', 'introspect': 'True', 'static_parser': 'True', 'warn_error_options': 'WarnErrorOptionsV2(error=[], warn=[], silence=[])', 'target_path': 'None', 'invocation_command': 'dbt debug', 'send_anonymous_usage_stats': 'True'}
[0m00:07:50.507786 [info ] [MainThread]: dbt version: 1.10.7
[0m00:07:50.508631 [info ] [MainThread]: python version: 3.12.6
[0m00:07:50.509705 [info ] [MainThread]: python path: /usr/ELT_Travaux_Angers/.env/bin/python3
[0m00:07:50.510367 [info ] [MainThread]: os info: Linux-5.15.167.4-microsoft-standard-WSL2-x86_64-with-glibc2.39
[0m00:07:59.145558 [info ] [MainThread]: Using profiles dir at /usr/ELT_Travaux_Angers/dbt
[0m00:07:59.146905 [info ] [MainThread]: Using profiles.yml file at /usr/ELT_Travaux_Angers/dbt/profiles.yml
[0m00:07:59.148588 [info ] [MainThread]: Using dbt_project.yml file at /usr/ELT_Travaux_Angers/dbt/dbt_project.yml
[0m00:07:59.149373 [info ] [MainThread]: adapter type: bigquery
[0m00:07:59.150146 [info ] [MainThread]: adapter version: 1.10.1
[0m00:07:59.413871 [info ] [MainThread]: Configuration:
[0m00:07:59.414821 [info ] [MainThread]:   profiles.yml file [[32mOK found and valid[0m]
[0m00:07:59.415790 [info ] [MainThread]:   dbt_project.yml file [[32mOK found and valid[0m]
[0m00:07:59.416579 [info ] [MainThread]: Required dependencies:
[0m00:07:59.417387 [debug] [MainThread]: Executing "git --help"
[0m00:07:59.422469 [debug] [MainThread]: STDOUT: "b"usage: git [-v | --version] [-h | --help] [-C <path>] [-c <name>=<value>]\n           [--exec-path[=<path>]] [--html-path] [--man-path] [--info-path]\n           [-p | --paginate | -P | --no-pager] [--no-replace-objects] [--bare]\n           [--git-dir=<path>] [--work-tree=<path>] [--namespace=<name>]\n           [--config-env=<name>=<envvar>] <command> [<args>]\n\nThese are common Git commands used in various situations:\n\nstart a working area (see also: git help tutorial)\n   clone     Clone a repository into a new directory\n   init      Create an empty Git repository or reinitialize an existing one\n\nwork on the current change (see also: git help everyday)\n   add       Add file contents to the index\n   mv        Move or rename a file, a directory, or a symlink\n   restore   Restore working tree files\n   rm        Remove files from the working tree and from the index\n\nexamine the history and state (see also: git help revisions)\n   bisect    Use binary search to find the commit that introduced a bug\n   diff      Show changes between commits, commit and working tree, etc\n   grep      Print lines matching a pattern\n   log       Show commit logs\n   show      Show various types of objects\n   status    Show the working tree status\n\ngrow, mark and tweak your common history\n   branch    List, create, or delete branches\n   commit    Record changes to the repository\n   merge     Join two or more development histories together\n   rebase    Reapply commits on top of another base tip\n   reset     Reset current HEAD to the specified state\n   switch    Switch branches\n   tag       Create, list, delete or verify a tag object signed with GPG\n\ncollaborate (see also: git help workflows)\n   fetch     Download objects and refs from another repository\n   pull      Fetch from and integrate with another repository or a local branch\n   push      Update remote refs along with associated objects\n\n'git help -a' and 'git help -g' list available subcommands and some\nconcept guides. See 'git help <command>' or 'git help <concept>'\nto read about a specific subcommand or concept.\nSee 'git help git' for an overview of the system.\n""
[0m00:07:59.423733 [debug] [MainThread]: STDERR: "b''"
[0m00:07:59.424440 [info ] [MainThread]:  - git [[32mOK found[0m]

[0m00:07:59.425201 [info ] [MainThread]: Connection:
[0m00:07:59.427735 [info ] [MainThread]:   method: service-account
[0m00:07:59.429613 [info ] [MainThread]:   database: my-project-travaux-angers
[0m00:07:59.430465 [info ] [MainThread]:   execution_project: my-project-travaux-angers
[0m00:07:59.431259 [info ] [MainThread]:   schema: travaux_angers
[0m00:07:59.431985 [info ] [MainThread]:   location: US
[0m00:07:59.432733 [info ] [MainThread]:   priority: interactive
[0m00:07:59.433476 [info ] [MainThread]:   maximum_bytes_billed: None
[0m00:07:59.434218 [info ] [MainThread]:   impersonate_service_account: None
[0m00:07:59.434915 [info ] [MainThread]:   job_retry_deadline_seconds: None
[0m00:07:59.435552 [info ] [MainThread]:   job_retries: 1
[0m00:07:59.437417 [info ] [MainThread]:   job_creation_timeout_seconds: None
[0m00:07:59.438361 [info ] [MainThread]:   job_execution_timeout_seconds: 300
[0m00:07:59.439403 [info ] [MainThread]:   timeout_seconds: 300
[0m00:07:59.441114 [info ] [MainThread]:   client_id: None
[0m00:07:59.444210 [info ] [MainThread]:   token_uri: None
[0m00:07:59.445474 [info ] [MainThread]:   compute_region: None
[0m00:07:59.446637 [info ] [MainThread]:   dataproc_cluster_name: None
[0m00:07:59.447383 [info ] [MainThread]:   gcs_bucket: None
[0m00:07:59.448123 [info ] [MainThread]:   dataproc_batch: None
[0m00:07:59.449241 [info ] [MainThread]: Registered adapter: bigquery=1.10.1
[0m00:07:59.711609 [debug] [MainThread]: Acquiring new bigquery connection 'debug'
[0m00:07:59.712382 [debug] [MainThread]: On debug: select 1 as id
[0m00:07:59.712829 [debug] [MainThread]: Opening a new connection, currently in state init
[0m00:08:01.404581 [debug] [MainThread]: BigQuery adapter: https://console.cloud.google.com/bigquery?project=my-project-travaux-angers&j=bq:US:4fc12091-2d0c-478c-bce3-a72688bc6480&page=queryresults
[0m00:08:02.259222 [info ] [MainThread]:   Connection test: [[32mOK connection ok[0m]

[0m00:08:02.260599 [info ] [MainThread]: [32mAll checks passed![0m
[0m00:08:02.273271 [debug] [MainThread]: Resource report: {"command_name": "debug", "command_success": true, "command_wall_clock_time": 11.894063, "process_in_blocks": "320", "process_kernel_time": 3.270749, "process_mem_max_rss": "396700", "process_out_blocks": "16", "process_user_time": 11.493475}
[0m00:08:02.275240 [debug] [MainThread]: Command `dbt debug` succeeded at 00:08:02.274857 after 11.91 seconds
[0m00:08:02.276209 [debug] [MainThread]: Connection 'debug' was properly closed.
[0m00:08:02.277137 [debug] [MainThread]: Sending event: {'category': 'dbt', 'action': 'invocation', 'label': 'end', 'context': [<snowplow_tracker.self_describing_json.SelfDescribingJson object at 0x7f3800fc38f0>, <snowplow_tracker.self_describing_json.SelfDescribingJson object at 0x7f37ca2d5b50>, <snowplow_tracker.self_describing_json.SelfDescribingJson object at 0x7f37fe5ed220>]}
[0m00:08:02.278145 [debug] [MainThread]: Flushing usage events
[0m00:08:02.698706 [debug] [MainThread]: An error was encountered while trying to flush usage events
[0m00:11:11.609234 [debug] [MainThread]: Sending event: {'category': 'dbt', 'action': 'invocation', 'label': 'start', 'context': [<snowplow_tracker.self_describing_json.SelfDescribingJson object at 0x7fd90186d2e0>, <snowplow_tracker.self_describing_json.SelfDescribingJson object at 0x7fd901311070>, <snowplow_tracker.self_describing_json.SelfDescribingJson object at 0x7fd90186d4f0>]}


============================== 00:11:11.618170 | a9da965c-8d7f-4f80-a8cb-6e9b5b0efd82 ==============================
[0m00:11:11.618170 [info ] [MainThread]: Running with dbt=1.10.7
[0m00:11:11.621206 [debug] [MainThread]: running dbt with arguments {'printer_width': '80', 'indirect_selection': 'eager', 'log_cache_events': 'False', 'write_json': 'True', 'partial_parse': 'True', 'cache_selected_only': 'False', 'warn_error': 'None', 'version_check': 'True', 'profiles_dir': '/usr/ELT_Travaux_Angers/dbt', 'log_path': '/usr/ELT_Travaux_Angers/dbt/logs', 'fail_fast': 'False', 'debug': 'False', 'use_colors': 'True', 'use_experimental_parser': 'False', 'empty': 'False', 'quiet': 'False', 'no_print': 'None', 'warn_error_options': 'WarnErrorOptionsV2(error=[], warn=[], silence=[])', 'invocation_command': 'dbt run', 'introspect': 'True', 'log_format': 'default', 'target_path': 'None', 'static_parser': 'True', 'send_anonymous_usage_stats': 'True'}
[0m00:11:18.218344 [debug] [MainThread]: Sending event: {'category': 'dbt', 'action': 'project_id', 'label': 'a9da965c-8d7f-4f80-a8cb-6e9b5b0efd82', 'context': [<snowplow_tracker.self_describing_json.SelfDescribingJson object at 0x7fd901f7d3d0>]}
[0m00:11:18.322981 [debug] [MainThread]: Sending event: {'category': 'dbt', 'action': 'adapter_info', 'label': 'a9da965c-8d7f-4f80-a8cb-6e9b5b0efd82', 'context': [<snowplow_tracker.self_describing_json.SelfDescribingJson object at 0x7fd8cd5a9670>]}
[0m00:11:18.324598 [info ] [MainThread]: Registered adapter: bigquery=1.10.1
[0m00:11:18.573243 [debug] [MainThread]: checksum: 44f4b502e2ddc67beed4db71ce39b63f2d3b7fc0b96e49a69b096c8f6cc370bc, vars: {}, profile: , target: , version: 1.10.7
[0m00:11:18.574630 [info ] [MainThread]: Unable to do partial parsing because saved manifest not found. Starting full parse.
[0m00:11:18.575395 [debug] [MainThread]: Sending event: {'category': 'dbt', 'action': 'partial_parser', 'label': 'a9da965c-8d7f-4f80-a8cb-6e9b5b0efd82', 'context': [<snowplow_tracker.self_describing_json.SelfDescribingJson object at 0x7fd8cce949e0>]}
[0m00:11:20.454176 [error] [MainThread]: Encountered an error:
Compilation Error
  Model 'model.travaux_angers.src_travaux_angers' (models/bronze/src_travaux_angers.sql) depends on a source named 'travaux_angers.travaux_angers' which was not found
[0m00:11:20.456439 [debug] [MainThread]: Resource report: {"command_name": "run", "command_success": false, "command_wall_clock_time": 9.061137, "process_in_blocks": "0", "process_kernel_time": 1.09834, "process_mem_max_rss": "394012", "process_out_blocks": "8", "process_user_time": 13.070252}
[0m00:11:20.457726 [debug] [MainThread]: Command `dbt run` failed at 00:11:20.457513 after 9.06 seconds
[0m00:11:20.458386 [debug] [MainThread]: Sending event: {'category': 'dbt', 'action': 'invocation', 'label': 'end', 'context': [<snowplow_tracker.self_describing_json.SelfDescribingJson object at 0x7fd902c81e20>, <snowplow_tracker.self_describing_json.SelfDescribingJson object at 0x7fd8cfe1b740>, <snowplow_tracker.self_describing_json.SelfDescribingJson object at 0x7fd8cc8d8860>]}
[0m00:11:20.458879 [debug] [MainThread]: Flushing usage events
[0m00:11:20.905653 [debug] [MainThread]: An error was encountered while trying to flush usage events
[0m00:15:02.690417 [debug] [MainThread]: Sending event: {'category': 'dbt', 'action': 'invocation', 'label': 'start', 'context': [<snowplow_tracker.self_describing_json.SelfDescribingJson object at 0x7fc5e1bdd1f0>, <snowplow_tracker.self_describing_json.SelfDescribingJson object at 0x7fc5e1e76270>, <snowplow_tracker.self_describing_json.SelfDescribingJson object at 0x7fc5e207d370>]}


============================== 00:15:02.695217 | c6ed2a71-b482-45c4-a334-9a63e87925d1 ==============================
[0m00:15:02.695217 [info ] [MainThread]: Running with dbt=1.10.7
[0m00:15:02.696149 [debug] [MainThread]: running dbt with arguments {'printer_width': '80', 'indirect_selection': 'eager', 'write_json': 'True', 'log_cache_events': 'False', 'partial_parse': 'True', 'cache_selected_only': 'False', 'warn_error': 'None', 'fail_fast': 'False', 'debug': 'False', 'log_path': '/usr/ELT_Travaux_Angers/dbt/logs', 'version_check': 'True', 'profiles_dir': '/usr/ELT_Travaux_Angers/dbt', 'use_colors': 'True', 'use_experimental_parser': 'False', 'empty': 'None', 'quiet': 'False', 'no_print': 'None', 'log_format': 'default', 'static_parser': 'True', 'warn_error_options': 'WarnErrorOptionsV2(error=[], warn=[], silence=[])', 'invocation_command': 'dbt debug', 'target_path': 'None', 'introspect': 'True', 'send_anonymous_usage_stats': 'True'}
[0m00:15:02.711618 [info ] [MainThread]: dbt version: 1.10.7
[0m00:15:02.712284 [info ] [MainThread]: python version: 3.12.6
[0m00:15:02.712933 [info ] [MainThread]: python path: /usr/ELT_Travaux_Angers/.env/bin/python3
[0m00:15:02.713773 [info ] [MainThread]: os info: Linux-5.15.167.4-microsoft-standard-WSL2-x86_64-with-glibc2.39
[0m00:15:08.585827 [info ] [MainThread]: Using profiles dir at /usr/ELT_Travaux_Angers/dbt
[0m00:15:08.587211 [info ] [MainThread]: Using profiles.yml file at /usr/ELT_Travaux_Angers/dbt/profiles.yml
[0m00:15:08.587942 [info ] [MainThread]: Using dbt_project.yml file at /usr/ELT_Travaux_Angers/dbt/dbt_project.yml
[0m00:15:08.588551 [info ] [MainThread]: adapter type: bigquery
[0m00:15:08.588988 [info ] [MainThread]: adapter version: 1.10.1
[0m00:15:08.811512 [info ] [MainThread]: Configuration:
[0m00:15:08.812674 [info ] [MainThread]:   profiles.yml file [[32mOK found and valid[0m]
[0m00:15:08.813539 [info ] [MainThread]:   dbt_project.yml file [[32mOK found and valid[0m]
[0m00:15:08.814557 [info ] [MainThread]: Required dependencies:
[0m00:15:08.815311 [debug] [MainThread]: Executing "git --help"
[0m00:15:08.818889 [debug] [MainThread]: STDOUT: "b"usage: git [-v | --version] [-h | --help] [-C <path>] [-c <name>=<value>]\n           [--exec-path[=<path>]] [--html-path] [--man-path] [--info-path]\n           [-p | --paginate | -P | --no-pager] [--no-replace-objects] [--bare]\n           [--git-dir=<path>] [--work-tree=<path>] [--namespace=<name>]\n           [--config-env=<name>=<envvar>] <command> [<args>]\n\nThese are common Git commands used in various situations:\n\nstart a working area (see also: git help tutorial)\n   clone     Clone a repository into a new directory\n   init      Create an empty Git repository or reinitialize an existing one\n\nwork on the current change (see also: git help everyday)\n   add       Add file contents to the index\n   mv        Move or rename a file, a directory, or a symlink\n   restore   Restore working tree files\n   rm        Remove files from the working tree and from the index\n\nexamine the history and state (see also: git help revisions)\n   bisect    Use binary search to find the commit that introduced a bug\n   diff      Show changes between commits, commit and working tree, etc\n   grep      Print lines matching a pattern\n   log       Show commit logs\n   show      Show various types of objects\n   status    Show the working tree status\n\ngrow, mark and tweak your common history\n   branch    List, create, or delete branches\n   commit    Record changes to the repository\n   merge     Join two or more development histories together\n   rebase    Reapply commits on top of another base tip\n   reset     Reset current HEAD to the specified state\n   switch    Switch branches\n   tag       Create, list, delete or verify a tag object signed with GPG\n\ncollaborate (see also: git help workflows)\n   fetch     Download objects and refs from another repository\n   pull      Fetch from and integrate with another repository or a local branch\n   push      Update remote refs along with associated objects\n\n'git help -a' and 'git help -g' list available subcommands and some\nconcept guides. See 'git help <command>' or 'git help <concept>'\nto read about a specific subcommand or concept.\nSee 'git help git' for an overview of the system.\n""
[0m00:15:08.820015 [debug] [MainThread]: STDERR: "b''"
[0m00:15:08.820559 [info ] [MainThread]:  - git [[32mOK found[0m]

[0m00:15:08.821464 [info ] [MainThread]: Connection:
[0m00:15:08.822722 [info ] [MainThread]:   method: service-account
[0m00:15:08.823560 [info ] [MainThread]:   database: my-project-travaux-angers
[0m00:15:08.824277 [info ] [MainThread]:   execution_project: my-project-travaux-angers
[0m00:15:08.824922 [info ] [MainThread]:   schema: travaux_angers
[0m00:15:08.825688 [info ] [MainThread]:   location: US
[0m00:15:08.826320 [info ] [MainThread]:   priority: interactive
[0m00:15:08.826909 [info ] [MainThread]:   maximum_bytes_billed: None
[0m00:15:08.827564 [info ] [MainThread]:   impersonate_service_account: None
[0m00:15:08.828192 [info ] [MainThread]:   job_retry_deadline_seconds: None
[0m00:15:08.829071 [info ] [MainThread]:   job_retries: 1
[0m00:15:08.830003 [info ] [MainThread]:   job_creation_timeout_seconds: None
[0m00:15:08.830811 [info ] [MainThread]:   job_execution_timeout_seconds: 300
[0m00:15:08.831503 [info ] [MainThread]:   timeout_seconds: 300
[0m00:15:08.832243 [info ] [MainThread]:   client_id: None
[0m00:15:08.832965 [info ] [MainThread]:   token_uri: None
[0m00:15:08.833705 [info ] [MainThread]:   compute_region: None
[0m00:15:08.834360 [info ] [MainThread]:   dataproc_cluster_name: None
[0m00:15:08.835113 [info ] [MainThread]:   gcs_bucket: None
[0m00:15:08.835779 [info ] [MainThread]:   dataproc_batch: None
[0m00:15:08.836922 [info ] [MainThread]: Registered adapter: bigquery=1.10.1
[0m00:15:09.100660 [debug] [MainThread]: Acquiring new bigquery connection 'debug'
[0m00:15:09.101523 [debug] [MainThread]: On debug: select 1 as id
[0m00:15:09.102156 [debug] [MainThread]: Opening a new connection, currently in state init
[0m00:15:10.169738 [debug] [MainThread]: BigQuery adapter: https://console.cloud.google.com/bigquery?project=my-project-travaux-angers&j=bq:US:e77b0444-2ae6-4bc7-93b7-222ba6a14f8c&page=queryresults
[0m00:15:10.823462 [info ] [MainThread]:   Connection test: [[32mOK connection ok[0m]

[0m00:15:10.824312 [info ] [MainThread]: [32mAll checks passed![0m
[0m00:15:10.826022 [debug] [MainThread]: Resource report: {"command_name": "debug", "command_success": true, "command_wall_clock_time": 8.199108, "process_in_blocks": "0", "process_kernel_time": 0.754664, "process_mem_max_rss": "390824", "process_out_blocks": "24", "process_user_time": 10.045193}
[0m00:15:10.828105 [debug] [MainThread]: Command `dbt debug` succeeded at 00:15:10.826724 after 8.20 seconds
[0m00:15:10.829138 [debug] [MainThread]: Connection 'debug' was properly closed.
[0m00:15:10.829880 [debug] [MainThread]: Sending event: {'category': 'dbt', 'action': 'invocation', 'label': 'end', 'context': [<snowplow_tracker.self_describing_json.SelfDescribingJson object at 0x7fc5e1c185c0>, <snowplow_tracker.self_describing_json.SelfDescribingJson object at 0x7fc5ad223770>, <snowplow_tracker.self_describing_json.SelfDescribingJson object at 0x7fc5e1702f30>]}
[0m00:15:10.830809 [debug] [MainThread]: Flushing usage events
[0m00:15:11.254253 [debug] [MainThread]: An error was encountered while trying to flush usage events
[0m00:15:58.480357 [debug] [MainThread]: Sending event: {'category': 'dbt', 'action': 'invocation', 'label': 'start', 'context': [<snowplow_tracker.self_describing_json.SelfDescribingJson object at 0x7f0bd3799c70>, <snowplow_tracker.self_describing_json.SelfDescribingJson object at 0x7f0bd7166600>, <snowplow_tracker.self_describing_json.SelfDescribingJson object at 0x7f0bd2cf49b0>]}


============================== 00:15:58.485428 | 16aa9cf6-d335-4851-92cd-1999ca815039 ==============================
[0m00:15:58.485428 [info ] [MainThread]: Running with dbt=1.10.7
[0m00:15:58.486309 [debug] [MainThread]: running dbt with arguments {'printer_width': '80', 'indirect_selection': 'eager', 'write_json': 'True', 'log_cache_events': 'False', 'partial_parse': 'True', 'cache_selected_only': 'False', 'warn_error': 'None', 'version_check': 'True', 'profiles_dir': '/usr/ELT_Travaux_Angers/dbt', 'log_path': '/usr/ELT_Travaux_Angers/dbt/logs', 'debug': 'False', 'fail_fast': 'False', 'use_colors': 'True', 'use_experimental_parser': 'False', 'no_print': 'None', 'quiet': 'False', 'empty': 'None', 'log_format': 'default', 'static_parser': 'True', 'invocation_command': 'dbt deps', 'warn_error_options': 'WarnErrorOptionsV2(error=[], warn=[], silence=[])', 'target_path': 'None', 'introspect': 'True', 'send_anonymous_usage_stats': 'True'}
[0m00:15:58.695352 [debug] [MainThread]: Sending event: {'category': 'dbt', 'action': 'project_id', 'label': '16aa9cf6-d335-4851-92cd-1999ca815039', 'context': [<snowplow_tracker.self_describing_json.SelfDescribingJson object at 0x7f0bd2c83110>]}
[0m00:15:58.734858 [debug] [MainThread]: Set downloads directory='/tmp/dbt-downloads-aiyxdeip'
[0m00:15:58.735766 [debug] [MainThread]: Making package index registry request: GET https://hub.getdbt.com/api/v1/index.json
[0m00:15:58.829299 [debug] [MainThread]: Response from registry index: GET https://hub.getdbt.com/api/v1/index.json 200
[0m00:15:58.830683 [debug] [MainThread]: Making package registry request: GET https://hub.getdbt.com/api/v1/dbt-labs/dbt_utils.json
[0m00:15:58.878629 [debug] [MainThread]: Response from registry: GET https://hub.getdbt.com/api/v1/dbt-labs/dbt_utils.json 200
[0m00:15:58.899762 [info ] [MainThread]: Updating lock file in file path: /usr/ELT_Travaux_Angers/dbt/package-lock.yml
[0m00:15:58.905425 [debug] [MainThread]: Set downloads directory='/tmp/dbt-downloads-_zf9n3em'
[0m00:15:58.909984 [info ] [MainThread]: Installing dbt-labs/dbt_utils
[0m00:15:59.405631 [info ] [MainThread]: Installed from version 1.1.1
[0m00:15:59.408568 [info ] [MainThread]: Updated version available: 1.3.0
[0m00:15:59.409651 [debug] [MainThread]: Sending event: {'category': 'dbt', 'action': 'package', 'label': '16aa9cf6-d335-4851-92cd-1999ca815039', 'property_': 'install', 'context': [<snowplow_tracker.self_describing_json.SelfDescribingJson object at 0x7f0bd2cc3530>, <snowplow_tracker.self_describing_json.SelfDescribingJson object at 0x7f0bd2cc2c60>]}
[0m00:15:59.410501 [info ] [MainThread]: 
[0m00:15:59.411271 [info ] [MainThread]: Updates available for packages: ['dbt-labs/dbt_utils']                 
Update your versions in packages.yml, then run dbt deps
[0m00:15:59.413759 [debug] [MainThread]: Resource report: {"command_name": "deps", "command_success": true, "command_wall_clock_time": 1.0289592, "process_in_blocks": "168", "process_kernel_time": 0.411673, "process_mem_max_rss": "106440", "process_out_blocks": "2240", "process_user_time": 3.283347}
[0m00:15:59.414537 [debug] [MainThread]: Command `dbt deps` succeeded at 00:15:59.414380 after 1.03 seconds
[0m00:15:59.415043 [debug] [MainThread]: Sending event: {'category': 'dbt', 'action': 'invocation', 'label': 'end', 'context': [<snowplow_tracker.self_describing_json.SelfDescribingJson object at 0x7f0bd33ad430>, <snowplow_tracker.self_describing_json.SelfDescribingJson object at 0x7f0bd33ad280>, <snowplow_tracker.self_describing_json.SelfDescribingJson object at 0x7f0bd3101b80>]}
[0m00:15:59.415619 [debug] [MainThread]: Flushing usage events
[0m00:15:59.829407 [debug] [MainThread]: An error was encountered while trying to flush usage events
[0m00:16:19.816111 [debug] [MainThread]: Sending event: {'category': 'dbt', 'action': 'invocation', 'label': 'start', 'context': [<snowplow_tracker.self_describing_json.SelfDescribingJson object at 0x7fc86cc1c3e0>, <snowplow_tracker.self_describing_json.SelfDescribingJson object at 0x7fc86c09d730>, <snowplow_tracker.self_describing_json.SelfDescribingJson object at 0x7fc86c7f28d0>]}


============================== 00:16:19.822374 | 681774ef-64ce-432a-a132-f517c02a4393 ==============================
[0m00:16:19.822374 [info ] [MainThread]: Running with dbt=1.10.7
[0m00:16:19.823629 [debug] [MainThread]: running dbt with arguments {'printer_width': '80', 'indirect_selection': 'eager', 'write_json': 'True', 'log_cache_events': 'False', 'partial_parse': 'True', 'cache_selected_only': 'False', 'warn_error': 'None', 'debug': 'False', 'version_check': 'True', 'log_path': '/usr/ELT_Travaux_Angers/dbt/logs', 'fail_fast': 'False', 'profiles_dir': '/usr/ELT_Travaux_Angers/dbt', 'use_colors': 'True', 'use_experimental_parser': 'False', 'empty': 'None', 'quiet': 'False', 'no_print': 'None', 'warn_error_options': 'WarnErrorOptionsV2(error=[], warn=[], silence=[])', 'invocation_command': 'dbt test', 'static_parser': 'True', 'introspect': 'True', 'target_path': 'None', 'log_format': 'default', 'send_anonymous_usage_stats': 'True'}
[0m00:16:25.345359 [debug] [MainThread]: Sending event: {'category': 'dbt', 'action': 'project_id', 'label': '681774ef-64ce-432a-a132-f517c02a4393', 'context': [<snowplow_tracker.self_describing_json.SelfDescribingJson object at 0x7fc83784e0f0>]}
[0m00:16:25.466287 [debug] [MainThread]: Sending event: {'category': 'dbt', 'action': 'adapter_info', 'label': '681774ef-64ce-432a-a132-f517c02a4393', 'context': [<snowplow_tracker.self_describing_json.SelfDescribingJson object at 0x7fc8378b72f0>]}
[0m00:16:25.467433 [info ] [MainThread]: Registered adapter: bigquery=1.10.1
[0m00:16:25.742503 [debug] [MainThread]: checksum: 44f4b502e2ddc67beed4db71ce39b63f2d3b7fc0b96e49a69b096c8f6cc370bc, vars: {}, profile: , target: , version: 1.10.7
[0m00:16:25.744076 [info ] [MainThread]: Unable to do partial parsing because saved manifest not found. Starting full parse.
[0m00:16:25.744885 [debug] [MainThread]: Sending event: {'category': 'dbt', 'action': 'partial_parser', 'label': '681774ef-64ce-432a-a132-f517c02a4393', 'context': [<snowplow_tracker.self_describing_json.SelfDescribingJson object at 0x7fc8375535c0>]}
[0m00:16:28.561650 [error] [MainThread]: Encountered an error:
Compilation Error
  Model 'model.travaux_angers.src_travaux_angers' (models/bronze/src_travaux_angers.sql) depends on a source named 'travaux_angers.travaux_angers' which was not found
[0m00:16:28.565463 [debug] [MainThread]: Resource report: {"command_name": "test", "command_success": false, "command_wall_clock_time": 8.881131, "process_in_blocks": "16", "process_kernel_time": 0.814578, "process_mem_max_rss": "403784", "process_out_blocks": "8", "process_user_time": 12.258902}
[0m00:16:28.568398 [debug] [MainThread]: Command `dbt test` failed at 00:16:28.567980 after 8.88 seconds
[0m00:16:28.569500 [debug] [MainThread]: Sending event: {'category': 'dbt', 'action': 'invocation', 'label': 'end', 'context': [<snowplow_tracker.self_describing_json.SelfDescribingJson object at 0x7fc86cc1c3e0>, <snowplow_tracker.self_describing_json.SelfDescribingJson object at 0x7fc8372d51c0>, <snowplow_tracker.self_describing_json.SelfDescribingJson object at 0x7fc835714590>]}
[0m00:16:28.570387 [debug] [MainThread]: Flushing usage events
[0m00:16:28.974534 [debug] [MainThread]: An error was encountered while trying to flush usage events
[0m00:17:40.487777 [debug] [MainThread]: Sending event: {'category': 'dbt', 'action': 'invocation', 'label': 'start', 'context': [<snowplow_tracker.self_describing_json.SelfDescribingJson object at 0x7f16ce62bd70>, <snowplow_tracker.self_describing_json.SelfDescribingJson object at 0x7f16cbe35040>, <snowplow_tracker.self_describing_json.SelfDescribingJson object at 0x7f16cc90ec60>]}


============================== 00:17:40.493897 | 62950b7c-8540-4a69-affc-88cbfeddfed0 ==============================
[0m00:17:40.493897 [info ] [MainThread]: Running with dbt=1.10.7
[0m00:17:40.495047 [debug] [MainThread]: running dbt with arguments {'printer_width': '80', 'indirect_selection': 'eager', 'write_json': 'True', 'log_cache_events': 'False', 'partial_parse': 'True', 'cache_selected_only': 'False', 'profiles_dir': '/usr/ELT_Travaux_Angers/dbt', 'debug': 'False', 'version_check': 'True', 'log_path': '/usr/ELT_Travaux_Angers/dbt/logs', 'warn_error': 'None', 'fail_fast': 'False', 'use_colors': 'True', 'use_experimental_parser': 'False', 'no_print': 'None', 'quiet': 'False', 'empty': 'None', 'warn_error_options': 'WarnErrorOptionsV2(error=[], warn=[], silence=[])', 'static_parser': 'True', 'introspect': 'True', 'log_format': 'default', 'target_path': 'None', 'invocation_command': 'dbt test', 'send_anonymous_usage_stats': 'True'}
[0m00:17:45.966701 [debug] [MainThread]: Sending event: {'category': 'dbt', 'action': 'project_id', 'label': '62950b7c-8540-4a69-affc-88cbfeddfed0', 'context': [<snowplow_tracker.self_describing_json.SelfDescribingJson object at 0x7f16978b0a10>]}
[0m00:17:46.097638 [debug] [MainThread]: Sending event: {'category': 'dbt', 'action': 'adapter_info', 'label': '62950b7c-8540-4a69-affc-88cbfeddfed0', 'context': [<snowplow_tracker.self_describing_json.SelfDescribingJson object at 0x7f1697a90c50>]}
[0m00:17:46.101778 [info ] [MainThread]: Registered adapter: bigquery=1.10.1
[0m00:17:46.391146 [debug] [MainThread]: checksum: 44f4b502e2ddc67beed4db71ce39b63f2d3b7fc0b96e49a69b096c8f6cc370bc, vars: {}, profile: , target: , version: 1.10.7
[0m00:17:46.392675 [info ] [MainThread]: Unable to do partial parsing because saved manifest not found. Starting full parse.
[0m00:17:46.393408 [debug] [MainThread]: Sending event: {'category': 'dbt', 'action': 'partial_parser', 'label': '62950b7c-8540-4a69-affc-88cbfeddfed0', 'context': [<snowplow_tracker.self_describing_json.SelfDescribingJson object at 0x7f1697601010>]}
[0m00:17:49.612303 [debug] [MainThread]: Sending event: {'category': 'dbt', 'action': 'load_project', 'label': '62950b7c-8540-4a69-affc-88cbfeddfed0', 'context': [<snowplow_tracker.self_describing_json.SelfDescribingJson object at 0x7f169576b2c0>]}
[0m00:17:49.833867 [debug] [MainThread]: Wrote artifact WritableManifest to /usr/ELT_Travaux_Angers/dbt/target/manifest.json
[0m00:17:49.839540 [debug] [MainThread]: Wrote artifact SemanticManifest to /usr/ELT_Travaux_Angers/dbt/target/semantic_manifest.json
[0m00:17:49.925764 [debug] [MainThread]: Sending event: {'category': 'dbt', 'action': 'resource_counts', 'label': '62950b7c-8540-4a69-affc-88cbfeddfed0', 'context': [<snowplow_tracker.self_describing_json.SelfDescribingJson object at 0x7f1695762540>]}
[0m00:17:49.926564 [info ] [MainThread]: Found 4 models, 17 data tests, 1 source, 610 macros
[0m00:17:49.927265 [debug] [MainThread]: Sending event: {'category': 'dbt', 'action': 'runnable_timing', 'label': '62950b7c-8540-4a69-affc-88cbfeddfed0', 'context': [<snowplow_tracker.self_describing_json.SelfDescribingJson object at 0x7f16972bf020>]}
[0m00:17:49.933270 [info ] [MainThread]: 
[0m00:17:49.934372 [info ] [MainThread]: Concurrency: 1 threads (target='dev')
[0m00:17:49.935340 [info ] [MainThread]: 
[0m00:17:49.936566 [debug] [MainThread]: Acquiring new bigquery connection 'master'
[0m00:17:49.945967 [debug] [ThreadPool]: Acquiring new bigquery connection 'list_my-project-travaux-angers_travaux_angers_gold'
[0m00:17:49.947754 [debug] [ThreadPool]: Opening a new connection, currently in state init
[0m00:17:50.562373 [debug] [ThreadPool]: Re-using an available connection from the pool (formerly list_my-project-travaux-angers_travaux_angers_gold, now list_my-project-travaux-angers_travaux_angers_silver)
[0m00:17:50.563632 [debug] [ThreadPool]: Opening a new connection, currently in state closed
[0m00:17:51.209940 [debug] [ThreadPool]: Re-using an available connection from the pool (formerly list_my-project-travaux-angers_travaux_angers_silver, now list_my-project-travaux-angers_travaux_angers_bronze)
[0m00:17:51.211278 [debug] [ThreadPool]: Opening a new connection, currently in state closed
[0m00:17:51.798309 [debug] [MainThread]: Sending event: {'category': 'dbt', 'action': 'runnable_timing', 'label': '62950b7c-8540-4a69-affc-88cbfeddfed0', 'context': [<snowplow_tracker.self_describing_json.SelfDescribingJson object at 0x7f1695747260>]}
[0m00:17:51.799859 [debug] [MainThread]: Opening a new connection, currently in state init
[0m00:17:51.902308 [debug] [Thread-1 (]: Began running node test.travaux_angers.accepted_values_dim_travaux_details_impact_trafic__FORT__MOYEN__FAIBLE.7df9845a53
[0m00:17:51.903601 [info ] [Thread-1 (]: 1 of 17 START test accepted_values_dim_travaux_details_impact_trafic__FORT__MOYEN__FAIBLE  [RUN]
[0m00:17:51.905830 [debug] [Thread-1 (]: Re-using an available connection from the pool (formerly list_my-project-travaux-angers_travaux_angers_bronze, now test.travaux_angers.accepted_values_dim_travaux_details_impact_trafic__FORT__MOYEN__FAIBLE.7df9845a53)
[0m00:17:51.906948 [debug] [Thread-1 (]: Began compiling node test.travaux_angers.accepted_values_dim_travaux_details_impact_trafic__FORT__MOYEN__FAIBLE.7df9845a53
[0m00:17:51.931489 [debug] [Thread-1 (]: Writing injected SQL for node "test.travaux_angers.accepted_values_dim_travaux_details_impact_trafic__FORT__MOYEN__FAIBLE.7df9845a53"
[0m00:17:51.934373 [debug] [Thread-1 (]: Began executing node test.travaux_angers.accepted_values_dim_travaux_details_impact_trafic__FORT__MOYEN__FAIBLE.7df9845a53
[0m00:17:51.992124 [debug] [Thread-1 (]: Writing runtime sql for node "test.travaux_angers.accepted_values_dim_travaux_details_impact_trafic__FORT__MOYEN__FAIBLE.7df9845a53"
[0m00:17:51.997150 [debug] [Thread-1 (]: On test.travaux_angers.accepted_values_dim_travaux_details_impact_trafic__FORT__MOYEN__FAIBLE.7df9845a53: /* {"app": "dbt", "dbt_version": "1.10.7", "profile_name": "travaux_angers", "target_name": "dev", "node_id": "test.travaux_angers.accepted_values_dim_travaux_details_impact_trafic__FORT__MOYEN__FAIBLE.7df9845a53"} */

    select
      count(*) as failures,
      count(*) != 0 as should_warn,
      count(*) != 0 as should_error
    from (
      
    
  
    
    

with all_values as (

    select
        impact_trafic as value_field,
        count(*) as n_records

    from `my-project-travaux-angers`.`travaux_angers_gold`.`dim_travaux_details`
    group by impact_trafic

)

select *
from all_values
where value_field not in (
    'FORT','MOYEN','FAIBLE'
)



  
  
      
    ) dbt_internal_test
[0m00:17:51.998452 [debug] [Thread-1 (]: Opening a new connection, currently in state closed
[0m00:17:52.617778 [debug] [Thread-1 (]: BigQuery adapter: https://console.cloud.google.com/bigquery?project=my-project-travaux-angers&j=bq:US:d49d41f8-9b7a-4e31-bd76-8afabab7212b&page=queryresults
[0m00:17:52.619530 [error] [Thread-1 (]: BigQuery adapter: https://console.cloud.google.com/bigquery?project=my-project-travaux-angers&j=bq:US:d49d41f8-9b7a-4e31-bd76-8afabab7212b&page=queryresults
[0m00:17:52.652470 [debug] [Thread-1 (]: Database Error in test accepted_values_dim_travaux_details_impact_trafic__FORT__MOYEN__FAIBLE (models/schema.yml)
  Not found: Dataset my-project-travaux-angers:travaux_angers_gold was not found in location US
  compiled code at target/run/travaux_angers/models/schema.yml/accepted_values_dim_travaux_de_0e8fdce8a167413f1d7cce94353f42ae.sql
[0m00:17:52.653633 [error] [Thread-1 (]: 1 of 17 ERROR accepted_values_dim_travaux_details_impact_trafic__FORT__MOYEN__FAIBLE  [[31mERROR[0m in 0.75s]
[0m00:17:52.654596 [debug] [Thread-1 (]: Finished running node test.travaux_angers.accepted_values_dim_travaux_details_impact_trafic__FORT__MOYEN__FAIBLE.7df9845a53
[0m00:17:52.655185 [debug] [Thread-1 (]: Began running node test.travaux_angers.dbt_utils_expression_is_true_dim_travaux_details_date_fin__date_fin_date_debut.a38451c9ac
[0m00:17:52.656114 [debug] [Thread-4 (]: Marking all children of 'test.travaux_angers.accepted_values_dim_travaux_details_impact_trafic__FORT__MOYEN__FAIBLE.7df9845a53' to be skipped because of status 'error'.  Reason: Database Error in test accepted_values_dim_travaux_details_impact_trafic__FORT__MOYEN__FAIBLE (models/schema.yml)
  Not found: Dataset my-project-travaux-angers:travaux_angers_gold was not found in location US
  compiled code at target/run/travaux_angers/models/schema.yml/accepted_values_dim_travaux_de_0e8fdce8a167413f1d7cce94353f42ae.sql.
[0m00:17:52.656913 [info ] [Thread-1 (]: 2 of 17 START test dbt_utils_expression_is_true_dim_travaux_details_date_fin__date_fin_date_debut  [RUN]
[0m00:17:52.659310 [debug] [Thread-1 (]: Re-using an available connection from the pool (formerly test.travaux_angers.accepted_values_dim_travaux_details_impact_trafic__FORT__MOYEN__FAIBLE.7df9845a53, now test.travaux_angers.dbt_utils_expression_is_true_dim_travaux_details_date_fin__date_fin_date_debut.a38451c9ac)
[0m00:17:52.659836 [debug] [Thread-1 (]: Began compiling node test.travaux_angers.dbt_utils_expression_is_true_dim_travaux_details_date_fin__date_fin_date_debut.a38451c9ac
[0m00:17:52.689648 [debug] [Thread-1 (]: Writing injected SQL for node "test.travaux_angers.dbt_utils_expression_is_true_dim_travaux_details_date_fin__date_fin_date_debut.a38451c9ac"
[0m00:17:52.691768 [debug] [Thread-1 (]: Began executing node test.travaux_angers.dbt_utils_expression_is_true_dim_travaux_details_date_fin__date_fin_date_debut.a38451c9ac
[0m00:17:52.699887 [debug] [Thread-1 (]: Writing runtime sql for node "test.travaux_angers.dbt_utils_expression_is_true_dim_travaux_details_date_fin__date_fin_date_debut.a38451c9ac"
[0m00:17:52.701750 [debug] [Thread-1 (]: On test.travaux_angers.dbt_utils_expression_is_true_dim_travaux_details_date_fin__date_fin_date_debut.a38451c9ac: /* {"app": "dbt", "dbt_version": "1.10.7", "profile_name": "travaux_angers", "target_name": "dev", "node_id": "test.travaux_angers.dbt_utils_expression_is_true_dim_travaux_details_date_fin__date_fin_date_debut.a38451c9ac"} */

    select
      count(*) as failures,
      count(*) != 0 as should_warn,
      count(*) != 0 as should_error
    from (
      
    
  



select
    1
from `my-project-travaux-angers`.`travaux_angers_gold`.`dim_travaux_details`

where not(date_fin date_fin > date_debut)


  
  
      
    ) dbt_internal_test
[0m00:17:52.702602 [debug] [Thread-1 (]: Opening a new connection, currently in state closed
[0m00:17:53.131033 [debug] [Thread-1 (]: BigQuery adapter: https://console.cloud.google.com/bigquery?project=my-project-travaux-angers&j=bq:US:6e21f1fa-cfdd-49b5-b527-aa498a68baec&page=queryresults
[0m00:17:53.133473 [error] [Thread-1 (]: BigQuery adapter: https://console.cloud.google.com/bigquery?project=my-project-travaux-angers&j=bq:US:6e21f1fa-cfdd-49b5-b527-aa498a68baec&page=queryresults
[0m00:17:53.146904 [debug] [Thread-1 (]: Database Error in test dbt_utils_expression_is_true_dim_travaux_details_date_fin__date_fin_date_debut (models/schema.yml)
  Syntax error: Expected "," but got identifier "date_fin" at [18:20]
  compiled code at target/run/travaux_angers/models/schema.yml/dbt_utils_expression_is_true_d_6560768451d827cc76890e0d84cc4a4e.sql
[0m00:17:53.148694 [error] [Thread-1 (]: 2 of 17 ERROR dbt_utils_expression_is_true_dim_travaux_details_date_fin__date_fin_date_debut  [[31mERROR[0m in 0.49s]
[0m00:17:53.150239 [debug] [Thread-1 (]: Finished running node test.travaux_angers.dbt_utils_expression_is_true_dim_travaux_details_date_fin__date_fin_date_debut.a38451c9ac
[0m00:17:53.151217 [debug] [Thread-1 (]: Began running node test.travaux_angers.dbt_utils_expression_is_true_dim_travaux_details_duree_jours___0.f46b4cac55
[0m00:17:53.152336 [debug] [Thread-4 (]: Marking all children of 'test.travaux_angers.dbt_utils_expression_is_true_dim_travaux_details_date_fin__date_fin_date_debut.a38451c9ac' to be skipped because of status 'error'.  Reason: Database Error in test dbt_utils_expression_is_true_dim_travaux_details_date_fin__date_fin_date_debut (models/schema.yml)
  Syntax error: Expected "," but got identifier "date_fin" at [18:20]
  compiled code at target/run/travaux_angers/models/schema.yml/dbt_utils_expression_is_true_d_6560768451d827cc76890e0d84cc4a4e.sql.
[0m00:17:53.153245 [info ] [Thread-1 (]: 3 of 17 START test dbt_utils_expression_is_true_dim_travaux_details_duree_jours___0  [RUN]
[0m00:17:53.160305 [debug] [Thread-1 (]: Re-using an available connection from the pool (formerly test.travaux_angers.dbt_utils_expression_is_true_dim_travaux_details_date_fin__date_fin_date_debut.a38451c9ac, now test.travaux_angers.dbt_utils_expression_is_true_dim_travaux_details_duree_jours___0.f46b4cac55)
[0m00:17:53.161852 [debug] [Thread-1 (]: Began compiling node test.travaux_angers.dbt_utils_expression_is_true_dim_travaux_details_duree_jours___0.f46b4cac55
[0m00:17:53.173669 [debug] [Thread-1 (]: Writing injected SQL for node "test.travaux_angers.dbt_utils_expression_is_true_dim_travaux_details_duree_jours___0.f46b4cac55"
[0m00:17:53.177290 [debug] [Thread-1 (]: Began executing node test.travaux_angers.dbt_utils_expression_is_true_dim_travaux_details_duree_jours___0.f46b4cac55
[0m00:17:53.183464 [debug] [Thread-1 (]: Writing runtime sql for node "test.travaux_angers.dbt_utils_expression_is_true_dim_travaux_details_duree_jours___0.f46b4cac55"
[0m00:17:53.185272 [debug] [Thread-1 (]: On test.travaux_angers.dbt_utils_expression_is_true_dim_travaux_details_duree_jours___0.f46b4cac55: /* {"app": "dbt", "dbt_version": "1.10.7", "profile_name": "travaux_angers", "target_name": "dev", "node_id": "test.travaux_angers.dbt_utils_expression_is_true_dim_travaux_details_duree_jours___0.f46b4cac55"} */

    select
      count(*) as failures,
      count(*) != 0 as should_warn,
      count(*) != 0 as should_error
    from (
      
    
  



select
    1
from `my-project-travaux-angers`.`travaux_angers_gold`.`dim_travaux_details`

where not(duree_jours >= 0)


  
  
      
    ) dbt_internal_test
[0m00:17:53.186146 [debug] [Thread-1 (]: Opening a new connection, currently in state closed
[0m00:17:53.797912 [debug] [Thread-1 (]: BigQuery adapter: https://console.cloud.google.com/bigquery?project=my-project-travaux-angers&j=bq:US:38b6c7da-e54e-4ee3-a353-57f16077e401&page=queryresults
[0m00:17:53.800524 [error] [Thread-1 (]: BigQuery adapter: https://console.cloud.google.com/bigquery?project=my-project-travaux-angers&j=bq:US:38b6c7da-e54e-4ee3-a353-57f16077e401&page=queryresults
[0m00:17:53.810076 [debug] [Thread-1 (]: Database Error in test dbt_utils_expression_is_true_dim_travaux_details_duree_jours___0 (models/schema.yml)
  Not found: Dataset my-project-travaux-angers:travaux_angers_gold was not found in location US
  compiled code at target/run/travaux_angers/models/schema.yml/dbt_utils_expression_is_true_d_503fcda03785a9cf14ac6f742b22d1b2.sql
[0m00:17:53.811861 [error] [Thread-1 (]: 3 of 17 ERROR dbt_utils_expression_is_true_dim_travaux_details_duree_jours___0 . [[31mERROR[0m in 0.66s]
[0m00:17:53.817339 [debug] [Thread-1 (]: Finished running node test.travaux_angers.dbt_utils_expression_is_true_dim_travaux_details_duree_jours___0.f46b4cac55
[0m00:17:53.819863 [debug] [Thread-1 (]: Began running node test.travaux_angers.dbt_utils_expression_is_true_fct_travaux_stats_nombre_travaux___0.d42904b9ce
[0m00:17:53.822256 [debug] [Thread-4 (]: Marking all children of 'test.travaux_angers.dbt_utils_expression_is_true_dim_travaux_details_duree_jours___0.f46b4cac55' to be skipped because of status 'error'.  Reason: Database Error in test dbt_utils_expression_is_true_dim_travaux_details_duree_jours___0 (models/schema.yml)
  Not found: Dataset my-project-travaux-angers:travaux_angers_gold was not found in location US
  compiled code at target/run/travaux_angers/models/schema.yml/dbt_utils_expression_is_true_d_503fcda03785a9cf14ac6f742b22d1b2.sql.
[0m00:17:53.824577 [info ] [Thread-1 (]: 4 of 17 START test dbt_utils_expression_is_true_fct_travaux_stats_nombre_travaux___0  [RUN]
[0m00:17:53.827053 [debug] [Thread-1 (]: Re-using an available connection from the pool (formerly test.travaux_angers.dbt_utils_expression_is_true_dim_travaux_details_duree_jours___0.f46b4cac55, now test.travaux_angers.dbt_utils_expression_is_true_fct_travaux_stats_nombre_travaux___0.d42904b9ce)
[0m00:17:53.828596 [debug] [Thread-1 (]: Began compiling node test.travaux_angers.dbt_utils_expression_is_true_fct_travaux_stats_nombre_travaux___0.d42904b9ce
[0m00:17:53.848790 [debug] [Thread-1 (]: Writing injected SQL for node "test.travaux_angers.dbt_utils_expression_is_true_fct_travaux_stats_nombre_travaux___0.d42904b9ce"
[0m00:17:53.852657 [debug] [Thread-1 (]: Began executing node test.travaux_angers.dbt_utils_expression_is_true_fct_travaux_stats_nombre_travaux___0.d42904b9ce
[0m00:17:53.867910 [debug] [Thread-1 (]: Writing runtime sql for node "test.travaux_angers.dbt_utils_expression_is_true_fct_travaux_stats_nombre_travaux___0.d42904b9ce"
[0m00:17:53.870952 [debug] [Thread-1 (]: On test.travaux_angers.dbt_utils_expression_is_true_fct_travaux_stats_nombre_travaux___0.d42904b9ce: /* {"app": "dbt", "dbt_version": "1.10.7", "profile_name": "travaux_angers", "target_name": "dev", "node_id": "test.travaux_angers.dbt_utils_expression_is_true_fct_travaux_stats_nombre_travaux___0.d42904b9ce"} */

    select
      count(*) as failures,
      count(*) != 0 as should_warn,
      count(*) != 0 as should_error
    from (
      
    
  



select
    1
from `my-project-travaux-angers`.`travaux_angers_gold`.`fct_travaux_stats`

where not(nombre_travaux > 0)


  
  
      
    ) dbt_internal_test
[0m00:17:53.874288 [debug] [Thread-1 (]: Opening a new connection, currently in state closed
[0m00:17:54.484930 [debug] [Thread-1 (]: BigQuery adapter: https://console.cloud.google.com/bigquery?project=my-project-travaux-angers&j=bq:US:f6adbc4f-758d-42d9-afb9-ed7c75b1faf5&page=queryresults
[0m00:17:54.486082 [error] [Thread-1 (]: BigQuery adapter: https://console.cloud.google.com/bigquery?project=my-project-travaux-angers&j=bq:US:f6adbc4f-758d-42d9-afb9-ed7c75b1faf5&page=queryresults
[0m00:17:54.491826 [debug] [Thread-1 (]: Database Error in test dbt_utils_expression_is_true_fct_travaux_stats_nombre_travaux___0 (models/schema.yml)
  Not found: Dataset my-project-travaux-angers:travaux_angers_gold was not found in location US
  compiled code at target/run/travaux_angers/models/schema.yml/dbt_utils_expression_is_true_f_328ae2aa3d42c812b2a0bc0e1b175af8.sql
[0m00:17:54.492751 [error] [Thread-1 (]: 4 of 17 ERROR dbt_utils_expression_is_true_fct_travaux_stats_nombre_travaux___0  [[31mERROR[0m in 0.67s]
[0m00:17:54.493597 [debug] [Thread-1 (]: Finished running node test.travaux_angers.dbt_utils_expression_is_true_fct_travaux_stats_nombre_travaux___0.d42904b9ce
[0m00:17:54.494341 [debug] [Thread-1 (]: Began running node test.travaux_angers.dbt_utils_expression_is_true_fct_travaux_stats_ratio_actif__BETWEEN_0_AND_1.70092df261
[0m00:17:54.495067 [info ] [Thread-1 (]: 5 of 17 START test dbt_utils_expression_is_true_fct_travaux_stats_ratio_actif__BETWEEN_0_AND_1  [RUN]
[0m00:17:54.496105 [debug] [Thread-4 (]: Marking all children of 'test.travaux_angers.dbt_utils_expression_is_true_fct_travaux_stats_nombre_travaux___0.d42904b9ce' to be skipped because of status 'error'.  Reason: Database Error in test dbt_utils_expression_is_true_fct_travaux_stats_nombre_travaux___0 (models/schema.yml)
  Not found: Dataset my-project-travaux-angers:travaux_angers_gold was not found in location US
  compiled code at target/run/travaux_angers/models/schema.yml/dbt_utils_expression_is_true_f_328ae2aa3d42c812b2a0bc0e1b175af8.sql.
[0m00:17:54.496979 [debug] [Thread-1 (]: Re-using an available connection from the pool (formerly test.travaux_angers.dbt_utils_expression_is_true_fct_travaux_stats_nombre_travaux___0.d42904b9ce, now test.travaux_angers.dbt_utils_expression_is_true_fct_travaux_stats_ratio_actif__BETWEEN_0_AND_1.70092df261)
[0m00:17:54.498716 [debug] [Thread-1 (]: Began compiling node test.travaux_angers.dbt_utils_expression_is_true_fct_travaux_stats_ratio_actif__BETWEEN_0_AND_1.70092df261
[0m00:17:54.508931 [debug] [Thread-1 (]: Writing injected SQL for node "test.travaux_angers.dbt_utils_expression_is_true_fct_travaux_stats_ratio_actif__BETWEEN_0_AND_1.70092df261"
[0m00:17:54.510247 [debug] [Thread-1 (]: Began executing node test.travaux_angers.dbt_utils_expression_is_true_fct_travaux_stats_ratio_actif__BETWEEN_0_AND_1.70092df261
[0m00:17:54.515203 [debug] [Thread-1 (]: Writing runtime sql for node "test.travaux_angers.dbt_utils_expression_is_true_fct_travaux_stats_ratio_actif__BETWEEN_0_AND_1.70092df261"
[0m00:17:54.516149 [debug] [Thread-1 (]: On test.travaux_angers.dbt_utils_expression_is_true_fct_travaux_stats_ratio_actif__BETWEEN_0_AND_1.70092df261: /* {"app": "dbt", "dbt_version": "1.10.7", "profile_name": "travaux_angers", "target_name": "dev", "node_id": "test.travaux_angers.dbt_utils_expression_is_true_fct_travaux_stats_ratio_actif__BETWEEN_0_AND_1.70092df261"} */

    select
      count(*) as failures,
      count(*) != 0 as should_warn,
      count(*) != 0 as should_error
    from (
      
    
  



select
    1
from `my-project-travaux-angers`.`travaux_angers_gold`.`fct_travaux_stats`

where not(ratio_actif BETWEEN 0 AND 1)


  
  
      
    ) dbt_internal_test
[0m00:17:54.516728 [debug] [Thread-1 (]: Opening a new connection, currently in state closed
[0m00:17:55.330462 [debug] [Thread-1 (]: BigQuery adapter: https://console.cloud.google.com/bigquery?project=my-project-travaux-angers&j=bq:US:ac4a1fe5-7923-49b7-bf82-86a0b3671191&page=queryresults
[0m00:17:55.331487 [error] [Thread-1 (]: BigQuery adapter: https://console.cloud.google.com/bigquery?project=my-project-travaux-angers&j=bq:US:ac4a1fe5-7923-49b7-bf82-86a0b3671191&page=queryresults
[0m00:17:55.335748 [debug] [Thread-1 (]: Database Error in test dbt_utils_expression_is_true_fct_travaux_stats_ratio_actif__BETWEEN_0_AND_1 (models/schema.yml)
  Not found: Dataset my-project-travaux-angers:travaux_angers_gold was not found in location US
  compiled code at target/run/travaux_angers/models/schema.yml/dbt_utils_expression_is_true_f_87b6d78906d3eba6231a3279f4654bcf.sql
[0m00:17:55.338457 [error] [Thread-1 (]: 5 of 17 ERROR dbt_utils_expression_is_true_fct_travaux_stats_ratio_actif__BETWEEN_0_AND_1  [[31mERROR[0m in 0.84s]
[0m00:17:55.339593 [debug] [Thread-1 (]: Finished running node test.travaux_angers.dbt_utils_expression_is_true_fct_travaux_stats_ratio_actif__BETWEEN_0_AND_1.70092df261
[0m00:17:55.340106 [debug] [Thread-1 (]: Began running node test.travaux_angers.not_null_dim_travaux_details_date_debut.c1a587ea6e
[0m00:17:55.340520 [info ] [Thread-1 (]: 6 of 17 START test not_null_dim_travaux_details_date_debut ..................... [RUN]
[0m00:17:55.341061 [debug] [Thread-1 (]: Re-using an available connection from the pool (formerly test.travaux_angers.dbt_utils_expression_is_true_fct_travaux_stats_ratio_actif__BETWEEN_0_AND_1.70092df261, now test.travaux_angers.not_null_dim_travaux_details_date_debut.c1a587ea6e)
[0m00:17:55.341530 [debug] [Thread-1 (]: Began compiling node test.travaux_angers.not_null_dim_travaux_details_date_debut.c1a587ea6e
[0m00:17:55.350312 [debug] [Thread-4 (]: Marking all children of 'test.travaux_angers.dbt_utils_expression_is_true_fct_travaux_stats_ratio_actif__BETWEEN_0_AND_1.70092df261' to be skipped because of status 'error'.  Reason: Database Error in test dbt_utils_expression_is_true_fct_travaux_stats_ratio_actif__BETWEEN_0_AND_1 (models/schema.yml)
  Not found: Dataset my-project-travaux-angers:travaux_angers_gold was not found in location US
  compiled code at target/run/travaux_angers/models/schema.yml/dbt_utils_expression_is_true_f_87b6d78906d3eba6231a3279f4654bcf.sql.
[0m00:17:55.377861 [debug] [Thread-1 (]: Writing injected SQL for node "test.travaux_angers.not_null_dim_travaux_details_date_debut.c1a587ea6e"
[0m00:17:55.380787 [debug] [Thread-1 (]: Began executing node test.travaux_angers.not_null_dim_travaux_details_date_debut.c1a587ea6e
[0m00:17:55.387782 [debug] [Thread-1 (]: Writing runtime sql for node "test.travaux_angers.not_null_dim_travaux_details_date_debut.c1a587ea6e"
[0m00:17:55.391491 [debug] [Thread-1 (]: On test.travaux_angers.not_null_dim_travaux_details_date_debut.c1a587ea6e: /* {"app": "dbt", "dbt_version": "1.10.7", "profile_name": "travaux_angers", "target_name": "dev", "node_id": "test.travaux_angers.not_null_dim_travaux_details_date_debut.c1a587ea6e"} */

    select
      count(*) as failures,
      count(*) != 0 as should_warn,
      count(*) != 0 as should_error
    from (
      
    
  
    
    



select date_debut
from `my-project-travaux-angers`.`travaux_angers_gold`.`dim_travaux_details`
where date_debut is null



  
  
      
    ) dbt_internal_test
[0m00:17:55.393220 [debug] [Thread-1 (]: Opening a new connection, currently in state closed
[0m00:17:56.068918 [debug] [Thread-1 (]: BigQuery adapter: https://console.cloud.google.com/bigquery?project=my-project-travaux-angers&j=bq:US:da4c1aaf-bfca-451b-a8f4-770b498fb2c5&page=queryresults
[0m00:17:56.070422 [error] [Thread-1 (]: BigQuery adapter: https://console.cloud.google.com/bigquery?project=my-project-travaux-angers&j=bq:US:da4c1aaf-bfca-451b-a8f4-770b498fb2c5&page=queryresults
[0m00:17:56.084280 [debug] [Thread-1 (]: Database Error in test not_null_dim_travaux_details_date_debut (models/schema.yml)
  Not found: Dataset my-project-travaux-angers:travaux_angers_gold was not found in location US
  compiled code at target/run/travaux_angers/models/schema.yml/not_null_dim_travaux_details_date_debut.sql
[0m00:17:56.087326 [error] [Thread-1 (]: 6 of 17 ERROR not_null_dim_travaux_details_date_debut .......................... [[31mERROR[0m in 0.75s]
[0m00:17:56.089094 [debug] [Thread-1 (]: Finished running node test.travaux_angers.not_null_dim_travaux_details_date_debut.c1a587ea6e
[0m00:17:56.090249 [debug] [Thread-1 (]: Began running node test.travaux_angers.not_null_dim_travaux_details_date_fin.a6533a84cb
[0m00:17:56.092326 [debug] [Thread-4 (]: Marking all children of 'test.travaux_angers.not_null_dim_travaux_details_date_debut.c1a587ea6e' to be skipped because of status 'error'.  Reason: Database Error in test not_null_dim_travaux_details_date_debut (models/schema.yml)
  Not found: Dataset my-project-travaux-angers:travaux_angers_gold was not found in location US
  compiled code at target/run/travaux_angers/models/schema.yml/not_null_dim_travaux_details_date_debut.sql.
[0m00:17:56.091105 [info ] [Thread-1 (]: 7 of 17 START test not_null_dim_travaux_details_date_fin ....................... [RUN]
[0m00:17:56.095840 [debug] [Thread-1 (]: Re-using an available connection from the pool (formerly test.travaux_angers.not_null_dim_travaux_details_date_debut.c1a587ea6e, now test.travaux_angers.not_null_dim_travaux_details_date_fin.a6533a84cb)
[0m00:17:56.096960 [debug] [Thread-1 (]: Began compiling node test.travaux_angers.not_null_dim_travaux_details_date_fin.a6533a84cb
[0m00:17:56.114575 [debug] [Thread-1 (]: Writing injected SQL for node "test.travaux_angers.not_null_dim_travaux_details_date_fin.a6533a84cb"
[0m00:17:56.115985 [debug] [Thread-1 (]: Began executing node test.travaux_angers.not_null_dim_travaux_details_date_fin.a6533a84cb
[0m00:17:56.121809 [debug] [Thread-1 (]: Writing runtime sql for node "test.travaux_angers.not_null_dim_travaux_details_date_fin.a6533a84cb"
[0m00:17:56.123100 [debug] [Thread-1 (]: On test.travaux_angers.not_null_dim_travaux_details_date_fin.a6533a84cb: /* {"app": "dbt", "dbt_version": "1.10.7", "profile_name": "travaux_angers", "target_name": "dev", "node_id": "test.travaux_angers.not_null_dim_travaux_details_date_fin.a6533a84cb"} */

    select
      count(*) as failures,
      count(*) != 0 as should_warn,
      count(*) != 0 as should_error
    from (
      
    
  
    
    



select date_fin
from `my-project-travaux-angers`.`travaux_angers_gold`.`dim_travaux_details`
where date_fin is null



  
  
      
    ) dbt_internal_test
[0m00:17:56.123932 [debug] [Thread-1 (]: Opening a new connection, currently in state closed
[0m00:17:56.628181 [debug] [Thread-1 (]: BigQuery adapter: https://console.cloud.google.com/bigquery?project=my-project-travaux-angers&j=bq:US:ba4344be-da24-4f43-81ee-ff8d236da645&page=queryresults
[0m00:17:56.629662 [error] [Thread-1 (]: BigQuery adapter: https://console.cloud.google.com/bigquery?project=my-project-travaux-angers&j=bq:US:ba4344be-da24-4f43-81ee-ff8d236da645&page=queryresults
[0m00:17:56.646215 [debug] [Thread-1 (]: Database Error in test not_null_dim_travaux_details_date_fin (models/schema.yml)
  Not found: Dataset my-project-travaux-angers:travaux_angers_gold was not found in location US
  compiled code at target/run/travaux_angers/models/schema.yml/not_null_dim_travaux_details_date_fin.sql
[0m00:17:56.647788 [error] [Thread-1 (]: 7 of 17 ERROR not_null_dim_travaux_details_date_fin ............................ [[31mERROR[0m in 0.55s]
[0m00:17:56.659398 [debug] [Thread-1 (]: Finished running node test.travaux_angers.not_null_dim_travaux_details_date_fin.a6533a84cb
[0m00:17:56.660833 [debug] [Thread-1 (]: Began running node test.travaux_angers.not_null_dim_travaux_details_duree_jours.853d0ad70e
[0m00:17:56.662638 [debug] [Thread-4 (]: Marking all children of 'test.travaux_angers.not_null_dim_travaux_details_date_fin.a6533a84cb' to be skipped because of status 'error'.  Reason: Database Error in test not_null_dim_travaux_details_date_fin (models/schema.yml)
  Not found: Dataset my-project-travaux-angers:travaux_angers_gold was not found in location US
  compiled code at target/run/travaux_angers/models/schema.yml/not_null_dim_travaux_details_date_fin.sql.
[0m00:17:56.664021 [info ] [Thread-1 (]: 8 of 17 START test not_null_dim_travaux_details_duree_jours .................... [RUN]
[0m00:17:56.665886 [debug] [Thread-1 (]: Re-using an available connection from the pool (formerly test.travaux_angers.not_null_dim_travaux_details_date_fin.a6533a84cb, now test.travaux_angers.not_null_dim_travaux_details_duree_jours.853d0ad70e)
[0m00:17:56.666928 [debug] [Thread-1 (]: Began compiling node test.travaux_angers.not_null_dim_travaux_details_duree_jours.853d0ad70e
[0m00:17:56.687825 [debug] [Thread-1 (]: Writing injected SQL for node "test.travaux_angers.not_null_dim_travaux_details_duree_jours.853d0ad70e"
[0m00:17:56.694956 [debug] [Thread-1 (]: Began executing node test.travaux_angers.not_null_dim_travaux_details_duree_jours.853d0ad70e
[0m00:17:56.702750 [debug] [Thread-1 (]: Writing runtime sql for node "test.travaux_angers.not_null_dim_travaux_details_duree_jours.853d0ad70e"
[0m00:17:56.704651 [debug] [Thread-1 (]: On test.travaux_angers.not_null_dim_travaux_details_duree_jours.853d0ad70e: /* {"app": "dbt", "dbt_version": "1.10.7", "profile_name": "travaux_angers", "target_name": "dev", "node_id": "test.travaux_angers.not_null_dim_travaux_details_duree_jours.853d0ad70e"} */

    select
      count(*) as failures,
      count(*) != 0 as should_warn,
      count(*) != 0 as should_error
    from (
      
    
  
    
    



select duree_jours
from `my-project-travaux-angers`.`travaux_angers_gold`.`dim_travaux_details`
where duree_jours is null



  
  
      
    ) dbt_internal_test
[0m00:17:56.705695 [debug] [Thread-1 (]: Opening a new connection, currently in state closed
[0m00:17:57.306041 [debug] [Thread-1 (]: BigQuery adapter: https://console.cloud.google.com/bigquery?project=my-project-travaux-angers&j=bq:US:ad105110-49c8-48de-948e-544f09d2a27d&page=queryresults
[0m00:17:57.307437 [error] [Thread-1 (]: BigQuery adapter: https://console.cloud.google.com/bigquery?project=my-project-travaux-angers&j=bq:US:ad105110-49c8-48de-948e-544f09d2a27d&page=queryresults
[0m00:17:57.324655 [debug] [Thread-1 (]: Database Error in test not_null_dim_travaux_details_duree_jours (models/schema.yml)
  Not found: Dataset my-project-travaux-angers:travaux_angers_gold was not found in location US
  compiled code at target/run/travaux_angers/models/schema.yml/not_null_dim_travaux_details_duree_jours.sql
[0m00:17:57.326624 [error] [Thread-1 (]: 8 of 17 ERROR not_null_dim_travaux_details_duree_jours ......................... [[31mERROR[0m in 0.66s]
[0m00:17:57.328190 [debug] [Thread-1 (]: Finished running node test.travaux_angers.not_null_dim_travaux_details_duree_jours.853d0ad70e
[0m00:17:57.344826 [debug] [Thread-4 (]: Marking all children of 'test.travaux_angers.not_null_dim_travaux_details_duree_jours.853d0ad70e' to be skipped because of status 'error'.  Reason: Database Error in test not_null_dim_travaux_details_duree_jours (models/schema.yml)
  Not found: Dataset my-project-travaux-angers:travaux_angers_gold was not found in location US
  compiled code at target/run/travaux_angers/models/schema.yml/not_null_dim_travaux_details_duree_jours.sql.
[0m00:17:57.346853 [debug] [Thread-1 (]: Began running node test.travaux_angers.not_null_dim_travaux_details_id.3f3b0b0b30
[0m00:17:57.347949 [info ] [Thread-1 (]: 9 of 17 START test not_null_dim_travaux_details_id ............................. [RUN]
[0m00:17:57.349550 [debug] [Thread-1 (]: Re-using an available connection from the pool (formerly test.travaux_angers.not_null_dim_travaux_details_duree_jours.853d0ad70e, now test.travaux_angers.not_null_dim_travaux_details_id.3f3b0b0b30)
[0m00:17:57.350806 [debug] [Thread-1 (]: Began compiling node test.travaux_angers.not_null_dim_travaux_details_id.3f3b0b0b30
[0m00:17:57.366202 [debug] [Thread-1 (]: Writing injected SQL for node "test.travaux_angers.not_null_dim_travaux_details_id.3f3b0b0b30"
[0m00:17:57.382811 [debug] [Thread-1 (]: Began executing node test.travaux_angers.not_null_dim_travaux_details_id.3f3b0b0b30
[0m00:17:57.395635 [debug] [Thread-1 (]: Writing runtime sql for node "test.travaux_angers.not_null_dim_travaux_details_id.3f3b0b0b30"
[0m00:17:57.397891 [debug] [Thread-1 (]: On test.travaux_angers.not_null_dim_travaux_details_id.3f3b0b0b30: /* {"app": "dbt", "dbt_version": "1.10.7", "profile_name": "travaux_angers", "target_name": "dev", "node_id": "test.travaux_angers.not_null_dim_travaux_details_id.3f3b0b0b30"} */

    select
      count(*) as failures,
      count(*) != 0 as should_warn,
      count(*) != 0 as should_error
    from (
      
    
  
    
    



select id
from `my-project-travaux-angers`.`travaux_angers_gold`.`dim_travaux_details`
where id is null



  
  
      
    ) dbt_internal_test
[0m00:17:57.399902 [debug] [Thread-1 (]: Opening a new connection, currently in state closed
[0m00:17:58.051941 [debug] [Thread-1 (]: BigQuery adapter: https://console.cloud.google.com/bigquery?project=my-project-travaux-angers&j=bq:US:813c7e06-0661-4c8c-a52b-16a8e7876794&page=queryresults
[0m00:17:58.053025 [error] [Thread-1 (]: BigQuery adapter: https://console.cloud.google.com/bigquery?project=my-project-travaux-angers&j=bq:US:813c7e06-0661-4c8c-a52b-16a8e7876794&page=queryresults
[0m00:17:58.066815 [debug] [Thread-1 (]: Database Error in test not_null_dim_travaux_details_id (models/schema.yml)
  Not found: Dataset my-project-travaux-angers:travaux_angers_gold was not found in location US
  compiled code at target/run/travaux_angers/models/schema.yml/not_null_dim_travaux_details_id.sql
[0m00:17:58.068543 [error] [Thread-1 (]: 9 of 17 ERROR not_null_dim_travaux_details_id .................................. [[31mERROR[0m in 0.72s]
[0m00:17:58.069863 [debug] [Thread-1 (]: Finished running node test.travaux_angers.not_null_dim_travaux_details_id.3f3b0b0b30
[0m00:17:58.070816 [debug] [Thread-1 (]: Began running node test.travaux_angers.not_null_dim_travaux_details_impact_trafic.73d05639fe
[0m00:17:58.071814 [debug] [Thread-4 (]: Marking all children of 'test.travaux_angers.not_null_dim_travaux_details_id.3f3b0b0b30' to be skipped because of status 'error'.  Reason: Database Error in test not_null_dim_travaux_details_id (models/schema.yml)
  Not found: Dataset my-project-travaux-angers:travaux_angers_gold was not found in location US
  compiled code at target/run/travaux_angers/models/schema.yml/not_null_dim_travaux_details_id.sql.
[0m00:17:58.072803 [info ] [Thread-1 (]: 10 of 17 START test not_null_dim_travaux_details_impact_trafic ................. [RUN]
[0m00:17:58.074505 [debug] [Thread-1 (]: Re-using an available connection from the pool (formerly test.travaux_angers.not_null_dim_travaux_details_id.3f3b0b0b30, now test.travaux_angers.not_null_dim_travaux_details_impact_trafic.73d05639fe)
[0m00:17:58.075791 [debug] [Thread-1 (]: Began compiling node test.travaux_angers.not_null_dim_travaux_details_impact_trafic.73d05639fe
[0m00:17:58.100522 [debug] [Thread-1 (]: Writing injected SQL for node "test.travaux_angers.not_null_dim_travaux_details_impact_trafic.73d05639fe"
[0m00:17:58.102012 [debug] [Thread-1 (]: Began executing node test.travaux_angers.not_null_dim_travaux_details_impact_trafic.73d05639fe
[0m00:17:58.117531 [debug] [Thread-1 (]: Writing runtime sql for node "test.travaux_angers.not_null_dim_travaux_details_impact_trafic.73d05639fe"
[0m00:17:58.119437 [debug] [Thread-1 (]: On test.travaux_angers.not_null_dim_travaux_details_impact_trafic.73d05639fe: /* {"app": "dbt", "dbt_version": "1.10.7", "profile_name": "travaux_angers", "target_name": "dev", "node_id": "test.travaux_angers.not_null_dim_travaux_details_impact_trafic.73d05639fe"} */

    select
      count(*) as failures,
      count(*) != 0 as should_warn,
      count(*) != 0 as should_error
    from (
      
    
  
    
    



select impact_trafic
from `my-project-travaux-angers`.`travaux_angers_gold`.`dim_travaux_details`
where impact_trafic is null



  
  
      
    ) dbt_internal_test
[0m00:17:58.120650 [debug] [Thread-1 (]: Opening a new connection, currently in state closed
[0m00:17:58.742533 [debug] [Thread-1 (]: BigQuery adapter: https://console.cloud.google.com/bigquery?project=my-project-travaux-angers&j=bq:US:7195ebe3-1969-4f92-ac66-07d060107fe5&page=queryresults
[0m00:17:58.743557 [error] [Thread-1 (]: BigQuery adapter: https://console.cloud.google.com/bigquery?project=my-project-travaux-angers&j=bq:US:7195ebe3-1969-4f92-ac66-07d060107fe5&page=queryresults
[0m00:17:58.748095 [debug] [Thread-1 (]: Database Error in test not_null_dim_travaux_details_impact_trafic (models/schema.yml)
  Not found: Dataset my-project-travaux-angers:travaux_angers_gold was not found in location US
  compiled code at target/run/travaux_angers/models/schema.yml/not_null_dim_travaux_details_impact_trafic.sql
[0m00:17:58.749356 [error] [Thread-1 (]: 10 of 17 ERROR not_null_dim_travaux_details_impact_trafic ...................... [[31mERROR[0m in 0.68s]
[0m00:17:58.750535 [debug] [Thread-1 (]: Finished running node test.travaux_angers.not_null_dim_travaux_details_impact_trafic.73d05639fe
[0m00:17:58.751357 [debug] [Thread-1 (]: Began running node test.travaux_angers.not_null_dim_travaux_details_position.e13d778955
[0m00:17:58.752171 [info ] [Thread-1 (]: 11 of 17 START test not_null_dim_travaux_details_position ...................... [RUN]
[0m00:17:58.753270 [debug] [Thread-1 (]: Re-using an available connection from the pool (formerly test.travaux_angers.not_null_dim_travaux_details_impact_trafic.73d05639fe, now test.travaux_angers.not_null_dim_travaux_details_position.e13d778955)
[0m00:17:58.754173 [debug] [Thread-1 (]: Began compiling node test.travaux_angers.not_null_dim_travaux_details_position.e13d778955
[0m00:17:58.755237 [debug] [Thread-4 (]: Marking all children of 'test.travaux_angers.not_null_dim_travaux_details_impact_trafic.73d05639fe' to be skipped because of status 'error'.  Reason: Database Error in test not_null_dim_travaux_details_impact_trafic (models/schema.yml)
  Not found: Dataset my-project-travaux-angers:travaux_angers_gold was not found in location US
  compiled code at target/run/travaux_angers/models/schema.yml/not_null_dim_travaux_details_impact_trafic.sql.
[0m00:17:58.766633 [debug] [Thread-1 (]: Writing injected SQL for node "test.travaux_angers.not_null_dim_travaux_details_position.e13d778955"
[0m00:17:58.768394 [debug] [Thread-1 (]: Began executing node test.travaux_angers.not_null_dim_travaux_details_position.e13d778955
[0m00:17:58.772623 [debug] [Thread-1 (]: Writing runtime sql for node "test.travaux_angers.not_null_dim_travaux_details_position.e13d778955"
[0m00:17:58.775113 [debug] [Thread-1 (]: On test.travaux_angers.not_null_dim_travaux_details_position.e13d778955: /* {"app": "dbt", "dbt_version": "1.10.7", "profile_name": "travaux_angers", "target_name": "dev", "node_id": "test.travaux_angers.not_null_dim_travaux_details_position.e13d778955"} */

    select
      count(*) as failures,
      count(*) != 0 as should_warn,
      count(*) != 0 as should_error
    from (
      
    
  
    
    



select position
from `my-project-travaux-angers`.`travaux_angers_gold`.`dim_travaux_details`
where position is null



  
  
      
    ) dbt_internal_test
[0m00:17:58.775857 [debug] [Thread-1 (]: Opening a new connection, currently in state closed
[0m00:17:59.483085 [debug] [Thread-1 (]: BigQuery adapter: https://console.cloud.google.com/bigquery?project=my-project-travaux-angers&j=bq:US:f5867108-8a2f-4c26-978c-35d44226e531&page=queryresults
[0m00:17:59.484494 [error] [Thread-1 (]: BigQuery adapter: https://console.cloud.google.com/bigquery?project=my-project-travaux-angers&j=bq:US:f5867108-8a2f-4c26-978c-35d44226e531&page=queryresults
[0m00:17:59.493752 [debug] [Thread-1 (]: Database Error in test not_null_dim_travaux_details_position (models/schema.yml)
  Not found: Dataset my-project-travaux-angers:travaux_angers_gold was not found in location US
  compiled code at target/run/travaux_angers/models/schema.yml/not_null_dim_travaux_details_position.sql
[0m00:17:59.495567 [error] [Thread-1 (]: 11 of 17 ERROR not_null_dim_travaux_details_position ........................... [[31mERROR[0m in 0.74s]
[0m00:17:59.497842 [debug] [Thread-1 (]: Finished running node test.travaux_angers.not_null_dim_travaux_details_position.e13d778955
[0m00:17:59.499140 [debug] [Thread-1 (]: Began running node test.travaux_angers.not_null_dim_travaux_details_titre.a485c396d1
[0m00:17:59.501227 [debug] [Thread-4 (]: Marking all children of 'test.travaux_angers.not_null_dim_travaux_details_position.e13d778955' to be skipped because of status 'error'.  Reason: Database Error in test not_null_dim_travaux_details_position (models/schema.yml)
  Not found: Dataset my-project-travaux-angers:travaux_angers_gold was not found in location US
  compiled code at target/run/travaux_angers/models/schema.yml/not_null_dim_travaux_details_position.sql.
[0m00:17:59.500202 [info ] [Thread-1 (]: 12 of 17 START test not_null_dim_travaux_details_titre ......................... [RUN]
[0m00:17:59.503001 [debug] [Thread-1 (]: Re-using an available connection from the pool (formerly test.travaux_angers.not_null_dim_travaux_details_position.e13d778955, now test.travaux_angers.not_null_dim_travaux_details_titre.a485c396d1)
[0m00:17:59.503810 [debug] [Thread-1 (]: Began compiling node test.travaux_angers.not_null_dim_travaux_details_titre.a485c396d1
[0m00:17:59.515913 [debug] [Thread-1 (]: Writing injected SQL for node "test.travaux_angers.not_null_dim_travaux_details_titre.a485c396d1"
[0m00:17:59.517552 [debug] [Thread-1 (]: Began executing node test.travaux_angers.not_null_dim_travaux_details_titre.a485c396d1
[0m00:17:59.523875 [debug] [Thread-1 (]: Writing runtime sql for node "test.travaux_angers.not_null_dim_travaux_details_titre.a485c396d1"
[0m00:17:59.525381 [debug] [Thread-1 (]: On test.travaux_angers.not_null_dim_travaux_details_titre.a485c396d1: /* {"app": "dbt", "dbt_version": "1.10.7", "profile_name": "travaux_angers", "target_name": "dev", "node_id": "test.travaux_angers.not_null_dim_travaux_details_titre.a485c396d1"} */

    select
      count(*) as failures,
      count(*) != 0 as should_warn,
      count(*) != 0 as should_error
    from (
      
    
  
    
    



select titre
from `my-project-travaux-angers`.`travaux_angers_gold`.`dim_travaux_details`
where titre is null



  
  
      
    ) dbt_internal_test
[0m00:17:59.526336 [debug] [Thread-1 (]: Opening a new connection, currently in state closed
[0m00:18:00.198259 [debug] [Thread-1 (]: BigQuery adapter: https://console.cloud.google.com/bigquery?project=my-project-travaux-angers&j=bq:US:25080530-84c9-49a0-a95f-a4b8fe9eccc7&page=queryresults
[0m00:18:00.199781 [error] [Thread-1 (]: BigQuery adapter: https://console.cloud.google.com/bigquery?project=my-project-travaux-angers&j=bq:US:25080530-84c9-49a0-a95f-a4b8fe9eccc7&page=queryresults
[0m00:18:00.208838 [debug] [Thread-1 (]: Database Error in test not_null_dim_travaux_details_titre (models/schema.yml)
  Not found: Dataset my-project-travaux-angers:travaux_angers_gold was not found in location US
  compiled code at target/run/travaux_angers/models/schema.yml/not_null_dim_travaux_details_titre.sql
[0m00:18:00.210651 [error] [Thread-1 (]: 12 of 17 ERROR not_null_dim_travaux_details_titre .............................. [[31mERROR[0m in 0.71s]
[0m00:18:00.212808 [debug] [Thread-1 (]: Finished running node test.travaux_angers.not_null_dim_travaux_details_titre.a485c396d1
[0m00:18:00.213833 [debug] [Thread-1 (]: Began running node test.travaux_angers.not_null_fct_travaux_stats_mois.c8d486f069
[0m00:18:00.214859 [debug] [Thread-4 (]: Marking all children of 'test.travaux_angers.not_null_dim_travaux_details_titre.a485c396d1' to be skipped because of status 'error'.  Reason: Database Error in test not_null_dim_travaux_details_titre (models/schema.yml)
  Not found: Dataset my-project-travaux-angers:travaux_angers_gold was not found in location US
  compiled code at target/run/travaux_angers/models/schema.yml/not_null_dim_travaux_details_titre.sql.
[0m00:18:00.215718 [info ] [Thread-1 (]: 13 of 17 START test not_null_fct_travaux_stats_mois ............................ [RUN]
[0m00:18:00.217453 [debug] [Thread-1 (]: Re-using an available connection from the pool (formerly test.travaux_angers.not_null_dim_travaux_details_titre.a485c396d1, now test.travaux_angers.not_null_fct_travaux_stats_mois.c8d486f069)
[0m00:18:00.218441 [debug] [Thread-1 (]: Began compiling node test.travaux_angers.not_null_fct_travaux_stats_mois.c8d486f069
[0m00:18:00.229970 [debug] [Thread-1 (]: Writing injected SQL for node "test.travaux_angers.not_null_fct_travaux_stats_mois.c8d486f069"
[0m00:18:00.232649 [debug] [Thread-1 (]: Began executing node test.travaux_angers.not_null_fct_travaux_stats_mois.c8d486f069
[0m00:18:00.239920 [debug] [Thread-1 (]: Writing runtime sql for node "test.travaux_angers.not_null_fct_travaux_stats_mois.c8d486f069"
[0m00:18:00.241689 [debug] [Thread-1 (]: On test.travaux_angers.not_null_fct_travaux_stats_mois.c8d486f069: /* {"app": "dbt", "dbt_version": "1.10.7", "profile_name": "travaux_angers", "target_name": "dev", "node_id": "test.travaux_angers.not_null_fct_travaux_stats_mois.c8d486f069"} */

    select
      count(*) as failures,
      count(*) != 0 as should_warn,
      count(*) != 0 as should_error
    from (
      
    
  
    
    



select mois
from `my-project-travaux-angers`.`travaux_angers_gold`.`fct_travaux_stats`
where mois is null



  
  
      
    ) dbt_internal_test
[0m00:18:00.242722 [debug] [Thread-1 (]: Opening a new connection, currently in state closed
[0m00:18:00.855410 [debug] [Thread-1 (]: BigQuery adapter: https://console.cloud.google.com/bigquery?project=my-project-travaux-angers&j=bq:US:c6a49e89-65f3-4dfc-8e11-b4097f60e6c0&page=queryresults
[0m00:18:00.856699 [error] [Thread-1 (]: BigQuery adapter: https://console.cloud.google.com/bigquery?project=my-project-travaux-angers&j=bq:US:c6a49e89-65f3-4dfc-8e11-b4097f60e6c0&page=queryresults
[0m00:18:00.862879 [debug] [Thread-1 (]: Database Error in test not_null_fct_travaux_stats_mois (models/schema.yml)
  Not found: Dataset my-project-travaux-angers:travaux_angers_gold was not found in location US
  compiled code at target/run/travaux_angers/models/schema.yml/not_null_fct_travaux_stats_mois.sql
[0m00:18:00.864026 [error] [Thread-1 (]: 13 of 17 ERROR not_null_fct_travaux_stats_mois ................................. [[31mERROR[0m in 0.65s]
[0m00:18:00.865855 [debug] [Thread-1 (]: Finished running node test.travaux_angers.not_null_fct_travaux_stats_mois.c8d486f069
[0m00:18:00.866745 [debug] [Thread-1 (]: Began running node test.travaux_angers.not_null_fct_travaux_stats_niveau_impact.823dcc05b5
[0m00:18:00.870226 [debug] [Thread-4 (]: Marking all children of 'test.travaux_angers.not_null_fct_travaux_stats_mois.c8d486f069' to be skipped because of status 'error'.  Reason: Database Error in test not_null_fct_travaux_stats_mois (models/schema.yml)
  Not found: Dataset my-project-travaux-angers:travaux_angers_gold was not found in location US
  compiled code at target/run/travaux_angers/models/schema.yml/not_null_fct_travaux_stats_mois.sql.
[0m00:18:00.868828 [info ] [Thread-1 (]: 14 of 17 START test not_null_fct_travaux_stats_niveau_impact ................... [RUN]
[0m00:18:00.875068 [debug] [Thread-1 (]: Re-using an available connection from the pool (formerly test.travaux_angers.not_null_fct_travaux_stats_mois.c8d486f069, now test.travaux_angers.not_null_fct_travaux_stats_niveau_impact.823dcc05b5)
[0m00:18:00.875965 [debug] [Thread-1 (]: Began compiling node test.travaux_angers.not_null_fct_travaux_stats_niveau_impact.823dcc05b5
[0m00:18:00.888467 [debug] [Thread-1 (]: Writing injected SQL for node "test.travaux_angers.not_null_fct_travaux_stats_niveau_impact.823dcc05b5"
[0m00:18:00.890110 [debug] [Thread-1 (]: Began executing node test.travaux_angers.not_null_fct_travaux_stats_niveau_impact.823dcc05b5
[0m00:18:00.900488 [debug] [Thread-1 (]: Writing runtime sql for node "test.travaux_angers.not_null_fct_travaux_stats_niveau_impact.823dcc05b5"
[0m00:18:00.902309 [debug] [Thread-1 (]: On test.travaux_angers.not_null_fct_travaux_stats_niveau_impact.823dcc05b5: /* {"app": "dbt", "dbt_version": "1.10.7", "profile_name": "travaux_angers", "target_name": "dev", "node_id": "test.travaux_angers.not_null_fct_travaux_stats_niveau_impact.823dcc05b5"} */

    select
      count(*) as failures,
      count(*) != 0 as should_warn,
      count(*) != 0 as should_error
    from (
      
    
  
    
    



select niveau_impact
from `my-project-travaux-angers`.`travaux_angers_gold`.`fct_travaux_stats`
where niveau_impact is null



  
  
      
    ) dbt_internal_test
[0m00:18:00.903275 [debug] [Thread-1 (]: Opening a new connection, currently in state closed
[0m00:18:01.558180 [debug] [Thread-1 (]: BigQuery adapter: https://console.cloud.google.com/bigquery?project=my-project-travaux-angers&j=bq:US:8e68a441-87b5-4c10-9419-e1c681d3d8b1&page=queryresults
[0m00:18:01.559846 [error] [Thread-1 (]: BigQuery adapter: https://console.cloud.google.com/bigquery?project=my-project-travaux-angers&j=bq:US:8e68a441-87b5-4c10-9419-e1c681d3d8b1&page=queryresults
[0m00:18:01.565360 [debug] [Thread-1 (]: Database Error in test not_null_fct_travaux_stats_niveau_impact (models/schema.yml)
  Not found: Dataset my-project-travaux-angers:travaux_angers_gold was not found in location US
  compiled code at target/run/travaux_angers/models/schema.yml/not_null_fct_travaux_stats_niveau_impact.sql
[0m00:18:01.566671 [error] [Thread-1 (]: 14 of 17 ERROR not_null_fct_travaux_stats_niveau_impact ........................ [[31mERROR[0m in 0.69s]
[0m00:18:01.570966 [debug] [Thread-1 (]: Finished running node test.travaux_angers.not_null_fct_travaux_stats_niveau_impact.823dcc05b5
[0m00:18:01.572086 [debug] [Thread-1 (]: Began running node test.travaux_angers.not_null_fct_travaux_stats_nombre_travaux.f78248fb39
[0m00:18:01.572939 [info ] [Thread-1 (]: 15 of 17 START test not_null_fct_travaux_stats_nombre_travaux .................. [RUN]
[0m00:18:01.573946 [debug] [Thread-1 (]: Re-using an available connection from the pool (formerly test.travaux_angers.not_null_fct_travaux_stats_niveau_impact.823dcc05b5, now test.travaux_angers.not_null_fct_travaux_stats_nombre_travaux.f78248fb39)
[0m00:18:01.574657 [debug] [Thread-1 (]: Began compiling node test.travaux_angers.not_null_fct_travaux_stats_nombre_travaux.f78248fb39
[0m00:18:01.584142 [debug] [Thread-4 (]: Marking all children of 'test.travaux_angers.not_null_fct_travaux_stats_niveau_impact.823dcc05b5' to be skipped because of status 'error'.  Reason: Database Error in test not_null_fct_travaux_stats_niveau_impact (models/schema.yml)
  Not found: Dataset my-project-travaux-angers:travaux_angers_gold was not found in location US
  compiled code at target/run/travaux_angers/models/schema.yml/not_null_fct_travaux_stats_niveau_impact.sql.
[0m00:18:01.583293 [debug] [Thread-1 (]: Writing injected SQL for node "test.travaux_angers.not_null_fct_travaux_stats_nombre_travaux.f78248fb39"
[0m00:18:01.592727 [debug] [Thread-1 (]: Began executing node test.travaux_angers.not_null_fct_travaux_stats_nombre_travaux.f78248fb39
[0m00:18:01.597441 [debug] [Thread-1 (]: Writing runtime sql for node "test.travaux_angers.not_null_fct_travaux_stats_nombre_travaux.f78248fb39"
[0m00:18:01.600158 [debug] [Thread-1 (]: On test.travaux_angers.not_null_fct_travaux_stats_nombre_travaux.f78248fb39: /* {"app": "dbt", "dbt_version": "1.10.7", "profile_name": "travaux_angers", "target_name": "dev", "node_id": "test.travaux_angers.not_null_fct_travaux_stats_nombre_travaux.f78248fb39"} */

    select
      count(*) as failures,
      count(*) != 0 as should_warn,
      count(*) != 0 as should_error
    from (
      
    
  
    
    



select nombre_travaux
from `my-project-travaux-angers`.`travaux_angers_gold`.`fct_travaux_stats`
where nombre_travaux is null



  
  
      
    ) dbt_internal_test
[0m00:18:01.601224 [debug] [Thread-1 (]: Opening a new connection, currently in state closed
[0m00:18:02.417861 [debug] [Thread-1 (]: BigQuery adapter: https://console.cloud.google.com/bigquery?project=my-project-travaux-angers&j=bq:US:999accf9-a293-4da2-9ea2-5b981772bad9&page=queryresults
[0m00:18:02.418951 [error] [Thread-1 (]: BigQuery adapter: https://console.cloud.google.com/bigquery?project=my-project-travaux-angers&j=bq:US:999accf9-a293-4da2-9ea2-5b981772bad9&page=queryresults
[0m00:18:02.423356 [debug] [Thread-1 (]: Database Error in test not_null_fct_travaux_stats_nombre_travaux (models/schema.yml)
  Not found: Dataset my-project-travaux-angers:travaux_angers_gold was not found in location US
  compiled code at target/run/travaux_angers/models/schema.yml/not_null_fct_travaux_stats_nombre_travaux.sql
[0m00:18:02.424252 [error] [Thread-1 (]: 15 of 17 ERROR not_null_fct_travaux_stats_nombre_travaux ....................... [[31mERROR[0m in 0.85s]
[0m00:18:02.425069 [debug] [Thread-1 (]: Finished running node test.travaux_angers.not_null_fct_travaux_stats_nombre_travaux.f78248fb39
[0m00:18:02.436033 [debug] [Thread-1 (]: Began running node test.travaux_angers.not_null_fct_travaux_stats_type_travaux.d017f39730
[0m00:18:02.437415 [info ] [Thread-1 (]: 16 of 17 START test not_null_fct_travaux_stats_type_travaux .................... [RUN]
[0m00:18:02.438780 [debug] [Thread-1 (]: Re-using an available connection from the pool (formerly test.travaux_angers.not_null_fct_travaux_stats_nombre_travaux.f78248fb39, now test.travaux_angers.not_null_fct_travaux_stats_type_travaux.d017f39730)
[0m00:18:02.439728 [debug] [Thread-1 (]: Began compiling node test.travaux_angers.not_null_fct_travaux_stats_type_travaux.d017f39730
[0m00:18:02.451814 [debug] [Thread-4 (]: Marking all children of 'test.travaux_angers.not_null_fct_travaux_stats_nombre_travaux.f78248fb39' to be skipped because of status 'error'.  Reason: Database Error in test not_null_fct_travaux_stats_nombre_travaux (models/schema.yml)
  Not found: Dataset my-project-travaux-angers:travaux_angers_gold was not found in location US
  compiled code at target/run/travaux_angers/models/schema.yml/not_null_fct_travaux_stats_nombre_travaux.sql.
[0m00:18:02.465695 [debug] [Thread-1 (]: Writing injected SQL for node "test.travaux_angers.not_null_fct_travaux_stats_type_travaux.d017f39730"
[0m00:18:02.467221 [debug] [Thread-1 (]: Began executing node test.travaux_angers.not_null_fct_travaux_stats_type_travaux.d017f39730
[0m00:18:02.471601 [debug] [Thread-1 (]: Writing runtime sql for node "test.travaux_angers.not_null_fct_travaux_stats_type_travaux.d017f39730"
[0m00:18:02.473048 [debug] [Thread-1 (]: On test.travaux_angers.not_null_fct_travaux_stats_type_travaux.d017f39730: /* {"app": "dbt", "dbt_version": "1.10.7", "profile_name": "travaux_angers", "target_name": "dev", "node_id": "test.travaux_angers.not_null_fct_travaux_stats_type_travaux.d017f39730"} */

    select
      count(*) as failures,
      count(*) != 0 as should_warn,
      count(*) != 0 as should_error
    from (
      
    
  
    
    



select type_travaux
from `my-project-travaux-angers`.`travaux_angers_gold`.`fct_travaux_stats`
where type_travaux is null



  
  
      
    ) dbt_internal_test
[0m00:18:02.473636 [debug] [Thread-1 (]: Opening a new connection, currently in state closed
[0m00:18:03.392126 [debug] [Thread-1 (]: BigQuery adapter: https://console.cloud.google.com/bigquery?project=my-project-travaux-angers&j=bq:US:f743f513-eb93-4a4b-ba32-21c76c10d313&page=queryresults
[0m00:18:03.393420 [error] [Thread-1 (]: BigQuery adapter: https://console.cloud.google.com/bigquery?project=my-project-travaux-angers&j=bq:US:f743f513-eb93-4a4b-ba32-21c76c10d313&page=queryresults
[0m00:18:03.399953 [debug] [Thread-1 (]: Database Error in test not_null_fct_travaux_stats_type_travaux (models/schema.yml)
  Not found: Dataset my-project-travaux-angers:travaux_angers_gold was not found in location US
  compiled code at target/run/travaux_angers/models/schema.yml/not_null_fct_travaux_stats_type_travaux.sql
[0m00:18:03.401499 [error] [Thread-1 (]: 16 of 17 ERROR not_null_fct_travaux_stats_type_travaux ......................... [[31mERROR[0m in 0.96s]
[0m00:18:03.403103 [debug] [Thread-1 (]: Finished running node test.travaux_angers.not_null_fct_travaux_stats_type_travaux.d017f39730
[0m00:18:03.404194 [debug] [Thread-1 (]: Began running node test.travaux_angers.unique_dim_travaux_details_id.805bae18ae
[0m00:18:03.405132 [info ] [Thread-1 (]: 17 of 17 START test unique_dim_travaux_details_id .............................. [RUN]
[0m00:18:03.406740 [debug] [Thread-4 (]: Marking all children of 'test.travaux_angers.not_null_fct_travaux_stats_type_travaux.d017f39730' to be skipped because of status 'error'.  Reason: Database Error in test not_null_fct_travaux_stats_type_travaux (models/schema.yml)
  Not found: Dataset my-project-travaux-angers:travaux_angers_gold was not found in location US
  compiled code at target/run/travaux_angers/models/schema.yml/not_null_fct_travaux_stats_type_travaux.sql.
[0m00:18:03.409360 [debug] [Thread-1 (]: Re-using an available connection from the pool (formerly test.travaux_angers.not_null_fct_travaux_stats_type_travaux.d017f39730, now test.travaux_angers.unique_dim_travaux_details_id.805bae18ae)
[0m00:18:03.411205 [debug] [Thread-1 (]: Began compiling node test.travaux_angers.unique_dim_travaux_details_id.805bae18ae
[0m00:18:03.429394 [debug] [Thread-1 (]: Writing injected SQL for node "test.travaux_angers.unique_dim_travaux_details_id.805bae18ae"
[0m00:18:03.431312 [debug] [Thread-1 (]: Began executing node test.travaux_angers.unique_dim_travaux_details_id.805bae18ae
[0m00:18:03.436138 [debug] [Thread-1 (]: Writing runtime sql for node "test.travaux_angers.unique_dim_travaux_details_id.805bae18ae"
[0m00:18:03.438374 [debug] [Thread-1 (]: On test.travaux_angers.unique_dim_travaux_details_id.805bae18ae: /* {"app": "dbt", "dbt_version": "1.10.7", "profile_name": "travaux_angers", "target_name": "dev", "node_id": "test.travaux_angers.unique_dim_travaux_details_id.805bae18ae"} */

    select
      count(*) as failures,
      count(*) != 0 as should_warn,
      count(*) != 0 as should_error
    from (
      
    
  
    
    

with dbt_test__target as (

  select id as unique_field
  from `my-project-travaux-angers`.`travaux_angers_gold`.`dim_travaux_details`
  where id is not null

)

select
    unique_field,
    count(*) as n_records

from dbt_test__target
group by unique_field
having count(*) > 1



  
  
      
    ) dbt_internal_test
[0m00:18:03.439476 [debug] [Thread-1 (]: Opening a new connection, currently in state closed
[0m00:18:04.365385 [debug] [Thread-1 (]: BigQuery adapter: https://console.cloud.google.com/bigquery?project=my-project-travaux-angers&j=bq:US:827820c6-324d-4bb1-9b9b-85016bce8516&page=queryresults
[0m00:18:04.366848 [error] [Thread-1 (]: BigQuery adapter: https://console.cloud.google.com/bigquery?project=my-project-travaux-angers&j=bq:US:827820c6-324d-4bb1-9b9b-85016bce8516&page=queryresults
[0m00:18:04.383594 [debug] [Thread-1 (]: Database Error in test unique_dim_travaux_details_id (models/schema.yml)
  Not found: Dataset my-project-travaux-angers:travaux_angers_gold was not found in location US
  compiled code at target/run/travaux_angers/models/schema.yml/unique_dim_travaux_details_id.sql
[0m00:18:04.385133 [error] [Thread-1 (]: 17 of 17 ERROR unique_dim_travaux_details_id ................................... [[31mERROR[0m in 0.98s]
[0m00:18:04.386610 [debug] [Thread-1 (]: Finished running node test.travaux_angers.unique_dim_travaux_details_id.805bae18ae
[0m00:18:04.392480 [debug] [Thread-4 (]: Marking all children of 'test.travaux_angers.unique_dim_travaux_details_id.805bae18ae' to be skipped because of status 'error'.  Reason: Database Error in test unique_dim_travaux_details_id (models/schema.yml)
  Not found: Dataset my-project-travaux-angers:travaux_angers_gold was not found in location US
  compiled code at target/run/travaux_angers/models/schema.yml/unique_dim_travaux_details_id.sql.
[0m00:18:04.399381 [debug] [MainThread]: Opening a new connection, currently in state closed
[0m00:18:04.477570 [debug] [MainThread]: Connection 'master' was properly closed.
[0m00:18:04.478387 [debug] [MainThread]: Connection 'test.travaux_angers.unique_dim_travaux_details_id.805bae18ae' was properly closed.
[0m00:18:04.479133 [info ] [MainThread]: 
[0m00:18:04.479773 [info ] [MainThread]: Finished running 17 data tests in 0 hours 0 minutes and 14.54 seconds (14.54s).
[0m00:18:04.483372 [debug] [MainThread]: Command end result
[0m00:18:04.621255 [debug] [MainThread]: Wrote artifact WritableManifest to /usr/ELT_Travaux_Angers/dbt/target/manifest.json
[0m00:18:04.626165 [debug] [MainThread]: Wrote artifact SemanticManifest to /usr/ELT_Travaux_Angers/dbt/target/semantic_manifest.json
[0m00:18:04.650931 [debug] [MainThread]: Wrote artifact RunExecutionResult to /usr/ELT_Travaux_Angers/dbt/target/run_results.json
[0m00:18:04.651705 [info ] [MainThread]: 
[0m00:18:04.652655 [info ] [MainThread]: [31mCompleted with 17 errors, 0 partial successes, and 0 warnings:[0m
[0m00:18:04.654045 [info ] [MainThread]: 
[0m00:18:04.655693 [error] [MainThread]: [31mFailure in test accepted_values_dim_travaux_details_impact_trafic__FORT__MOYEN__FAIBLE (models/schema.yml)[0m
[0m00:18:04.657792 [error] [MainThread]:   Database Error in test accepted_values_dim_travaux_details_impact_trafic__FORT__MOYEN__FAIBLE (models/schema.yml)
  Not found: Dataset my-project-travaux-angers:travaux_angers_gold was not found in location US
  compiled code at target/run/travaux_angers/models/schema.yml/accepted_values_dim_travaux_de_0e8fdce8a167413f1d7cce94353f42ae.sql
[0m00:18:04.658942 [info ] [MainThread]: 
[0m00:18:04.659858 [info ] [MainThread]:   compiled code at target/compiled/travaux_angers/models/schema.yml/accepted_values_dim_travaux_de_0e8fdce8a167413f1d7cce94353f42ae.sql
[0m00:18:04.660605 [info ] [MainThread]: 
[0m00:18:04.661488 [error] [MainThread]: [31mFailure in test dbt_utils_expression_is_true_dim_travaux_details_date_fin__date_fin_date_debut (models/schema.yml)[0m
[0m00:18:04.662650 [error] [MainThread]:   Database Error in test dbt_utils_expression_is_true_dim_travaux_details_date_fin__date_fin_date_debut (models/schema.yml)
  Syntax error: Expected "," but got identifier "date_fin" at [18:20]
  compiled code at target/run/travaux_angers/models/schema.yml/dbt_utils_expression_is_true_d_6560768451d827cc76890e0d84cc4a4e.sql
[0m00:18:04.663438 [info ] [MainThread]: 
[0m00:18:04.664348 [info ] [MainThread]:   compiled code at target/compiled/travaux_angers/models/schema.yml/dbt_utils_expression_is_true_d_6560768451d827cc76890e0d84cc4a4e.sql
[0m00:18:04.665094 [info ] [MainThread]: 
[0m00:18:04.666001 [error] [MainThread]: [31mFailure in test dbt_utils_expression_is_true_dim_travaux_details_duree_jours___0 (models/schema.yml)[0m
[0m00:18:04.666881 [error] [MainThread]:   Database Error in test dbt_utils_expression_is_true_dim_travaux_details_duree_jours___0 (models/schema.yml)
  Not found: Dataset my-project-travaux-angers:travaux_angers_gold was not found in location US
  compiled code at target/run/travaux_angers/models/schema.yml/dbt_utils_expression_is_true_d_503fcda03785a9cf14ac6f742b22d1b2.sql
[0m00:18:04.667541 [info ] [MainThread]: 
[0m00:18:04.668448 [info ] [MainThread]:   compiled code at target/compiled/travaux_angers/models/schema.yml/dbt_utils_expression_is_true_d_503fcda03785a9cf14ac6f742b22d1b2.sql
[0m00:18:04.669200 [info ] [MainThread]: 
[0m00:18:04.670032 [error] [MainThread]: [31mFailure in test dbt_utils_expression_is_true_fct_travaux_stats_nombre_travaux___0 (models/schema.yml)[0m
[0m00:18:04.671310 [error] [MainThread]:   Database Error in test dbt_utils_expression_is_true_fct_travaux_stats_nombre_travaux___0 (models/schema.yml)
  Not found: Dataset my-project-travaux-angers:travaux_angers_gold was not found in location US
  compiled code at target/run/travaux_angers/models/schema.yml/dbt_utils_expression_is_true_f_328ae2aa3d42c812b2a0bc0e1b175af8.sql
[0m00:18:04.672408 [info ] [MainThread]: 
[0m00:18:04.673919 [info ] [MainThread]:   compiled code at target/compiled/travaux_angers/models/schema.yml/dbt_utils_expression_is_true_f_328ae2aa3d42c812b2a0bc0e1b175af8.sql
[0m00:18:04.675834 [info ] [MainThread]: 
[0m00:18:04.679016 [error] [MainThread]: [31mFailure in test dbt_utils_expression_is_true_fct_travaux_stats_ratio_actif__BETWEEN_0_AND_1 (models/schema.yml)[0m
[0m00:18:04.680951 [error] [MainThread]:   Database Error in test dbt_utils_expression_is_true_fct_travaux_stats_ratio_actif__BETWEEN_0_AND_1 (models/schema.yml)
  Not found: Dataset my-project-travaux-angers:travaux_angers_gold was not found in location US
  compiled code at target/run/travaux_angers/models/schema.yml/dbt_utils_expression_is_true_f_87b6d78906d3eba6231a3279f4654bcf.sql
[0m00:18:04.682050 [info ] [MainThread]: 
[0m00:18:04.683093 [info ] [MainThread]:   compiled code at target/compiled/travaux_angers/models/schema.yml/dbt_utils_expression_is_true_f_87b6d78906d3eba6231a3279f4654bcf.sql
[0m00:18:04.684149 [info ] [MainThread]: 
[0m00:18:04.685316 [error] [MainThread]: [31mFailure in test not_null_dim_travaux_details_date_debut (models/schema.yml)[0m
[0m00:18:04.686524 [error] [MainThread]:   Database Error in test not_null_dim_travaux_details_date_debut (models/schema.yml)
  Not found: Dataset my-project-travaux-angers:travaux_angers_gold was not found in location US
  compiled code at target/run/travaux_angers/models/schema.yml/not_null_dim_travaux_details_date_debut.sql
[0m00:18:04.687597 [info ] [MainThread]: 
[0m00:18:04.688891 [info ] [MainThread]:   compiled code at target/compiled/travaux_angers/models/schema.yml/not_null_dim_travaux_details_date_debut.sql
[0m00:18:04.689902 [info ] [MainThread]: 
[0m00:18:04.690933 [error] [MainThread]: [31mFailure in test not_null_dim_travaux_details_date_fin (models/schema.yml)[0m
[0m00:18:04.694641 [error] [MainThread]:   Database Error in test not_null_dim_travaux_details_date_fin (models/schema.yml)
  Not found: Dataset my-project-travaux-angers:travaux_angers_gold was not found in location US
  compiled code at target/run/travaux_angers/models/schema.yml/not_null_dim_travaux_details_date_fin.sql
[0m00:18:04.696783 [info ] [MainThread]: 
[0m00:18:04.698066 [info ] [MainThread]:   compiled code at target/compiled/travaux_angers/models/schema.yml/not_null_dim_travaux_details_date_fin.sql
[0m00:18:04.699467 [info ] [MainThread]: 
[0m00:18:04.701012 [error] [MainThread]: [31mFailure in test not_null_dim_travaux_details_duree_jours (models/schema.yml)[0m
[0m00:18:04.702377 [error] [MainThread]:   Database Error in test not_null_dim_travaux_details_duree_jours (models/schema.yml)
  Not found: Dataset my-project-travaux-angers:travaux_angers_gold was not found in location US
  compiled code at target/run/travaux_angers/models/schema.yml/not_null_dim_travaux_details_duree_jours.sql
[0m00:18:04.703226 [info ] [MainThread]: 
[0m00:18:04.704096 [info ] [MainThread]:   compiled code at target/compiled/travaux_angers/models/schema.yml/not_null_dim_travaux_details_duree_jours.sql
[0m00:18:04.704863 [info ] [MainThread]: 
[0m00:18:04.705728 [error] [MainThread]: [31mFailure in test not_null_dim_travaux_details_id (models/schema.yml)[0m
[0m00:18:04.706471 [error] [MainThread]:   Database Error in test not_null_dim_travaux_details_id (models/schema.yml)
  Not found: Dataset my-project-travaux-angers:travaux_angers_gold was not found in location US
  compiled code at target/run/travaux_angers/models/schema.yml/not_null_dim_travaux_details_id.sql
[0m00:18:04.707242 [info ] [MainThread]: 
[0m00:18:04.708304 [info ] [MainThread]:   compiled code at target/compiled/travaux_angers/models/schema.yml/not_null_dim_travaux_details_id.sql
[0m00:18:04.709394 [info ] [MainThread]: 
[0m00:18:04.710607 [error] [MainThread]: [31mFailure in test not_null_dim_travaux_details_impact_trafic (models/schema.yml)[0m
[0m00:18:04.711991 [error] [MainThread]:   Database Error in test not_null_dim_travaux_details_impact_trafic (models/schema.yml)
  Not found: Dataset my-project-travaux-angers:travaux_angers_gold was not found in location US
  compiled code at target/run/travaux_angers/models/schema.yml/not_null_dim_travaux_details_impact_trafic.sql
[0m00:18:04.713612 [info ] [MainThread]: 
[0m00:18:04.714926 [info ] [MainThread]:   compiled code at target/compiled/travaux_angers/models/schema.yml/not_null_dim_travaux_details_impact_trafic.sql
[0m00:18:04.716133 [info ] [MainThread]: 
[0m00:18:04.717502 [error] [MainThread]: [31mFailure in test not_null_dim_travaux_details_position (models/schema.yml)[0m
[0m00:18:04.718801 [error] [MainThread]:   Database Error in test not_null_dim_travaux_details_position (models/schema.yml)
  Not found: Dataset my-project-travaux-angers:travaux_angers_gold was not found in location US
  compiled code at target/run/travaux_angers/models/schema.yml/not_null_dim_travaux_details_position.sql
[0m00:18:04.719751 [info ] [MainThread]: 
[0m00:18:04.721355 [info ] [MainThread]:   compiled code at target/compiled/travaux_angers/models/schema.yml/not_null_dim_travaux_details_position.sql
[0m00:18:04.722254 [info ] [MainThread]: 
[0m00:18:04.723131 [error] [MainThread]: [31mFailure in test not_null_dim_travaux_details_titre (models/schema.yml)[0m
[0m00:18:04.724345 [error] [MainThread]:   Database Error in test not_null_dim_travaux_details_titre (models/schema.yml)
  Not found: Dataset my-project-travaux-angers:travaux_angers_gold was not found in location US
  compiled code at target/run/travaux_angers/models/schema.yml/not_null_dim_travaux_details_titre.sql
[0m00:18:04.725464 [info ] [MainThread]: 
[0m00:18:04.726555 [info ] [MainThread]:   compiled code at target/compiled/travaux_angers/models/schema.yml/not_null_dim_travaux_details_titre.sql
[0m00:18:04.727644 [info ] [MainThread]: 
[0m00:18:04.728884 [error] [MainThread]: [31mFailure in test not_null_fct_travaux_stats_mois (models/schema.yml)[0m
[0m00:18:04.730251 [error] [MainThread]:   Database Error in test not_null_fct_travaux_stats_mois (models/schema.yml)
  Not found: Dataset my-project-travaux-angers:travaux_angers_gold was not found in location US
  compiled code at target/run/travaux_angers/models/schema.yml/not_null_fct_travaux_stats_mois.sql
[0m00:18:04.731204 [info ] [MainThread]: 
[0m00:18:04.732404 [info ] [MainThread]:   compiled code at target/compiled/travaux_angers/models/schema.yml/not_null_fct_travaux_stats_mois.sql
[0m00:18:04.734558 [info ] [MainThread]: 
[0m00:18:04.737769 [error] [MainThread]: [31mFailure in test not_null_fct_travaux_stats_niveau_impact (models/schema.yml)[0m
[0m00:18:04.740592 [error] [MainThread]:   Database Error in test not_null_fct_travaux_stats_niveau_impact (models/schema.yml)
  Not found: Dataset my-project-travaux-angers:travaux_angers_gold was not found in location US
  compiled code at target/run/travaux_angers/models/schema.yml/not_null_fct_travaux_stats_niveau_impact.sql
[0m00:18:04.742815 [info ] [MainThread]: 
[0m00:18:04.744218 [info ] [MainThread]:   compiled code at target/compiled/travaux_angers/models/schema.yml/not_null_fct_travaux_stats_niveau_impact.sql
[0m00:18:04.745621 [info ] [MainThread]: 
[0m00:18:04.747094 [error] [MainThread]: [31mFailure in test not_null_fct_travaux_stats_nombre_travaux (models/schema.yml)[0m
[0m00:18:04.748503 [error] [MainThread]:   Database Error in test not_null_fct_travaux_stats_nombre_travaux (models/schema.yml)
  Not found: Dataset my-project-travaux-angers:travaux_angers_gold was not found in location US
  compiled code at target/run/travaux_angers/models/schema.yml/not_null_fct_travaux_stats_nombre_travaux.sql
[0m00:18:04.749617 [info ] [MainThread]: 
[0m00:18:04.750840 [info ] [MainThread]:   compiled code at target/compiled/travaux_angers/models/schema.yml/not_null_fct_travaux_stats_nombre_travaux.sql
[0m00:18:04.752143 [info ] [MainThread]: 
[0m00:18:04.754871 [error] [MainThread]: [31mFailure in test not_null_fct_travaux_stats_type_travaux (models/schema.yml)[0m
[0m00:18:04.757082 [error] [MainThread]:   Database Error in test not_null_fct_travaux_stats_type_travaux (models/schema.yml)
  Not found: Dataset my-project-travaux-angers:travaux_angers_gold was not found in location US
  compiled code at target/run/travaux_angers/models/schema.yml/not_null_fct_travaux_stats_type_travaux.sql
[0m00:18:04.759288 [info ] [MainThread]: 
[0m00:18:04.761183 [info ] [MainThread]:   compiled code at target/compiled/travaux_angers/models/schema.yml/not_null_fct_travaux_stats_type_travaux.sql
[0m00:18:04.763338 [info ] [MainThread]: 
[0m00:18:04.764868 [error] [MainThread]: [31mFailure in test unique_dim_travaux_details_id (models/schema.yml)[0m
[0m00:18:04.766110 [error] [MainThread]:   Database Error in test unique_dim_travaux_details_id (models/schema.yml)
  Not found: Dataset my-project-travaux-angers:travaux_angers_gold was not found in location US
  compiled code at target/run/travaux_angers/models/schema.yml/unique_dim_travaux_details_id.sql
[0m00:18:04.767163 [info ] [MainThread]: 
[0m00:18:04.768610 [info ] [MainThread]:   compiled code at target/compiled/travaux_angers/models/schema.yml/unique_dim_travaux_details_id.sql
[0m00:18:04.769875 [info ] [MainThread]: 
[0m00:18:04.770988 [info ] [MainThread]: Done. PASS=0 WARN=0 ERROR=17 SKIP=0 NO-OP=0 TOTAL=17
[0m00:18:04.773573 [debug] [MainThread]: Resource report: {"command_name": "test", "command_success": false, "command_wall_clock_time": 24.37207, "process_in_blocks": "1472", "process_kernel_time": 1.169183, "process_mem_max_rss": "415928", "process_out_blocks": "4520", "process_user_time": 15.874689}
[0m00:18:04.775509 [debug] [MainThread]: Command `dbt test` failed at 00:18:04.775207 after 24.37 seconds
[0m00:18:04.776972 [debug] [MainThread]: Sending event: {'category': 'dbt', 'action': 'invocation', 'label': 'end', 'context': [<snowplow_tracker.self_describing_json.SelfDescribingJson object at 0x7f16cc52be00>, <snowplow_tracker.self_describing_json.SelfDescribingJson object at 0x7f169566b020>, <snowplow_tracker.self_describing_json.SelfDescribingJson object at 0x7f1695668e00>]}
[0m00:18:04.778571 [debug] [MainThread]: Flushing usage events
[0m00:18:05.198378 [debug] [MainThread]: An error was encountered while trying to flush usage events
[0m00:19:41.811353 [debug] [MainThread]: Sending event: {'category': 'dbt', 'action': 'invocation', 'label': 'start', 'context': [<snowplow_tracker.self_describing_json.SelfDescribingJson object at 0x7f66ebe60320>, <snowplow_tracker.self_describing_json.SelfDescribingJson object at 0x7f66e9db6ba0>, <snowplow_tracker.self_describing_json.SelfDescribingJson object at 0x7f66e9bca540>]}


============================== 00:19:41.820575 | aad88c8f-cfae-46a1-ae9d-62f9ae32faf1 ==============================
[0m00:19:41.820575 [info ] [MainThread]: Running with dbt=1.10.7
[0m00:19:41.821725 [debug] [MainThread]: running dbt with arguments {'printer_width': '80', 'indirect_selection': 'eager', 'log_cache_events': 'False', 'write_json': 'True', 'partial_parse': 'True', 'cache_selected_only': 'False', 'warn_error': 'None', 'version_check': 'True', 'debug': 'False', 'log_path': '/usr/ELT_Travaux_Angers/dbt/logs', 'fail_fast': 'False', 'profiles_dir': '/usr/ELT_Travaux_Angers/dbt', 'use_colors': 'True', 'use_experimental_parser': 'False', 'no_print': 'None', 'quiet': 'False', 'empty': 'False', 'warn_error_options': 'WarnErrorOptionsV2(error=[], warn=[], silence=[])', 'introspect': 'True', 'invocation_command': 'dbt run', 'log_format': 'default', 'target_path': 'None', 'static_parser': 'True', 'send_anonymous_usage_stats': 'True'}
[0m00:19:47.183888 [debug] [MainThread]: Sending event: {'category': 'dbt', 'action': 'project_id', 'label': 'aad88c8f-cfae-46a1-ae9d-62f9ae32faf1', 'context': [<snowplow_tracker.self_describing_json.SelfDescribingJson object at 0x7f66b5367740>]}
[0m00:19:47.340007 [debug] [MainThread]: Sending event: {'category': 'dbt', 'action': 'adapter_info', 'label': 'aad88c8f-cfae-46a1-ae9d-62f9ae32faf1', 'context': [<snowplow_tracker.self_describing_json.SelfDescribingJson object at 0x7f66b53a9ee0>]}
[0m00:19:47.341263 [info ] [MainThread]: Registered adapter: bigquery=1.10.1
[0m00:19:47.580082 [debug] [MainThread]: checksum: 44f4b502e2ddc67beed4db71ce39b63f2d3b7fc0b96e49a69b096c8f6cc370bc, vars: {}, profile: , target: , version: 1.10.7
[0m00:19:47.817139 [debug] [MainThread]: Partial parsing enabled: 0 files deleted, 0 files added, 1 files changed.
[0m00:19:47.820232 [debug] [MainThread]: Partial parsing: updated file: travaux_angers://models/schema.yml
[0m00:19:49.013028 [debug] [MainThread]: Sending event: {'category': 'dbt', 'action': 'load_project', 'label': 'aad88c8f-cfae-46a1-ae9d-62f9ae32faf1', 'context': [<snowplow_tracker.self_describing_json.SelfDescribingJson object at 0x7f66af1743e0>]}
[0m00:19:49.212848 [debug] [MainThread]: Wrote artifact WritableManifest to /usr/ELT_Travaux_Angers/dbt/target/manifest.json
[0m00:19:49.217595 [debug] [MainThread]: Wrote artifact SemanticManifest to /usr/ELT_Travaux_Angers/dbt/target/semantic_manifest.json
[0m00:19:49.249776 [debug] [MainThread]: Sending event: {'category': 'dbt', 'action': 'resource_counts', 'label': 'aad88c8f-cfae-46a1-ae9d-62f9ae32faf1', 'context': [<snowplow_tracker.self_describing_json.SelfDescribingJson object at 0x7f66b4b519d0>]}
[0m00:19:49.250975 [info ] [MainThread]: Found 4 models, 17 data tests, 1 source, 610 macros
[0m00:19:49.251923 [debug] [MainThread]: Sending event: {'category': 'dbt', 'action': 'runnable_timing', 'label': 'aad88c8f-cfae-46a1-ae9d-62f9ae32faf1', 'context': [<snowplow_tracker.self_describing_json.SelfDescribingJson object at 0x7f66b4a41c70>]}
[0m00:19:49.256299 [info ] [MainThread]: 
[0m00:19:49.257087 [info ] [MainThread]: Concurrency: 1 threads (target='dev')
[0m00:19:49.257634 [info ] [MainThread]: 
[0m00:19:49.258639 [debug] [MainThread]: Acquiring new bigquery connection 'master'
[0m00:19:49.272195 [debug] [ThreadPool]: Acquiring new bigquery connection 'list_my-project-travaux-angers'
[0m00:19:49.273586 [debug] [ThreadPool]: Opening a new connection, currently in state init
[0m00:19:49.805109 [debug] [ThreadPool]: Opening a new connection, currently in state closed
[0m00:19:50.247095 [debug] [ThreadPool]: Opening a new connection, currently in state closed
[0m00:19:50.821737 [debug] [ThreadPool]: Re-using an available connection from the pool (formerly list_my-project-travaux-angers, now create_my-project-travaux-angers_travaux_angers_gold)
[0m00:19:50.825283 [debug] [ThreadPool]: Creating schema "database: "my-project-travaux-angers"
schema: "travaux_angers_gold"
"
[0m00:19:50.862682 [debug] [ThreadPool]: On create_my-project-travaux-angers_travaux_angers_gold: /* {"app": "dbt", "dbt_version": "1.10.7", "profile_name": "travaux_angers", "target_name": "dev", "connection_name": "create_my-project-travaux-angers_travaux_angers_gold"} */
create schema if not exists `my-project-travaux-angers`.`travaux_angers_gold`
  
[0m00:19:50.863863 [debug] [ThreadPool]: Opening a new connection, currently in state closed
[0m00:19:51.483308 [debug] [ThreadPool]: BigQuery adapter: https://console.cloud.google.com/bigquery?project=my-project-travaux-angers&j=bq:US:de4cbd7c-48ff-428f-aea0-55f43441fb69&page=queryresults
[0m00:19:52.370453 [debug] [ThreadPool]: Re-using an available connection from the pool (formerly create_my-project-travaux-angers_travaux_angers_gold, now create_my-project-travaux-angers_travaux_angers_silver)
[0m00:19:52.373065 [debug] [ThreadPool]: Creating schema "database: "my-project-travaux-angers"
schema: "travaux_angers_silver"
"
[0m00:19:52.379760 [debug] [ThreadPool]: On create_my-project-travaux-angers_travaux_angers_silver: /* {"app": "dbt", "dbt_version": "1.10.7", "profile_name": "travaux_angers", "target_name": "dev", "connection_name": "create_my-project-travaux-angers_travaux_angers_silver"} */
create schema if not exists `my-project-travaux-angers`.`travaux_angers_silver`
  
[0m00:19:52.380613 [debug] [ThreadPool]: Opening a new connection, currently in state closed
[0m00:19:52.959901 [debug] [ThreadPool]: BigQuery adapter: https://console.cloud.google.com/bigquery?project=my-project-travaux-angers&j=bq:US:f2130f94-8d30-4685-be5d-c0104773dcb0&page=queryresults
[0m00:19:54.050788 [debug] [ThreadPool]: Re-using an available connection from the pool (formerly create_my-project-travaux-angers_travaux_angers_silver, now create_my-project-travaux-angers_travaux_angers_bronze)
[0m00:19:54.052336 [debug] [ThreadPool]: Creating schema "database: "my-project-travaux-angers"
schema: "travaux_angers_bronze"
"
[0m00:19:54.057423 [debug] [ThreadPool]: On create_my-project-travaux-angers_travaux_angers_bronze: /* {"app": "dbt", "dbt_version": "1.10.7", "profile_name": "travaux_angers", "target_name": "dev", "connection_name": "create_my-project-travaux-angers_travaux_angers_bronze"} */
create schema if not exists `my-project-travaux-angers`.`travaux_angers_bronze`
  
[0m00:19:54.058377 [debug] [ThreadPool]: Opening a new connection, currently in state closed
[0m00:19:54.771552 [debug] [ThreadPool]: BigQuery adapter: https://console.cloud.google.com/bigquery?project=my-project-travaux-angers&j=bq:US:0761e4bb-a101-4f50-8c98-395fb048bbee&page=queryresults
[0m00:19:55.426893 [debug] [ThreadPool]: Re-using an available connection from the pool (formerly create_my-project-travaux-angers_travaux_angers_bronze, now list_my-project-travaux-angers_travaux_angers_gold)
[0m00:19:55.428149 [debug] [ThreadPool]: Opening a new connection, currently in state closed
[0m00:19:55.875701 [debug] [ThreadPool]: Re-using an available connection from the pool (formerly list_my-project-travaux-angers_travaux_angers_gold, now list_my-project-travaux-angers_travaux_angers_silver)
[0m00:19:55.876895 [debug] [ThreadPool]: Opening a new connection, currently in state closed
[0m00:19:56.361320 [debug] [ThreadPool]: Re-using an available connection from the pool (formerly list_my-project-travaux-angers_travaux_angers_silver, now list_my-project-travaux-angers_travaux_angers_bronze)
[0m00:19:56.362281 [debug] [ThreadPool]: Opening a new connection, currently in state closed
[0m00:19:56.809738 [debug] [MainThread]: Sending event: {'category': 'dbt', 'action': 'runnable_timing', 'label': 'aad88c8f-cfae-46a1-ae9d-62f9ae32faf1', 'context': [<snowplow_tracker.self_describing_json.SelfDescribingJson object at 0x7f66b516c350>]}
[0m00:19:56.811220 [debug] [MainThread]: Opening a new connection, currently in state init
[0m00:19:56.885808 [debug] [Thread-1 (]: Began running node model.travaux_angers.src_travaux_angers
[0m00:19:56.886888 [info ] [Thread-1 (]: 1 of 4 START sql view model travaux_angers_bronze.src_travaux_angers ........... [RUN]
[0m00:19:56.887947 [debug] [Thread-1 (]: Re-using an available connection from the pool (formerly list_my-project-travaux-angers_travaux_angers_bronze, now model.travaux_angers.src_travaux_angers)
[0m00:19:56.888800 [debug] [Thread-1 (]: Began compiling node model.travaux_angers.src_travaux_angers
[0m00:19:56.910938 [debug] [Thread-1 (]: Writing injected SQL for node "model.travaux_angers.src_travaux_angers"
[0m00:19:56.914102 [debug] [Thread-1 (]: Began executing node model.travaux_angers.src_travaux_angers
[0m00:19:56.976116 [debug] [Thread-1 (]: Writing runtime sql for node "model.travaux_angers.src_travaux_angers"
[0m00:19:56.978686 [debug] [Thread-1 (]: On model.travaux_angers.src_travaux_angers: /* {"app": "dbt", "dbt_version": "1.10.7", "profile_name": "travaux_angers", "target_name": "dev", "node_id": "model.travaux_angers.src_travaux_angers"} */


  create or replace view `my-project-travaux-angers`.`travaux_angers_bronze`.`src_travaux_angers`
  OPTIONS()
  as -- bronze/src_travaux_angers.sql
-- Source brute des données de travaux
SELECT
    *,
    CURRENT_TIMESTAMP() as _loaded_at
FROM `my-project-travaux-angers`.`travaux_angers`.`travaux_angers`;


[0m00:19:56.979854 [debug] [Thread-1 (]: Opening a new connection, currently in state closed
[0m00:19:57.734422 [debug] [Thread-1 (]: BigQuery adapter: https://console.cloud.google.com/bigquery?project=my-project-travaux-angers&j=bq:US:ea64f2e8-8433-4831-9115-bde047899bdd&page=queryresults
[0m00:19:58.225003 [debug] [Thread-1 (]: Sending event: {'category': 'dbt', 'action': 'run_model', 'label': 'aad88c8f-cfae-46a1-ae9d-62f9ae32faf1', 'context': [<snowplow_tracker.self_describing_json.SelfDescribingJson object at 0x7f66ea3649b0>]}
[0m00:19:58.226817 [info ] [Thread-1 (]: 1 of 4 OK created sql view model travaux_angers_bronze.src_travaux_angers ...... [[32mCREATE VIEW (0 processed)[0m in 1.33s]
[0m00:19:58.228201 [debug] [Thread-1 (]: Finished running node model.travaux_angers.src_travaux_angers
[0m00:19:58.230474 [debug] [Thread-1 (]: Began running node model.travaux_angers.stg_travaux_angers
[0m00:19:58.231356 [info ] [Thread-1 (]: 2 of 4 START sql table model travaux_angers_silver.stg_travaux_angers .......... [RUN]
[0m00:19:58.232310 [debug] [Thread-1 (]: Re-using an available connection from the pool (formerly model.travaux_angers.src_travaux_angers, now model.travaux_angers.stg_travaux_angers)
[0m00:19:58.233129 [debug] [Thread-1 (]: Began compiling node model.travaux_angers.stg_travaux_angers
[0m00:19:58.239032 [debug] [Thread-1 (]: Writing injected SQL for node "model.travaux_angers.stg_travaux_angers"
[0m00:19:58.242152 [debug] [Thread-1 (]: Began executing node model.travaux_angers.stg_travaux_angers
[0m00:19:58.308377 [debug] [Thread-1 (]: Writing runtime sql for node "model.travaux_angers.stg_travaux_angers"
[0m00:19:58.311401 [debug] [Thread-1 (]: On model.travaux_angers.stg_travaux_angers: /* {"app": "dbt", "dbt_version": "1.10.7", "profile_name": "travaux_angers", "target_name": "dev", "node_id": "model.travaux_angers.stg_travaux_angers"} */

  
    

    create or replace table `my-project-travaux-angers`.`travaux_angers_silver`.`stg_travaux_angers`
      
    
    

    
    OPTIONS()
    as (
      -- silver/stg_travaux_angers.sql
-- Données nettoyées et standardisées
WITH source AS (
    SELECT * FROM `my-project-travaux-angers`.`travaux_angers_bronze`.`src_travaux_angers`
)

SELECT
    id,
    title as titre,
    PARSE_DATETIME('%Y-%m-%dT%H:%M:%S', SUBSTR(startat, 1, 19)) as date_debut,
    PARSE_DATETIME('%Y-%m-%dT%H:%M:%S', SUBSTR(endat, 1, 19)) as date_fin,
    impact,
    CAST(coordinate_x as FLOAT64) as longitude,
    CAST(coordinate_y as FLOAT64) as latitude,
    type,
    COALESCE(description, 'Non spécifié') as description,
    CURRENT_TIMESTAMP() as _updated_at
FROM source
    );
  
[0m00:19:58.312620 [debug] [Thread-1 (]: Opening a new connection, currently in state closed
[0m00:19:59.169362 [debug] [Thread-1 (]: BigQuery adapter: https://console.cloud.google.com/bigquery?project=my-project-travaux-angers&j=bq:US:cd1097b4-91d9-4e8b-8fcf-70146003c777&page=queryresults
[0m00:19:59.414111 [error] [Thread-1 (]: BigQuery adapter: https://console.cloud.google.com/bigquery?project=my-project-travaux-angers&j=bq:US:cd1097b4-91d9-4e8b-8fcf-70146003c777&page=queryresults
[0m00:19:59.431236 [debug] [Thread-1 (]: Database Error in model stg_travaux_angers (models/silver/stg_travaux_angers.sql)
  No matching signature for function SUBSTR
    Argument types: TIMESTAMP, INT64, INT64
    Signature: SUBSTR(STRING, INT64, [INT64])
      Argument 1: Unable to coerce type TIMESTAMP to expected type STRING
    Signature: SUBSTR(BYTES, INT64, [INT64])
      Argument 1: Unable to coerce type TIMESTAMP to expected type BYTES at [23:41]
  compiled code at target/run/travaux_angers/models/silver/stg_travaux_angers.sql
[0m00:19:59.432401 [debug] [Thread-1 (]: Sending event: {'category': 'dbt', 'action': 'run_model', 'label': 'aad88c8f-cfae-46a1-ae9d-62f9ae32faf1', 'context': [<snowplow_tracker.self_describing_json.SelfDescribingJson object at 0x7f66ae17fda0>]}
[0m00:19:59.433828 [error] [Thread-1 (]: 2 of 4 ERROR creating sql table model travaux_angers_silver.stg_travaux_angers . [[31mERROR[0m in 1.20s]
[0m00:19:59.436518 [debug] [Thread-1 (]: Finished running node model.travaux_angers.stg_travaux_angers
[0m00:19:59.438424 [debug] [Thread-4 (]: Marking all children of 'model.travaux_angers.stg_travaux_angers' to be skipped because of status 'error'.  Reason: Database Error in model stg_travaux_angers (models/silver/stg_travaux_angers.sql)
  No matching signature for function SUBSTR
    Argument types: TIMESTAMP, INT64, INT64
    Signature: SUBSTR(STRING, INT64, [INT64])
      Argument 1: Unable to coerce type TIMESTAMP to expected type STRING
    Signature: SUBSTR(BYTES, INT64, [INT64])
      Argument 1: Unable to coerce type TIMESTAMP to expected type BYTES at [23:41]
  compiled code at target/run/travaux_angers/models/silver/stg_travaux_angers.sql.
[0m00:19:59.442027 [debug] [Thread-1 (]: Began running node model.travaux_angers.dim_travaux_details
[0m00:19:59.442628 [info ] [Thread-1 (]: 3 of 4 SKIP relation travaux_angers_gold.dim_travaux_details ................... [[33mSKIP[0m]
[0m00:19:59.443449 [debug] [Thread-1 (]: Finished running node model.travaux_angers.dim_travaux_details
[0m00:19:59.444345 [debug] [Thread-1 (]: Began running node model.travaux_angers.fct_travaux_stats
[0m00:19:59.445027 [info ] [Thread-1 (]: 4 of 4 SKIP relation travaux_angers_gold.fct_travaux_stats ..................... [[33mSKIP[0m]
[0m00:19:59.445765 [debug] [Thread-1 (]: Finished running node model.travaux_angers.fct_travaux_stats
[0m00:19:59.447983 [debug] [MainThread]: Opening a new connection, currently in state closed
[0m00:19:59.524165 [debug] [MainThread]: Connection 'master' was properly closed.
[0m00:19:59.525228 [debug] [MainThread]: Connection 'model.travaux_angers.stg_travaux_angers' was properly closed.
[0m00:19:59.526155 [info ] [MainThread]: 
[0m00:19:59.526936 [info ] [MainThread]: Finished running 3 table models, 1 view model in 0 hours 0 minutes and 10.27 seconds (10.27s).
[0m00:19:59.533555 [debug] [MainThread]: Command end result
[0m00:19:59.588355 [debug] [MainThread]: Wrote artifact WritableManifest to /usr/ELT_Travaux_Angers/dbt/target/manifest.json
[0m00:19:59.591424 [debug] [MainThread]: Wrote artifact SemanticManifest to /usr/ELT_Travaux_Angers/dbt/target/semantic_manifest.json
[0m00:19:59.601566 [debug] [MainThread]: Wrote artifact RunExecutionResult to /usr/ELT_Travaux_Angers/dbt/target/run_results.json
[0m00:19:59.611025 [info ] [MainThread]: 
[0m00:19:59.612062 [info ] [MainThread]: [31mCompleted with 1 error, 0 partial successes, and 0 warnings:[0m
[0m00:19:59.612883 [info ] [MainThread]: 
[0m00:19:59.613831 [error] [MainThread]: [31mFailure in model stg_travaux_angers (models/silver/stg_travaux_angers.sql)[0m
[0m00:19:59.614761 [error] [MainThread]:   Database Error in model stg_travaux_angers (models/silver/stg_travaux_angers.sql)
  No matching signature for function SUBSTR
    Argument types: TIMESTAMP, INT64, INT64
    Signature: SUBSTR(STRING, INT64, [INT64])
      Argument 1: Unable to coerce type TIMESTAMP to expected type STRING
    Signature: SUBSTR(BYTES, INT64, [INT64])
      Argument 1: Unable to coerce type TIMESTAMP to expected type BYTES at [23:41]
  compiled code at target/run/travaux_angers/models/silver/stg_travaux_angers.sql
[0m00:19:59.615468 [info ] [MainThread]: 
[0m00:19:59.616413 [info ] [MainThread]:   compiled code at target/compiled/travaux_angers/models/silver/stg_travaux_angers.sql
[0m00:19:59.617225 [info ] [MainThread]: 
[0m00:19:59.618250 [info ] [MainThread]: Done. PASS=1 WARN=0 ERROR=1 SKIP=2 NO-OP=0 TOTAL=4
[0m00:19:59.620594 [debug] [MainThread]: Resource report: {"command_name": "run", "command_success": false, "command_wall_clock_time": 17.925259, "process_in_blocks": "160", "process_kernel_time": 0.931785, "process_mem_max_rss": "417720", "process_out_blocks": "4120", "process_user_time": 12.584109}
[0m00:19:59.628121 [debug] [MainThread]: Command `dbt run` failed at 00:19:59.627665 after 17.93 seconds
[0m00:19:59.629098 [debug] [MainThread]: Sending event: {'category': 'dbt', 'action': 'invocation', 'label': 'end', 'context': [<snowplow_tracker.self_describing_json.SelfDescribingJson object at 0x7f66e944e990>, <snowplow_tracker.self_describing_json.SelfDescribingJson object at 0x7f66e9c3af00>, <snowplow_tracker.self_describing_json.SelfDescribingJson object at 0x7f66b4b90b30>]}
[0m00:19:59.629980 [debug] [MainThread]: Flushing usage events
[0m00:20:00.042407 [debug] [MainThread]: An error was encountered while trying to flush usage events
[0m00:21:25.599731 [debug] [MainThread]: Sending event: {'category': 'dbt', 'action': 'invocation', 'label': 'start', 'context': [<snowplow_tracker.self_describing_json.SelfDescribingJson object at 0x7f2db547d910>, <snowplow_tracker.self_describing_json.SelfDescribingJson object at 0x7f2db30cb0b0>, <snowplow_tracker.self_describing_json.SelfDescribingJson object at 0x7f2db30c9010>]}


============================== 00:21:25.606084 | decfbb09-d434-4d8f-a090-08c3a4ab5a64 ==============================
[0m00:21:25.606084 [info ] [MainThread]: Running with dbt=1.10.7
[0m00:21:25.607115 [debug] [MainThread]: running dbt with arguments {'printer_width': '80', 'indirect_selection': 'eager', 'log_cache_events': 'False', 'write_json': 'True', 'partial_parse': 'True', 'cache_selected_only': 'False', 'profiles_dir': '/usr/ELT_Travaux_Angers/dbt', 'debug': 'False', 'warn_error': 'None', 'log_path': '/usr/ELT_Travaux_Angers/dbt/logs', 'fail_fast': 'False', 'version_check': 'True', 'use_colors': 'True', 'use_experimental_parser': 'False', 'no_print': 'None', 'quiet': 'False', 'empty': 'False', 'log_format': 'default', 'introspect': 'True', 'static_parser': 'True', 'invocation_command': 'dbt run', 'target_path': 'None', 'warn_error_options': 'WarnErrorOptionsV2(error=[], warn=[], silence=[])', 'send_anonymous_usage_stats': 'True'}
[0m00:21:31.515039 [debug] [MainThread]: Sending event: {'category': 'dbt', 'action': 'project_id', 'label': 'decfbb09-d434-4d8f-a090-08c3a4ab5a64', 'context': [<snowplow_tracker.self_describing_json.SelfDescribingJson object at 0x7f2db3682960>]}
[0m00:21:31.666684 [debug] [MainThread]: Sending event: {'category': 'dbt', 'action': 'adapter_info', 'label': 'decfbb09-d434-4d8f-a090-08c3a4ab5a64', 'context': [<snowplow_tracker.self_describing_json.SelfDescribingJson object at 0x7f2d7e79d880>]}
[0m00:21:31.668172 [info ] [MainThread]: Registered adapter: bigquery=1.10.1
[0m00:21:32.090723 [debug] [MainThread]: checksum: 44f4b502e2ddc67beed4db71ce39b63f2d3b7fc0b96e49a69b096c8f6cc370bc, vars: {}, profile: , target: , version: 1.10.7
[0m00:21:32.408853 [debug] [MainThread]: Partial parsing enabled: 0 files deleted, 0 files added, 1 files changed.
[0m00:21:32.410202 [debug] [MainThread]: Partial parsing: updated file: travaux_angers://models/silver/stg_travaux_angers.sql
[0m00:21:33.216969 [debug] [MainThread]: Sending event: {'category': 'dbt', 'action': 'load_project', 'label': 'decfbb09-d434-4d8f-a090-08c3a4ab5a64', 'context': [<snowplow_tracker.self_describing_json.SelfDescribingJson object at 0x7f2d7c6175c0>]}
[0m00:21:33.519459 [debug] [MainThread]: Wrote artifact WritableManifest to /usr/ELT_Travaux_Angers/dbt/target/manifest.json
[0m00:21:33.532293 [debug] [MainThread]: Wrote artifact SemanticManifest to /usr/ELT_Travaux_Angers/dbt/target/semantic_manifest.json
[0m00:21:33.592909 [debug] [MainThread]: Sending event: {'category': 'dbt', 'action': 'resource_counts', 'label': 'decfbb09-d434-4d8f-a090-08c3a4ab5a64', 'context': [<snowplow_tracker.self_describing_json.SelfDescribingJson object at 0x7f2d7c5bdbb0>]}
[0m00:21:33.595115 [info ] [MainThread]: Found 4 models, 17 data tests, 1 source, 610 macros
[0m00:21:33.596359 [debug] [MainThread]: Sending event: {'category': 'dbt', 'action': 'runnable_timing', 'label': 'decfbb09-d434-4d8f-a090-08c3a4ab5a64', 'context': [<snowplow_tracker.self_describing_json.SelfDescribingJson object at 0x7f2d7e144dd0>]}
[0m00:21:33.608686 [info ] [MainThread]: 
[0m00:21:33.611628 [info ] [MainThread]: Concurrency: 1 threads (target='dev')
[0m00:21:33.612711 [info ] [MainThread]: 
[0m00:21:33.614469 [debug] [MainThread]: Acquiring new bigquery connection 'master'
[0m00:21:33.638914 [debug] [ThreadPool]: Acquiring new bigquery connection 'list_my-project-travaux-angers'
[0m00:21:33.640497 [debug] [ThreadPool]: Opening a new connection, currently in state init
[0m00:21:34.245283 [debug] [ThreadPool]: Opening a new connection, currently in state closed
[0m00:21:34.806059 [debug] [ThreadPool]: Opening a new connection, currently in state closed
[0m00:21:35.334591 [debug] [ThreadPool]: Re-using an available connection from the pool (formerly list_my-project-travaux-angers, now list_my-project-travaux-angers_travaux_angers_silver)
[0m00:21:35.336187 [debug] [ThreadPool]: Opening a new connection, currently in state closed
[0m00:21:35.741073 [debug] [ThreadPool]: Re-using an available connection from the pool (formerly list_my-project-travaux-angers_travaux_angers_silver, now list_my-project-travaux-angers_travaux_angers_bronze)
[0m00:21:35.742151 [debug] [ThreadPool]: Opening a new connection, currently in state closed
[0m00:21:36.305956 [debug] [ThreadPool]: Re-using an available connection from the pool (formerly list_my-project-travaux-angers_travaux_angers_bronze, now list_my-project-travaux-angers_travaux_angers_gold)
[0m00:21:36.307955 [debug] [ThreadPool]: Opening a new connection, currently in state closed
[0m00:21:36.752308 [debug] [MainThread]: Sending event: {'category': 'dbt', 'action': 'runnable_timing', 'label': 'decfbb09-d434-4d8f-a090-08c3a4ab5a64', 'context': [<snowplow_tracker.self_describing_json.SelfDescribingJson object at 0x7f2db505ef90>]}
[0m00:21:36.754460 [debug] [MainThread]: Opening a new connection, currently in state init
[0m00:21:36.860330 [debug] [Thread-1 (]: Began running node model.travaux_angers.src_travaux_angers
[0m00:21:36.862709 [info ] [Thread-1 (]: 1 of 4 START sql view model travaux_angers_bronze.src_travaux_angers ........... [RUN]
[0m00:21:36.864337 [debug] [Thread-1 (]: Re-using an available connection from the pool (formerly list_my-project-travaux-angers_travaux_angers_gold, now model.travaux_angers.src_travaux_angers)
[0m00:21:36.865565 [debug] [Thread-1 (]: Began compiling node model.travaux_angers.src_travaux_angers
[0m00:21:36.889917 [debug] [Thread-1 (]: Writing injected SQL for node "model.travaux_angers.src_travaux_angers"
[0m00:21:36.891181 [debug] [Thread-1 (]: Began executing node model.travaux_angers.src_travaux_angers
[0m00:21:36.963706 [debug] [Thread-1 (]: Writing runtime sql for node "model.travaux_angers.src_travaux_angers"
[0m00:21:36.966923 [debug] [Thread-1 (]: On model.travaux_angers.src_travaux_angers: /* {"app": "dbt", "dbt_version": "1.10.7", "profile_name": "travaux_angers", "target_name": "dev", "node_id": "model.travaux_angers.src_travaux_angers"} */


  create or replace view `my-project-travaux-angers`.`travaux_angers_bronze`.`src_travaux_angers`
  OPTIONS()
  as -- bronze/src_travaux_angers.sql
-- Source brute des données de travaux
SELECT
    *,
    CURRENT_TIMESTAMP() as _loaded_at
FROM `my-project-travaux-angers`.`travaux_angers`.`travaux_angers`;


[0m00:21:36.967873 [debug] [Thread-1 (]: Opening a new connection, currently in state closed
[0m00:21:37.852629 [debug] [Thread-1 (]: BigQuery adapter: https://console.cloud.google.com/bigquery?project=my-project-travaux-angers&j=bq:US:e4cfa978-3679-4bd4-994e-0cc9988530ce&page=queryresults
[0m00:21:38.687404 [debug] [Thread-1 (]: Sending event: {'category': 'dbt', 'action': 'run_model', 'label': 'decfbb09-d434-4d8f-a090-08c3a4ab5a64', 'context': [<snowplow_tracker.self_describing_json.SelfDescribingJson object at 0x7f2d8151b950>]}
[0m00:21:38.691399 [info ] [Thread-1 (]: 1 of 4 OK created sql view model travaux_angers_bronze.src_travaux_angers ...... [[32mCREATE VIEW (0 processed)[0m in 1.82s]
[0m00:21:38.693665 [debug] [Thread-1 (]: Finished running node model.travaux_angers.src_travaux_angers
[0m00:21:38.697981 [debug] [Thread-1 (]: Began running node model.travaux_angers.stg_travaux_angers
[0m00:21:38.699796 [info ] [Thread-1 (]: 2 of 4 START sql table model travaux_angers_silver.stg_travaux_angers .......... [RUN]
[0m00:21:38.702565 [debug] [Thread-1 (]: Re-using an available connection from the pool (formerly model.travaux_angers.src_travaux_angers, now model.travaux_angers.stg_travaux_angers)
[0m00:21:38.706361 [debug] [Thread-1 (]: Began compiling node model.travaux_angers.stg_travaux_angers
[0m00:21:38.717327 [debug] [Thread-1 (]: Writing injected SQL for node "model.travaux_angers.stg_travaux_angers"
[0m00:21:38.727015 [debug] [Thread-1 (]: Began executing node model.travaux_angers.stg_travaux_angers
[0m00:21:38.872755 [debug] [Thread-1 (]: Writing runtime sql for node "model.travaux_angers.stg_travaux_angers"
[0m00:21:38.885167 [debug] [Thread-1 (]: On model.travaux_angers.stg_travaux_angers: /* {"app": "dbt", "dbt_version": "1.10.7", "profile_name": "travaux_angers", "target_name": "dev", "node_id": "model.travaux_angers.stg_travaux_angers"} */

  
    

    create or replace table `my-project-travaux-angers`.`travaux_angers_silver`.`stg_travaux_angers`
      
    
    

    
    OPTIONS()
    as (
      -- silver/stg_travaux_angers.sql
-- Données nettoyées et standardisées
WITH source AS (
    SELECT * FROM `my-project-travaux-angers`.`travaux_angers_bronze`.`src_travaux_angers`
)

SELECT
    id,
    title as titre,
    TIMESTAMP(startat) as date_debut,
    TIMESTAMP(endat) as date_fin,
    impact,
    CAST(coordinate_x as FLOAT64) as longitude,
    CAST(coordinate_y as FLOAT64) as latitude,
    type,
    COALESCE(description, 'Non spécifié') as description,
    CURRENT_TIMESTAMP() as _updated_at
FROM source
    );
  
[0m00:21:38.887102 [debug] [Thread-1 (]: Opening a new connection, currently in state closed
[0m00:21:39.838398 [debug] [Thread-1 (]: BigQuery adapter: https://console.cloud.google.com/bigquery?project=my-project-travaux-angers&j=bq:US:d616dfd2-133b-4d57-aedb-ec52d0be0775&page=queryresults
[0m00:21:40.095573 [error] [Thread-1 (]: BigQuery adapter: https://console.cloud.google.com/bigquery?project=my-project-travaux-angers&j=bq:US:d616dfd2-133b-4d57-aedb-ec52d0be0775&page=queryresults
[0m00:21:40.116237 [debug] [Thread-1 (]: Database Error in model stg_travaux_angers (models/silver/stg_travaux_angers.sql)
  Unrecognized name: impact; Did you mean image? at [25:5]
  compiled code at target/run/travaux_angers/models/silver/stg_travaux_angers.sql
[0m00:21:40.118105 [debug] [Thread-1 (]: Sending event: {'category': 'dbt', 'action': 'run_model', 'label': 'decfbb09-d434-4d8f-a090-08c3a4ab5a64', 'context': [<snowplow_tracker.self_describing_json.SelfDescribingJson object at 0x7f2d4df256a0>]}
[0m00:21:40.120143 [error] [Thread-1 (]: 2 of 4 ERROR creating sql table model travaux_angers_silver.stg_travaux_angers . [[31mERROR[0m in 1.42s]
[0m00:21:40.122678 [debug] [Thread-1 (]: Finished running node model.travaux_angers.stg_travaux_angers
[0m00:21:40.125100 [debug] [Thread-4 (]: Marking all children of 'model.travaux_angers.stg_travaux_angers' to be skipped because of status 'error'.  Reason: Database Error in model stg_travaux_angers (models/silver/stg_travaux_angers.sql)
  Unrecognized name: impact; Did you mean image? at [25:5]
  compiled code at target/run/travaux_angers/models/silver/stg_travaux_angers.sql.
[0m00:21:40.130262 [debug] [Thread-1 (]: Began running node model.travaux_angers.dim_travaux_details
[0m00:21:40.135442 [info ] [Thread-1 (]: 3 of 4 SKIP relation travaux_angers_gold.dim_travaux_details ................... [[33mSKIP[0m]
[0m00:21:40.137400 [debug] [Thread-1 (]: Finished running node model.travaux_angers.dim_travaux_details
[0m00:21:40.139083 [debug] [Thread-1 (]: Began running node model.travaux_angers.fct_travaux_stats
[0m00:21:40.140926 [info ] [Thread-1 (]: 4 of 4 SKIP relation travaux_angers_gold.fct_travaux_stats ..................... [[33mSKIP[0m]
[0m00:21:40.142711 [debug] [Thread-1 (]: Finished running node model.travaux_angers.fct_travaux_stats
[0m00:21:40.147502 [debug] [MainThread]: Opening a new connection, currently in state closed
[0m00:21:40.279881 [debug] [MainThread]: Connection 'master' was properly closed.
[0m00:21:40.281646 [debug] [MainThread]: Connection 'model.travaux_angers.stg_travaux_angers' was properly closed.
[0m00:21:40.283488 [info ] [MainThread]: 
[0m00:21:40.285335 [info ] [MainThread]: Finished running 3 table models, 1 view model in 0 hours 0 minutes and 6.67 seconds (6.67s).
[0m00:21:40.297929 [debug] [MainThread]: Command end result
[0m00:21:40.403480 [debug] [MainThread]: Wrote artifact WritableManifest to /usr/ELT_Travaux_Angers/dbt/target/manifest.json
[0m00:21:40.413787 [debug] [MainThread]: Wrote artifact SemanticManifest to /usr/ELT_Travaux_Angers/dbt/target/semantic_manifest.json
[0m00:21:40.430577 [debug] [MainThread]: Wrote artifact RunExecutionResult to /usr/ELT_Travaux_Angers/dbt/target/run_results.json
[0m00:21:40.431354 [info ] [MainThread]: 
[0m00:21:40.432344 [info ] [MainThread]: [31mCompleted with 1 error, 0 partial successes, and 0 warnings:[0m
[0m00:21:40.433464 [info ] [MainThread]: 
[0m00:21:40.435116 [error] [MainThread]: [31mFailure in model stg_travaux_angers (models/silver/stg_travaux_angers.sql)[0m
[0m00:21:40.438206 [error] [MainThread]:   Database Error in model stg_travaux_angers (models/silver/stg_travaux_angers.sql)
  Unrecognized name: impact; Did you mean image? at [25:5]
  compiled code at target/run/travaux_angers/models/silver/stg_travaux_angers.sql
[0m00:21:40.440672 [info ] [MainThread]: 
[0m00:21:40.442885 [info ] [MainThread]:   compiled code at target/compiled/travaux_angers/models/silver/stg_travaux_angers.sql
[0m00:21:40.444201 [info ] [MainThread]: 
[0m00:21:40.445620 [info ] [MainThread]: Done. PASS=1 WARN=0 ERROR=1 SKIP=2 NO-OP=0 TOTAL=4
[0m00:21:40.452250 [debug] [MainThread]: Resource report: {"command_name": "run", "command_success": false, "command_wall_clock_time": 14.9077215, "process_in_blocks": "0", "process_kernel_time": 0.861055, "process_mem_max_rss": "408288", "process_out_blocks": "4120", "process_user_time": 13.564158}
[0m00:21:40.454063 [debug] [MainThread]: Command `dbt run` failed at 00:21:40.453596 after 14.91 seconds
[0m00:21:40.455655 [debug] [MainThread]: Sending event: {'category': 'dbt', 'action': 'invocation', 'label': 'end', 'context': [<snowplow_tracker.self_describing_json.SelfDescribingJson object at 0x7f2db547d910>, <snowplow_tracker.self_describing_json.SelfDescribingJson object at 0x7f2db290bef0>, <snowplow_tracker.self_describing_json.SelfDescribingJson object at 0x7f2d7e055bb0>]}
[0m00:21:40.457159 [debug] [MainThread]: Flushing usage events
[0m00:21:40.872087 [debug] [MainThread]: An error was encountered while trying to flush usage events
[0m00:24:22.935128 [debug] [MainThread]: Sending event: {'category': 'dbt', 'action': 'invocation', 'label': 'start', 'context': [<snowplow_tracker.self_describing_json.SelfDescribingJson object at 0x7fb9fa5233b0>, <snowplow_tracker.self_describing_json.SelfDescribingJson object at 0x7fb9fa275490>, <snowplow_tracker.self_describing_json.SelfDescribingJson object at 0x7fb9f9fbc320>]}


============================== 00:24:22.952479 | d5ab56b6-3913-476d-b997-c72a9fdd3ef8 ==============================
[0m00:24:22.952479 [info ] [MainThread]: Running with dbt=1.10.7
[0m00:24:22.953632 [debug] [MainThread]: running dbt with arguments {'printer_width': '80', 'indirect_selection': 'eager', 'log_cache_events': 'False', 'write_json': 'True', 'partial_parse': 'True', 'cache_selected_only': 'False', 'profiles_dir': '/usr/ELT_Travaux_Angers/dbt', 'fail_fast': 'False', 'version_check': 'True', 'log_path': '/usr/ELT_Travaux_Angers/dbt/logs', 'debug': 'False', 'warn_error': 'None', 'use_colors': 'True', 'use_experimental_parser': 'False', 'empty': 'False', 'quiet': 'False', 'no_print': 'None', 'warn_error_options': 'WarnErrorOptionsV2(error=[], warn=[], silence=[])', 'static_parser': 'True', 'log_format': 'default', 'introspect': 'True', 'target_path': 'None', 'invocation_command': 'dbt run -m analysis/check_columns', 'send_anonymous_usage_stats': 'True'}
[0m00:24:22.954757 [warn ] [MainThread]: [[33mWARNING[0m]: Deprecated functionality
Usage of `--models`, `--model`, and `-m` is deprecated in favor of `--select` or
`-s`.
[0m00:24:22.955713 [debug] [MainThread]: Sending event: {'category': 'dbt', 'action': 'deprecation', 'label': 'd5ab56b6-3913-476d-b997-c72a9fdd3ef8', 'property_': 'warn', 'context': [<snowplow_tracker.self_describing_json.SelfDescribingJson object at 0x7fb9f99c53d0>]}
[0m00:24:34.290987 [debug] [MainThread]: Sending event: {'category': 'dbt', 'action': 'project_id', 'label': 'd5ab56b6-3913-476d-b997-c72a9fdd3ef8', 'context': [<snowplow_tracker.self_describing_json.SelfDescribingJson object at 0x7fb9fc329640>]}
[0m00:24:34.489033 [debug] [MainThread]: Sending event: {'category': 'dbt', 'action': 'adapter_info', 'label': 'd5ab56b6-3913-476d-b997-c72a9fdd3ef8', 'context': [<snowplow_tracker.self_describing_json.SelfDescribingJson object at 0x7fb9c5942ae0>]}
[0m00:24:34.490498 [info ] [MainThread]: Registered adapter: bigquery=1.10.1
[0m00:24:34.828011 [debug] [MainThread]: checksum: 44f4b502e2ddc67beed4db71ce39b63f2d3b7fc0b96e49a69b096c8f6cc370bc, vars: {}, profile: , target: , version: 1.10.7
[0m00:24:35.122811 [debug] [MainThread]: Partial parsing enabled: 0 files deleted, 1 files added, 1 files changed.
[0m00:24:35.124449 [debug] [MainThread]: Partial parsing: added file: travaux_angers://models/analysis/check_columns.sql
[0m00:24:35.125198 [debug] [MainThread]: Partial parsing: updated file: travaux_angers://models/silver/stg_travaux_angers.sql
[0m00:24:35.823137 [debug] [MainThread]: Sending event: {'category': 'dbt', 'action': 'load_project', 'label': 'd5ab56b6-3913-476d-b997-c72a9fdd3ef8', 'context': [<snowplow_tracker.self_describing_json.SelfDescribingJson object at 0x7fb9c504da30>]}
[0m00:24:35.993872 [debug] [MainThread]: Wrote artifact WritableManifest to /usr/ELT_Travaux_Angers/dbt/target/manifest.json
[0m00:24:36.001346 [debug] [MainThread]: Wrote artifact SemanticManifest to /usr/ELT_Travaux_Angers/dbt/target/semantic_manifest.json
[0m00:24:36.094640 [debug] [MainThread]: Sending event: {'category': 'dbt', 'action': 'resource_counts', 'label': 'd5ab56b6-3913-476d-b997-c72a9fdd3ef8', 'context': [<snowplow_tracker.self_describing_json.SelfDescribingJson object at 0x7fb9c53b7f80>]}
[0m00:24:36.096155 [info ] [MainThread]: Found 5 models, 17 data tests, 1 source, 610 macros
[0m00:24:36.097427 [debug] [MainThread]: Sending event: {'category': 'dbt', 'action': 'runnable_timing', 'label': 'd5ab56b6-3913-476d-b997-c72a9fdd3ef8', 'context': [<snowplow_tracker.self_describing_json.SelfDescribingJson object at 0x7fb9c56b3cb0>]}
[0m00:24:36.102248 [warn ] [MainThread]: The selection criterion 'analysis/check_columns' does not match any enabled nodes
[0m00:24:36.107597 [warn ] [MainThread]: Nothing to do. Try checking your model configs and model specification args
[0m00:24:36.109980 [debug] [MainThread]: Command end result
[0m00:24:36.163595 [debug] [MainThread]: Wrote artifact WritableManifest to /usr/ELT_Travaux_Angers/dbt/target/manifest.json
[0m00:24:36.166562 [debug] [MainThread]: Wrote artifact SemanticManifest to /usr/ELT_Travaux_Angers/dbt/target/semantic_manifest.json
[0m00:24:36.171541 [debug] [MainThread]: Wrote artifact RunExecutionResult to /usr/ELT_Travaux_Angers/dbt/target/run_results.json
[0m00:24:36.172528 [warn ] [MainThread]: [[33mWARNING[0m][DeprecationsSummary]: Deprecated functionality
Summary of encountered deprecations:
- ModelParamUsageDeprecation: 1 occurrence
To see all deprecation instances instead of just the first occurrence of each,
run command again with the `--show-all-deprecations` flag. You may also need to
run with `--no-partial-parse` as some deprecations are only encountered during
parsing.
[0m00:24:36.175836 [debug] [MainThread]: Resource report: {"command_name": "run", "command_success": true, "command_wall_clock_time": 13.3825245, "process_in_blocks": "0", "process_kernel_time": 6.088695, "process_mem_max_rss": "406640", "process_out_blocks": "4088", "process_user_time": 13.591017}
[0m00:24:36.177012 [debug] [MainThread]: Command `dbt run` succeeded at 00:24:36.176781 after 13.38 seconds
[0m00:24:36.177591 [debug] [MainThread]: Sending event: {'category': 'dbt', 'action': 'invocation', 'label': 'end', 'context': [<snowplow_tracker.self_describing_json.SelfDescribingJson object at 0x7fb9f9a99550>, <snowplow_tracker.self_describing_json.SelfDescribingJson object at 0x7fb9c55627b0>, <snowplow_tracker.self_describing_json.SelfDescribingJson object at 0x7fb9f99c5460>]}
[0m00:24:36.179359 [debug] [MainThread]: Flushing usage events
[0m00:24:36.599490 [debug] [MainThread]: An error was encountered while trying to flush usage events
[0m00:25:02.428842 [debug] [MainThread]: Sending event: {'category': 'dbt', 'action': 'invocation', 'label': 'start', 'context': [<snowplow_tracker.self_describing_json.SelfDescribingJson object at 0x7f5db3989580>, <snowplow_tracker.self_describing_json.SelfDescribingJson object at 0x7f5db13630b0>, <snowplow_tracker.self_describing_json.SelfDescribingJson object at 0x7f5db180cbc0>]}


============================== 00:25:02.434314 | f8537da7-3d94-455f-8690-daae8c75d593 ==============================
[0m00:25:02.434314 [info ] [MainThread]: Running with dbt=1.10.7
[0m00:25:02.436019 [debug] [MainThread]: running dbt with arguments {'printer_width': '80', 'indirect_selection': 'eager', 'log_cache_events': 'False', 'write_json': 'True', 'partial_parse': 'True', 'cache_selected_only': 'False', 'profiles_dir': '/usr/ELT_Travaux_Angers/dbt', 'fail_fast': 'False', 'debug': 'False', 'log_path': '/usr/ELT_Travaux_Angers/dbt/logs', 'version_check': 'True', 'warn_error': 'None', 'use_colors': 'True', 'use_experimental_parser': 'False', 'no_print': 'None', 'quiet': 'False', 'empty': 'False', 'warn_error_options': 'WarnErrorOptionsV2(error=[], warn=[], silence=[])', 'static_parser': 'True', 'introspect': 'True', 'invocation_command': 'dbt run', 'target_path': 'None', 'log_format': 'default', 'send_anonymous_usage_stats': 'True'}
[0m00:25:08.770087 [debug] [MainThread]: Sending event: {'category': 'dbt', 'action': 'project_id', 'label': 'f8537da7-3d94-455f-8690-daae8c75d593', 'context': [<snowplow_tracker.self_describing_json.SelfDescribingJson object at 0x7f5d7cbb3ce0>]}
[0m00:25:08.984868 [debug] [MainThread]: Sending event: {'category': 'dbt', 'action': 'adapter_info', 'label': 'f8537da7-3d94-455f-8690-daae8c75d593', 'context': [<snowplow_tracker.self_describing_json.SelfDescribingJson object at 0x7f5d7ce51730>]}
[0m00:25:08.986850 [info ] [MainThread]: Registered adapter: bigquery=1.10.1
[0m00:25:09.392497 [debug] [MainThread]: checksum: 44f4b502e2ddc67beed4db71ce39b63f2d3b7fc0b96e49a69b096c8f6cc370bc, vars: {}, profile: , target: , version: 1.10.7
[0m00:25:09.707720 [debug] [MainThread]: Partial parsing enabled: 0 files deleted, 0 files added, 0 files changed.
[0m00:25:09.708755 [debug] [MainThread]: Partial parsing enabled, no changes found, skipping parsing
[0m00:25:09.867333 [debug] [MainThread]: Sending event: {'category': 'dbt', 'action': 'load_project', 'label': 'f8537da7-3d94-455f-8690-daae8c75d593', 'context': [<snowplow_tracker.self_describing_json.SelfDescribingJson object at 0x7f5d7cc83b60>]}
[0m00:25:10.059791 [debug] [MainThread]: Wrote artifact WritableManifest to /usr/ELT_Travaux_Angers/dbt/target/manifest.json
[0m00:25:10.064193 [debug] [MainThread]: Wrote artifact SemanticManifest to /usr/ELT_Travaux_Angers/dbt/target/semantic_manifest.json
[0m00:25:10.116618 [debug] [MainThread]: Sending event: {'category': 'dbt', 'action': 'resource_counts', 'label': 'f8537da7-3d94-455f-8690-daae8c75d593', 'context': [<snowplow_tracker.self_describing_json.SelfDescribingJson object at 0x7f5d7cc820f0>]}
[0m00:25:10.118672 [info ] [MainThread]: Found 5 models, 17 data tests, 1 source, 610 macros
[0m00:25:10.119825 [debug] [MainThread]: Sending event: {'category': 'dbt', 'action': 'runnable_timing', 'label': 'f8537da7-3d94-455f-8690-daae8c75d593', 'context': [<snowplow_tracker.self_describing_json.SelfDescribingJson object at 0x7f5d7cf534a0>]}
[0m00:25:10.127046 [info ] [MainThread]: 
[0m00:25:10.128278 [info ] [MainThread]: Concurrency: 1 threads (target='dev')
[0m00:25:10.129182 [info ] [MainThread]: 
[0m00:25:10.130516 [debug] [MainThread]: Acquiring new bigquery connection 'master'
[0m00:25:10.144129 [debug] [ThreadPool]: Acquiring new bigquery connection 'list_my-project-travaux-angers'
[0m00:25:10.146472 [debug] [ThreadPool]: Opening a new connection, currently in state init
[0m00:25:10.738146 [debug] [ThreadPool]: Opening a new connection, currently in state closed
[0m00:25:11.291874 [debug] [ThreadPool]: Opening a new connection, currently in state closed
[0m00:25:11.825042 [debug] [ThreadPool]: Opening a new connection, currently in state closed
[0m00:25:12.448675 [debug] [ThreadPool]: Re-using an available connection from the pool (formerly list_my-project-travaux-angers, now list_my-project-travaux-angers_travaux_angers)
[0m00:25:12.452390 [debug] [ThreadPool]: Opening a new connection, currently in state closed
[0m00:25:12.937902 [debug] [ThreadPool]: Re-using an available connection from the pool (formerly list_my-project-travaux-angers_travaux_angers, now list_my-project-travaux-angers_travaux_angers_silver)
[0m00:25:12.940802 [debug] [ThreadPool]: Opening a new connection, currently in state closed
[0m00:25:13.429746 [debug] [ThreadPool]: Re-using an available connection from the pool (formerly list_my-project-travaux-angers_travaux_angers_silver, now list_my-project-travaux-angers_travaux_angers_bronze)
[0m00:25:13.430713 [debug] [ThreadPool]: Opening a new connection, currently in state closed
[0m00:25:13.958643 [debug] [ThreadPool]: Re-using an available connection from the pool (formerly list_my-project-travaux-angers_travaux_angers_bronze, now list_my-project-travaux-angers_travaux_angers_gold)
[0m00:25:13.960846 [debug] [ThreadPool]: Opening a new connection, currently in state closed
[0m00:25:14.538636 [debug] [MainThread]: Sending event: {'category': 'dbt', 'action': 'runnable_timing', 'label': 'f8537da7-3d94-455f-8690-daae8c75d593', 'context': [<snowplow_tracker.self_describing_json.SelfDescribingJson object at 0x7f5d7cc555b0>]}
[0m00:25:14.539977 [debug] [MainThread]: Opening a new connection, currently in state init
[0m00:25:14.612120 [debug] [Thread-1 (]: Began running node model.travaux_angers.check_columns
[0m00:25:14.613096 [info ] [Thread-1 (]: 1 of 5 START sql view model travaux_angers.check_columns ....................... [RUN]
[0m00:25:14.615626 [debug] [Thread-1 (]: Re-using an available connection from the pool (formerly list_my-project-travaux-angers_travaux_angers_gold, now model.travaux_angers.check_columns)
[0m00:25:14.616482 [debug] [Thread-1 (]: Began compiling node model.travaux_angers.check_columns
[0m00:25:14.637835 [debug] [Thread-1 (]: Writing injected SQL for node "model.travaux_angers.check_columns"
[0m00:25:14.639345 [debug] [Thread-1 (]: Began executing node model.travaux_angers.check_columns
[0m00:25:14.701906 [debug] [Thread-1 (]: Writing runtime sql for node "model.travaux_angers.check_columns"
[0m00:25:14.705262 [debug] [Thread-1 (]: On model.travaux_angers.check_columns: /* {"app": "dbt", "dbt_version": "1.10.7", "profile_name": "travaux_angers", "target_name": "dev", "node_id": "model.travaux_angers.check_columns"} */


  create or replace view `my-project-travaux-angers`.`travaux_angers`.`check_columns`
  OPTIONS()
  as -- Vérifie les colonnes disponibles dans la source
SELECT *
FROM `my-project-travaux-angers`.`travaux_angers`.`travaux_angers`
LIMIT 1;


[0m00:25:14.705972 [debug] [Thread-1 (]: Opening a new connection, currently in state closed
[0m00:25:15.403410 [debug] [Thread-1 (]: BigQuery adapter: https://console.cloud.google.com/bigquery?project=my-project-travaux-angers&j=bq:US:8276fda5-c5a6-4a1d-a410-e47f7c07c307&page=queryresults
[0m00:25:16.163523 [debug] [Thread-1 (]: Sending event: {'category': 'dbt', 'action': 'run_model', 'label': 'f8537da7-3d94-455f-8690-daae8c75d593', 'context': [<snowplow_tracker.self_describing_json.SelfDescribingJson object at 0x7f5db1f187d0>]}
[0m00:25:16.165570 [info ] [Thread-1 (]: 1 of 5 OK created sql view model travaux_angers.check_columns .................. [[32mCREATE VIEW (0 processed)[0m in 1.54s]
[0m00:25:16.167741 [debug] [Thread-1 (]: Finished running node model.travaux_angers.check_columns
[0m00:25:16.169276 [debug] [Thread-1 (]: Began running node model.travaux_angers.src_travaux_angers
[0m00:25:16.171090 [info ] [Thread-1 (]: 2 of 5 START sql view model travaux_angers_bronze.src_travaux_angers ........... [RUN]
[0m00:25:16.172475 [debug] [Thread-1 (]: Re-using an available connection from the pool (formerly model.travaux_angers.check_columns, now model.travaux_angers.src_travaux_angers)
[0m00:25:16.173602 [debug] [Thread-1 (]: Began compiling node model.travaux_angers.src_travaux_angers
[0m00:25:16.185343 [debug] [Thread-1 (]: Writing injected SQL for node "model.travaux_angers.src_travaux_angers"
[0m00:25:16.187679 [debug] [Thread-1 (]: Began executing node model.travaux_angers.src_travaux_angers
[0m00:25:16.205371 [debug] [Thread-1 (]: Writing runtime sql for node "model.travaux_angers.src_travaux_angers"
[0m00:25:16.207717 [debug] [Thread-1 (]: On model.travaux_angers.src_travaux_angers: /* {"app": "dbt", "dbt_version": "1.10.7", "profile_name": "travaux_angers", "target_name": "dev", "node_id": "model.travaux_angers.src_travaux_angers"} */


  create or replace view `my-project-travaux-angers`.`travaux_angers_bronze`.`src_travaux_angers`
  OPTIONS()
  as -- bronze/src_travaux_angers.sql
-- Source brute des données de travaux
SELECT
    *,
    CURRENT_TIMESTAMP() as _loaded_at
FROM `my-project-travaux-angers`.`travaux_angers`.`travaux_angers`;


[0m00:25:16.208990 [debug] [Thread-1 (]: Opening a new connection, currently in state closed
[0m00:25:16.997002 [debug] [Thread-1 (]: BigQuery adapter: https://console.cloud.google.com/bigquery?project=my-project-travaux-angers&j=bq:US:d5795390-35f1-4644-9d6b-3fa5790abe44&page=queryresults
[0m00:25:17.748013 [debug] [Thread-1 (]: Sending event: {'category': 'dbt', 'action': 'run_model', 'label': 'f8537da7-3d94-455f-8690-daae8c75d593', 'context': [<snowplow_tracker.self_describing_json.SelfDescribingJson object at 0x7f5d7a118830>]}
[0m00:25:17.750326 [info ] [Thread-1 (]: 2 of 5 OK created sql view model travaux_angers_bronze.src_travaux_angers ...... [[32mCREATE VIEW (0 processed)[0m in 1.57s]
[0m00:25:17.751840 [debug] [Thread-1 (]: Finished running node model.travaux_angers.src_travaux_angers
[0m00:25:17.754178 [debug] [Thread-1 (]: Began running node model.travaux_angers.stg_travaux_angers
[0m00:25:17.756208 [info ] [Thread-1 (]: 3 of 5 START sql table model travaux_angers_silver.stg_travaux_angers .......... [RUN]
[0m00:25:17.757320 [debug] [Thread-1 (]: Re-using an available connection from the pool (formerly model.travaux_angers.src_travaux_angers, now model.travaux_angers.stg_travaux_angers)
[0m00:25:17.758108 [debug] [Thread-1 (]: Began compiling node model.travaux_angers.stg_travaux_angers
[0m00:25:17.768350 [debug] [Thread-1 (]: Writing injected SQL for node "model.travaux_angers.stg_travaux_angers"
[0m00:25:17.772920 [debug] [Thread-1 (]: Began executing node model.travaux_angers.stg_travaux_angers
[0m00:25:17.860854 [debug] [Thread-1 (]: Writing runtime sql for node "model.travaux_angers.stg_travaux_angers"
[0m00:25:17.866492 [debug] [Thread-1 (]: On model.travaux_angers.stg_travaux_angers: /* {"app": "dbt", "dbt_version": "1.10.7", "profile_name": "travaux_angers", "target_name": "dev", "node_id": "model.travaux_angers.stg_travaux_angers"} */

  
    

    create or replace table `my-project-travaux-angers`.`travaux_angers_silver`.`stg_travaux_angers`
      
    
    

    
    OPTIONS()
    as (
      -- silver/stg_travaux_angers.sql
-- Données nettoyées et standardisées
WITH source AS (
    SELECT * FROM `my-project-travaux-angers`.`travaux_angers_bronze`.`src_travaux_angers`
)

SELECT
    id,
    title as titre,
    TIMESTAMP(startat) as date_debut,
    TIMESTAMP(endat) as date_fin,
    coordinate_x,
    coordinate_y,
    type,
    description,
    CURRENT_TIMESTAMP() as _updated_at
FROM source
    );
  
[0m00:25:17.867590 [debug] [Thread-1 (]: Opening a new connection, currently in state closed
[0m00:25:18.718696 [debug] [Thread-1 (]: BigQuery adapter: https://console.cloud.google.com/bigquery?project=my-project-travaux-angers&j=bq:US:8d20fd08-9c2b-4355-838d-24099542de56&page=queryresults
[0m00:25:18.942096 [error] [Thread-1 (]: BigQuery adapter: https://console.cloud.google.com/bigquery?project=my-project-travaux-angers&j=bq:US:8d20fd08-9c2b-4355-838d-24099542de56&page=queryresults
[0m00:25:18.971390 [debug] [Thread-1 (]: Database Error in model stg_travaux_angers (models/silver/stg_travaux_angers.sql)
  Unrecognized name: coordinate_x at [25:5]
  compiled code at target/run/travaux_angers/models/silver/stg_travaux_angers.sql
[0m00:25:18.973103 [debug] [Thread-1 (]: Sending event: {'category': 'dbt', 'action': 'run_model', 'label': 'f8537da7-3d94-455f-8690-daae8c75d593', 'context': [<snowplow_tracker.self_describing_json.SelfDescribingJson object at 0x7f5d7ca04a40>]}
[0m00:25:18.974780 [error] [Thread-1 (]: 3 of 5 ERROR creating sql table model travaux_angers_silver.stg_travaux_angers . [[31mERROR[0m in 1.22s]
[0m00:25:18.976144 [debug] [Thread-1 (]: Finished running node model.travaux_angers.stg_travaux_angers
[0m00:25:18.979768 [debug] [Thread-4 (]: Marking all children of 'model.travaux_angers.stg_travaux_angers' to be skipped because of status 'error'.  Reason: Database Error in model stg_travaux_angers (models/silver/stg_travaux_angers.sql)
  Unrecognized name: coordinate_x at [25:5]
  compiled code at target/run/travaux_angers/models/silver/stg_travaux_angers.sql.
[0m00:25:18.984365 [debug] [Thread-1 (]: Began running node model.travaux_angers.dim_travaux_details
[0m00:25:18.985557 [info ] [Thread-1 (]: 4 of 5 SKIP relation travaux_angers_gold.dim_travaux_details ................... [[33mSKIP[0m]
[0m00:25:18.987324 [debug] [Thread-1 (]: Finished running node model.travaux_angers.dim_travaux_details
[0m00:25:18.988543 [debug] [Thread-1 (]: Began running node model.travaux_angers.fct_travaux_stats
[0m00:25:18.989763 [info ] [Thread-1 (]: 5 of 5 SKIP relation travaux_angers_gold.fct_travaux_stats ..................... [[33mSKIP[0m]
[0m00:25:18.990795 [debug] [Thread-1 (]: Finished running node model.travaux_angers.fct_travaux_stats
[0m00:25:18.994357 [debug] [MainThread]: Opening a new connection, currently in state closed
[0m00:25:19.082527 [debug] [MainThread]: Connection 'master' was properly closed.
[0m00:25:19.085266 [debug] [MainThread]: Connection 'model.travaux_angers.stg_travaux_angers' was properly closed.
[0m00:25:19.086643 [info ] [MainThread]: 
[0m00:25:19.088736 [info ] [MainThread]: Finished running 3 table models, 2 view models in 0 hours 0 minutes and 8.96 seconds (8.96s).
[0m00:25:19.092848 [debug] [MainThread]: Command end result
[0m00:25:19.230588 [debug] [MainThread]: Wrote artifact WritableManifest to /usr/ELT_Travaux_Angers/dbt/target/manifest.json
[0m00:25:19.240115 [debug] [MainThread]: Wrote artifact SemanticManifest to /usr/ELT_Travaux_Angers/dbt/target/semantic_manifest.json
[0m00:25:19.263750 [debug] [MainThread]: Wrote artifact RunExecutionResult to /usr/ELT_Travaux_Angers/dbt/target/run_results.json
[0m00:25:19.264804 [info ] [MainThread]: 
[0m00:25:19.265717 [info ] [MainThread]: [31mCompleted with 1 error, 0 partial successes, and 0 warnings:[0m
[0m00:25:19.266587 [info ] [MainThread]: 
[0m00:25:19.267536 [error] [MainThread]: [31mFailure in model stg_travaux_angers (models/silver/stg_travaux_angers.sql)[0m
[0m00:25:19.268455 [error] [MainThread]:   Database Error in model stg_travaux_angers (models/silver/stg_travaux_angers.sql)
  Unrecognized name: coordinate_x at [25:5]
  compiled code at target/run/travaux_angers/models/silver/stg_travaux_angers.sql
[0m00:25:19.269200 [info ] [MainThread]: 
[0m00:25:19.270132 [info ] [MainThread]:   compiled code at target/compiled/travaux_angers/models/silver/stg_travaux_angers.sql
[0m00:25:19.271287 [info ] [MainThread]: 
[0m00:25:19.274283 [info ] [MainThread]: Done. PASS=2 WARN=0 ERROR=1 SKIP=2 NO-OP=0 TOTAL=5
[0m00:25:19.282549 [debug] [MainThread]: Resource report: {"command_name": "run", "command_success": false, "command_wall_clock_time": 16.89997, "process_in_blocks": "0", "process_kernel_time": 1.002871, "process_mem_max_rss": "408636", "process_out_blocks": "2824", "process_user_time": 12.96642}
[0m00:25:19.284198 [debug] [MainThread]: Command `dbt run` failed at 00:25:19.283767 after 16.90 seconds
[0m00:25:19.286064 [debug] [MainThread]: Sending event: {'category': 'dbt', 'action': 'invocation', 'label': 'end', 'context': [<snowplow_tracker.self_describing_json.SelfDescribingJson object at 0x7f5db19147a0>, <snowplow_tracker.self_describing_json.SelfDescribingJson object at 0x7f5db396aae0>, <snowplow_tracker.self_describing_json.SelfDescribingJson object at 0x7f5d7a0cb920>]}
[0m00:25:19.288274 [debug] [MainThread]: Flushing usage events
[0m00:25:19.714583 [debug] [MainThread]: An error was encountered while trying to flush usage events
[0m00:27:13.408860 [debug] [MainThread]: Sending event: {'category': 'dbt', 'action': 'invocation', 'label': 'start', 'context': [<snowplow_tracker.self_describing_json.SelfDescribingJson object at 0x7fd1b7f1b020>, <snowplow_tracker.self_describing_json.SelfDescribingJson object at 0x7fd1baa63f80>, <snowplow_tracker.self_describing_json.SelfDescribingJson object at 0x7fd1b88581d0>]}


============================== 00:27:13.416535 | 1d65e743-0223-41a9-9c01-0013c49e0db0 ==============================
[0m00:27:13.416535 [info ] [MainThread]: Running with dbt=1.10.7
[0m00:27:13.418397 [debug] [MainThread]: running dbt with arguments {'printer_width': '80', 'indirect_selection': 'eager', 'log_cache_events': 'False', 'write_json': 'True', 'partial_parse': 'True', 'cache_selected_only': 'False', 'warn_error': 'None', 'version_check': 'True', 'fail_fast': 'False', 'log_path': '/usr/ELT_Travaux_Angers/dbt/logs', 'profiles_dir': '/usr/ELT_Travaux_Angers/dbt', 'debug': 'False', 'use_colors': 'True', 'use_experimental_parser': 'False', 'empty': 'False', 'quiet': 'False', 'no_print': 'None', 'warn_error_options': 'WarnErrorOptionsV2(error=[], warn=[], silence=[])', 'invocation_command': 'dbt run -m analysis/check_columns', 'introspect': 'True', 'log_format': 'default', 'target_path': 'None', 'static_parser': 'True', 'send_anonymous_usage_stats': 'True'}
[0m00:27:13.422999 [warn ] [MainThread]: [[33mWARNING[0m]: Deprecated functionality
Usage of `--models`, `--model`, and `-m` is deprecated in favor of `--select` or
`-s`.
[0m00:27:13.425631 [debug] [MainThread]: Sending event: {'category': 'dbt', 'action': 'deprecation', 'label': '1d65e743-0223-41a9-9c01-0013c49e0db0', 'property_': 'warn', 'context': [<snowplow_tracker.self_describing_json.SelfDescribingJson object at 0x7fd1b83f9d00>]}
[0m00:27:19.419400 [debug] [MainThread]: Sending event: {'category': 'dbt', 'action': 'project_id', 'label': '1d65e743-0223-41a9-9c01-0013c49e0db0', 'context': [<snowplow_tracker.self_describing_json.SelfDescribingJson object at 0x7fd18d38ca70>]}
[0m00:27:19.639011 [debug] [MainThread]: Sending event: {'category': 'dbt', 'action': 'adapter_info', 'label': '1d65e743-0223-41a9-9c01-0013c49e0db0', 'context': [<snowplow_tracker.self_describing_json.SelfDescribingJson object at 0x7fd183daacc0>]}
[0m00:27:19.640238 [info ] [MainThread]: Registered adapter: bigquery=1.10.1
[0m00:27:19.866194 [debug] [MainThread]: checksum: 44f4b502e2ddc67beed4db71ce39b63f2d3b7fc0b96e49a69b096c8f6cc370bc, vars: {}, profile: , target: , version: 1.10.7
[0m00:27:20.121676 [debug] [MainThread]: Partial parsing enabled: 0 files deleted, 0 files added, 2 files changed.
[0m00:27:20.123199 [debug] [MainThread]: Partial parsing: updated file: travaux_angers://models/silver/stg_travaux_angers.sql
[0m00:27:20.124049 [debug] [MainThread]: Partial parsing: updated file: travaux_angers://models/analysis/check_columns.sql
[0m00:27:20.768199 [debug] [MainThread]: Sending event: {'category': 'dbt', 'action': 'load_project', 'label': '1d65e743-0223-41a9-9c01-0013c49e0db0', 'context': [<snowplow_tracker.self_describing_json.SelfDescribingJson object at 0x7fd1836eb080>]}
[0m00:27:20.921869 [debug] [MainThread]: Wrote artifact WritableManifest to /usr/ELT_Travaux_Angers/dbt/target/manifest.json
[0m00:27:20.925102 [debug] [MainThread]: Wrote artifact SemanticManifest to /usr/ELT_Travaux_Angers/dbt/target/semantic_manifest.json
[0m00:27:20.958791 [debug] [MainThread]: Sending event: {'category': 'dbt', 'action': 'resource_counts', 'label': '1d65e743-0223-41a9-9c01-0013c49e0db0', 'context': [<snowplow_tracker.self_describing_json.SelfDescribingJson object at 0x7fd183825400>]}
[0m00:27:20.959996 [info ] [MainThread]: Found 5 models, 17 data tests, 1 source, 610 macros
[0m00:27:20.960851 [debug] [MainThread]: Sending event: {'category': 'dbt', 'action': 'runnable_timing', 'label': '1d65e743-0223-41a9-9c01-0013c49e0db0', 'context': [<snowplow_tracker.self_describing_json.SelfDescribingJson object at 0x7fd183b2f9e0>]}
[0m00:27:20.963742 [warn ] [MainThread]: The selection criterion 'analysis/check_columns' does not match any enabled nodes
[0m00:27:20.968979 [warn ] [MainThread]: Nothing to do. Try checking your model configs and model specification args
[0m00:27:20.972250 [debug] [MainThread]: Command end result
[0m00:27:21.037317 [debug] [MainThread]: Wrote artifact WritableManifest to /usr/ELT_Travaux_Angers/dbt/target/manifest.json
[0m00:27:21.040883 [debug] [MainThread]: Wrote artifact SemanticManifest to /usr/ELT_Travaux_Angers/dbt/target/semantic_manifest.json
[0m00:27:21.048185 [debug] [MainThread]: Wrote artifact RunExecutionResult to /usr/ELT_Travaux_Angers/dbt/target/run_results.json
[0m00:27:21.049291 [warn ] [MainThread]: [[33mWARNING[0m][DeprecationsSummary]: Deprecated functionality
Summary of encountered deprecations:
- ModelParamUsageDeprecation: 1 occurrence
To see all deprecation instances instead of just the first occurrence of each,
run command again with the `--show-all-deprecations` flag. You may also need to
run with `--no-partial-parse` as some deprecations are only encountered during
parsing.
[0m00:27:21.051860 [debug] [MainThread]: Resource report: {"command_name": "run", "command_success": true, "command_wall_clock_time": 7.7953043, "process_in_blocks": "0", "process_kernel_time": 0.822093, "process_mem_max_rss": "404432", "process_out_blocks": "4088", "process_user_time": 11.178467}
[0m00:27:21.053426 [debug] [MainThread]: Command `dbt run` succeeded at 00:27:21.053213 after 7.80 seconds
[0m00:27:21.054007 [debug] [MainThread]: Sending event: {'category': 'dbt', 'action': 'invocation', 'label': 'end', 'context': [<snowplow_tracker.self_describing_json.SelfDescribingJson object at 0x7fd1b8687020>, <snowplow_tracker.self_describing_json.SelfDescribingJson object at 0x7fd1836e8d70>, <snowplow_tracker.self_describing_json.SelfDescribingJson object at 0x7fd1836eb0b0>]}
[0m00:27:21.055842 [debug] [MainThread]: Flushing usage events
[0m00:27:21.438298 [debug] [MainThread]: An error was encountered while trying to flush usage events
[0m00:29:17.549002 [debug] [MainThread]: Sending event: {'category': 'dbt', 'action': 'invocation', 'label': 'start', 'context': [<snowplow_tracker.self_describing_json.SelfDescribingJson object at 0x7f368388ff80>, <snowplow_tracker.self_describing_json.SelfDescribingJson object at 0x7f3680e4cb90>, <snowplow_tracker.self_describing_json.SelfDescribingJson object at 0x7f3681c6e330>]}


============================== 00:29:17.555904 | 7d5c41c2-ffa9-4d93-9cac-8a5d3161d106 ==============================
[0m00:29:17.555904 [info ] [MainThread]: Running with dbt=1.10.7
[0m00:29:17.557153 [debug] [MainThread]: running dbt with arguments {'printer_width': '80', 'indirect_selection': 'eager', 'log_cache_events': 'False', 'write_json': 'True', 'partial_parse': 'True', 'cache_selected_only': 'False', 'profiles_dir': '/usr/ELT_Travaux_Angers/dbt', 'fail_fast': 'False', 'warn_error': 'None', 'log_path': '/usr/ELT_Travaux_Angers/dbt/logs', 'version_check': 'True', 'debug': 'False', 'use_colors': 'True', 'use_experimental_parser': 'False', 'empty': 'False', 'quiet': 'False', 'no_print': 'None', 'warn_error_options': 'WarnErrorOptionsV2(error=[], warn=[], silence=[])', 'static_parser': 'True', 'introspect': 'True', 'log_format': 'default', 'target_path': 'None', 'invocation_command': 'dbt run --select analysis/check_columns', 'send_anonymous_usage_stats': 'True'}
[0m00:29:23.237147 [debug] [MainThread]: Sending event: {'category': 'dbt', 'action': 'project_id', 'label': '7d5c41c2-ffa9-4d93-9cac-8a5d3161d106', 'context': [<snowplow_tracker.self_describing_json.SelfDescribingJson object at 0x7f364f993ce0>]}
[0m00:29:23.377861 [debug] [MainThread]: Sending event: {'category': 'dbt', 'action': 'adapter_info', 'label': '7d5c41c2-ffa9-4d93-9cac-8a5d3161d106', 'context': [<snowplow_tracker.self_describing_json.SelfDescribingJson object at 0x7f3681a03770>]}
[0m00:29:23.379148 [info ] [MainThread]: Registered adapter: bigquery=1.10.1
[0m00:29:23.655540 [debug] [MainThread]: checksum: 44f4b502e2ddc67beed4db71ce39b63f2d3b7fc0b96e49a69b096c8f6cc370bc, vars: {}, profile: , target: , version: 1.10.7
[0m00:29:23.848736 [info ] [MainThread]: Unable to do partial parsing because a project config has changed
[0m00:29:23.849676 [debug] [MainThread]: Sending event: {'category': 'dbt', 'action': 'partial_parser', 'label': '7d5c41c2-ffa9-4d93-9cac-8a5d3161d106', 'context': [<snowplow_tracker.self_describing_json.SelfDescribingJson object at 0x7f368168f620>]}
[0m00:29:27.058883 [debug] [MainThread]: Sending event: {'category': 'dbt', 'action': 'load_project', 'label': '7d5c41c2-ffa9-4d93-9cac-8a5d3161d106', 'context': [<snowplow_tracker.self_describing_json.SelfDescribingJson object at 0x7f364c54b680>]}
[0m00:29:27.252081 [debug] [MainThread]: Wrote artifact WritableManifest to /usr/ELT_Travaux_Angers/dbt/target/manifest.json
[0m00:29:27.256684 [debug] [MainThread]: Wrote artifact SemanticManifest to /usr/ELT_Travaux_Angers/dbt/target/semantic_manifest.json
[0m00:29:27.294713 [debug] [MainThread]: Sending event: {'category': 'dbt', 'action': 'resource_counts', 'label': '7d5c41c2-ffa9-4d93-9cac-8a5d3161d106', 'context': [<snowplow_tracker.self_describing_json.SelfDescribingJson object at 0x7f36469878c0>]}
[0m00:29:27.295666 [info ] [MainThread]: Found 5 models, 17 data tests, 1 source, 610 macros
[0m00:29:27.296312 [debug] [MainThread]: Sending event: {'category': 'dbt', 'action': 'runnable_timing', 'label': '7d5c41c2-ffa9-4d93-9cac-8a5d3161d106', 'context': [<snowplow_tracker.self_describing_json.SelfDescribingJson object at 0x7f364f993ce0>]}
[0m00:29:27.298627 [warn ] [MainThread]: The selection criterion 'analysis/check_columns' does not match any enabled nodes
[0m00:29:27.300913 [warn ] [MainThread]: Nothing to do. Try checking your model configs and model specification args
[0m00:29:27.302233 [debug] [MainThread]: Command end result
[0m00:29:27.351551 [debug] [MainThread]: Wrote artifact WritableManifest to /usr/ELT_Travaux_Angers/dbt/target/manifest.json
[0m00:29:27.354695 [debug] [MainThread]: Wrote artifact SemanticManifest to /usr/ELT_Travaux_Angers/dbt/target/semantic_manifest.json
[0m00:29:27.359313 [debug] [MainThread]: Wrote artifact RunExecutionResult to /usr/ELT_Travaux_Angers/dbt/target/run_results.json
[0m00:29:27.360812 [debug] [MainThread]: Resource report: {"command_name": "run", "command_success": true, "command_wall_clock_time": 9.934515, "process_in_blocks": "0", "process_kernel_time": 0.843746, "process_mem_max_rss": "406244", "process_out_blocks": "4072", "process_user_time": 14.203068}
[0m00:29:27.361490 [debug] [MainThread]: Command `dbt run` succeeded at 00:29:27.361344 after 9.94 seconds
[0m00:29:27.361984 [debug] [MainThread]: Sending event: {'category': 'dbt', 'action': 'invocation', 'label': 'end', 'context': [<snowplow_tracker.self_describing_json.SelfDescribingJson object at 0x7f3682c31220>, <snowplow_tracker.self_describing_json.SelfDescribingJson object at 0x7f3646987bf0>, <snowplow_tracker.self_describing_json.SelfDescribingJson object at 0x7f364c55c680>]}
[0m00:29:27.362421 [debug] [MainThread]: Flushing usage events
[0m00:29:27.766071 [debug] [MainThread]: An error was encountered while trying to flush usage events
[0m00:30:50.692768 [debug] [MainThread]: Sending event: {'category': 'dbt', 'action': 'invocation', 'label': 'start', 'context': [<snowplow_tracker.self_describing_json.SelfDescribingJson object at 0x7f80cd3d1b20>, <snowplow_tracker.self_describing_json.SelfDescribingJson object at 0x7f80cb12bf80>, <snowplow_tracker.self_describing_json.SelfDescribingJson object at 0x7f80cc78aba0>]}


============================== 00:30:50.703093 | 842b357f-e5cf-4ec3-b9a4-ecf15242ede8 ==============================
[0m00:30:50.703093 [info ] [MainThread]: Running with dbt=1.10.7
[0m00:30:50.704838 [debug] [MainThread]: running dbt with arguments {'printer_width': '80', 'indirect_selection': 'eager', 'write_json': 'True', 'log_cache_events': 'False', 'partial_parse': 'True', 'cache_selected_only': 'False', 'profiles_dir': '/usr/ELT_Travaux_Angers/dbt', 'debug': 'False', 'version_check': 'True', 'log_path': '/usr/ELT_Travaux_Angers/dbt/logs', 'warn_error': 'None', 'fail_fast': 'False', 'use_colors': 'True', 'use_experimental_parser': 'False', 'no_print': 'None', 'quiet': 'False', 'empty': 'False', 'log_format': 'default', 'introspect': 'True', 'invocation_command': 'dbt compile --select analysis/check_columns', 'warn_error_options': 'WarnErrorOptionsV2(error=[], warn=[], silence=[])', 'target_path': 'None', 'static_parser': 'True', 'send_anonymous_usage_stats': 'True'}
[0m00:30:56.596100 [debug] [MainThread]: Sending event: {'category': 'dbt', 'action': 'project_id', 'label': '842b357f-e5cf-4ec3-b9a4-ecf15242ede8', 'context': [<snowplow_tracker.self_describing_json.SelfDescribingJson object at 0x7f8096a5e3f0>]}
[0m00:30:56.771587 [debug] [MainThread]: Sending event: {'category': 'dbt', 'action': 'adapter_info', 'label': '842b357f-e5cf-4ec3-b9a4-ecf15242ede8', 'context': [<snowplow_tracker.self_describing_json.SelfDescribingJson object at 0x7f8096b59ee0>]}
[0m00:30:56.773741 [info ] [MainThread]: Registered adapter: bigquery=1.10.1
[0m00:30:57.244413 [debug] [MainThread]: checksum: 44f4b502e2ddc67beed4db71ce39b63f2d3b7fc0b96e49a69b096c8f6cc370bc, vars: {}, profile: , target: , version: 1.10.7
[0m00:30:57.808921 [debug] [MainThread]: Partial parsing enabled: 0 files deleted, 2 files added, 0 files changed.
[0m00:30:57.813268 [debug] [MainThread]: Partial parsing: added file: travaux_angers://analyses/check_columns.sql
[0m00:30:57.818054 [debug] [MainThread]: Partial parsing: added file: travaux_angers://models/check_source.sql
[0m00:30:58.960893 [debug] [MainThread]: Sending event: {'category': 'dbt', 'action': 'load_project', 'label': '842b357f-e5cf-4ec3-b9a4-ecf15242ede8', 'context': [<snowplow_tracker.self_describing_json.SelfDescribingJson object at 0x7f8094aa75f0>]}
[0m00:30:59.179750 [debug] [MainThread]: Wrote artifact WritableManifest to /usr/ELT_Travaux_Angers/dbt/target/manifest.json
[0m00:30:59.187866 [debug] [MainThread]: Wrote artifact SemanticManifest to /usr/ELT_Travaux_Angers/dbt/target/semantic_manifest.json
[0m00:30:59.282951 [debug] [MainThread]: Sending event: {'category': 'dbt', 'action': 'resource_counts', 'label': '842b357f-e5cf-4ec3-b9a4-ecf15242ede8', 'context': [<snowplow_tracker.self_describing_json.SelfDescribingJson object at 0x7f8096a83b60>]}
[0m00:30:59.283870 [info ] [MainThread]: Found 6 models, 17 data tests, 1 analysis, 1 source, 610 macros
[0m00:30:59.284447 [debug] [MainThread]: Sending event: {'category': 'dbt', 'action': 'runnable_timing', 'label': '842b357f-e5cf-4ec3-b9a4-ecf15242ede8', 'context': [<snowplow_tracker.self_describing_json.SelfDescribingJson object at 0x7f80965a1dc0>]}
[0m00:30:59.287640 [warn ] [MainThread]: The selection criterion 'analysis/check_columns' does not match any enabled nodes
[0m00:30:59.291074 [warn ] [MainThread]: Nothing to do. Try checking your model configs and model specification args
[0m00:30:59.293458 [debug] [MainThread]: Command end result
[0m00:30:59.370432 [debug] [MainThread]: Wrote artifact WritableManifest to /usr/ELT_Travaux_Angers/dbt/target/manifest.json
[0m00:30:59.376034 [debug] [MainThread]: Wrote artifact SemanticManifest to /usr/ELT_Travaux_Angers/dbt/target/semantic_manifest.json
[0m00:30:59.386220 [debug] [MainThread]: Wrote artifact RunExecutionResult to /usr/ELT_Travaux_Angers/dbt/target/run_results.json
[0m00:30:59.389625 [debug] [MainThread]: Resource report: {"command_name": "compile", "command_success": true, "command_wall_clock_time": 8.852374, "process_in_blocks": "0", "process_kernel_time": 0.912067, "process_mem_max_rss": "406260", "process_out_blocks": "4112", "process_user_time": 12.191304}
[0m00:30:59.392185 [debug] [MainThread]: Command `dbt compile` succeeded at 00:30:59.391466 after 8.86 seconds
[0m00:30:59.393338 [debug] [MainThread]: Sending event: {'category': 'dbt', 'action': 'invocation', 'label': 'end', 'context': [<snowplow_tracker.self_describing_json.SelfDescribingJson object at 0x7f80cb056db0>, <snowplow_tracker.self_describing_json.SelfDescribingJson object at 0x7f8096bc8da0>, <snowplow_tracker.self_describing_json.SelfDescribingJson object at 0x7f80965a1dc0>]}
[0m00:30:59.394295 [debug] [MainThread]: Flushing usage events
[0m00:30:59.800115 [debug] [MainThread]: An error was encountered while trying to flush usage events
[0m00:31:10.078875 [debug] [MainThread]: Sending event: {'category': 'dbt', 'action': 'invocation', 'label': 'start', 'context': [<snowplow_tracker.self_describing_json.SelfDescribingJson object at 0x7f7334aa8290>, <snowplow_tracker.self_describing_json.SelfDescribingJson object at 0x7f7332ac2600>, <snowplow_tracker.self_describing_json.SelfDescribingJson object at 0x7f7332e1e120>]}


============================== 00:31:10.084110 | 0f158631-e954-4ea2-b036-c094d2c0a7f5 ==============================
[0m00:31:10.084110 [info ] [MainThread]: Running with dbt=1.10.7
[0m00:31:10.085016 [debug] [MainThread]: running dbt with arguments {'printer_width': '80', 'indirect_selection': 'eager', 'write_json': 'True', 'log_cache_events': 'False', 'partial_parse': 'True', 'cache_selected_only': 'False', 'profiles_dir': '/usr/ELT_Travaux_Angers/dbt', 'version_check': 'True', 'warn_error': 'None', 'log_path': '/usr/ELT_Travaux_Angers/dbt/logs', 'fail_fast': 'False', 'debug': 'False', 'use_colors': 'True', 'use_experimental_parser': 'False', 'empty': 'False', 'quiet': 'False', 'no_print': 'None', 'log_format': 'default', 'introspect': 'True', 'invocation_command': 'dbt run --select analysis/check_columns', 'static_parser': 'True', 'target_path': 'None', 'warn_error_options': 'WarnErrorOptionsV2(error=[], warn=[], silence=[])', 'send_anonymous_usage_stats': 'True'}
[0m00:31:16.520306 [debug] [MainThread]: Sending event: {'category': 'dbt', 'action': 'project_id', 'label': '0f158631-e954-4ea2-b036-c094d2c0a7f5', 'context': [<snowplow_tracker.self_describing_json.SelfDescribingJson object at 0x7f72fe125f40>]}
[0m00:31:16.680546 [debug] [MainThread]: Sending event: {'category': 'dbt', 'action': 'adapter_info', 'label': '0f158631-e954-4ea2-b036-c094d2c0a7f5', 'context': [<snowplow_tracker.self_describing_json.SelfDescribingJson object at 0x7f7332e1e690>]}
[0m00:31:16.682445 [info ] [MainThread]: Registered adapter: bigquery=1.10.1
[0m00:31:16.981156 [debug] [MainThread]: checksum: 44f4b502e2ddc67beed4db71ce39b63f2d3b7fc0b96e49a69b096c8f6cc370bc, vars: {}, profile: , target: , version: 1.10.7
[0m00:31:17.235557 [debug] [MainThread]: Partial parsing enabled: 0 files deleted, 0 files added, 0 files changed.
[0m00:31:17.236476 [debug] [MainThread]: Partial parsing enabled, no changes found, skipping parsing
[0m00:31:17.366787 [debug] [MainThread]: Sending event: {'category': 'dbt', 'action': 'load_project', 'label': '0f158631-e954-4ea2-b036-c094d2c0a7f5', 'context': [<snowplow_tracker.self_describing_json.SelfDescribingJson object at 0x7f72fdb866f0>]}
[0m00:31:17.573527 [debug] [MainThread]: Wrote artifact WritableManifest to /usr/ELT_Travaux_Angers/dbt/target/manifest.json
[0m00:31:17.576787 [debug] [MainThread]: Wrote artifact SemanticManifest to /usr/ELT_Travaux_Angers/dbt/target/semantic_manifest.json
[0m00:31:17.622089 [debug] [MainThread]: Sending event: {'category': 'dbt', 'action': 'resource_counts', 'label': '0f158631-e954-4ea2-b036-c094d2c0a7f5', 'context': [<snowplow_tracker.self_describing_json.SelfDescribingJson object at 0x7f72fd977980>]}
[0m00:31:17.623394 [info ] [MainThread]: Found 6 models, 17 data tests, 1 analysis, 1 source, 610 macros
[0m00:31:17.624312 [debug] [MainThread]: Sending event: {'category': 'dbt', 'action': 'runnable_timing', 'label': '0f158631-e954-4ea2-b036-c094d2c0a7f5', 'context': [<snowplow_tracker.self_describing_json.SelfDescribingJson object at 0x7f72fd86c080>]}
[0m00:31:17.627318 [warn ] [MainThread]: The selection criterion 'analysis/check_columns' does not match any enabled nodes
[0m00:31:17.630055 [warn ] [MainThread]: Nothing to do. Try checking your model configs and model specification args
[0m00:31:17.639536 [debug] [MainThread]: Command end result
[0m00:31:17.720970 [debug] [MainThread]: Wrote artifact WritableManifest to /usr/ELT_Travaux_Angers/dbt/target/manifest.json
[0m00:31:17.724076 [debug] [MainThread]: Wrote artifact SemanticManifest to /usr/ELT_Travaux_Angers/dbt/target/semantic_manifest.json
[0m00:31:17.730150 [debug] [MainThread]: Wrote artifact RunExecutionResult to /usr/ELT_Travaux_Angers/dbt/target/run_results.json
[0m00:31:17.731931 [debug] [MainThread]: Resource report: {"command_name": "run", "command_success": true, "command_wall_clock_time": 7.793054, "process_in_blocks": "0", "process_kernel_time": 0.807093, "process_mem_max_rss": "400856", "process_out_blocks": "2760", "process_user_time": 11.857302}
[0m00:31:17.733095 [debug] [MainThread]: Command `dbt run` succeeded at 00:31:17.732917 after 7.79 seconds
[0m00:31:17.733735 [debug] [MainThread]: Sending event: {'category': 'dbt', 'action': 'invocation', 'label': 'end', 'context': [<snowplow_tracker.self_describing_json.SelfDescribingJson object at 0x7f7332b5b5f0>, <snowplow_tracker.self_describing_json.SelfDescribingJson object at 0x7f7332f8dc70>, <snowplow_tracker.self_describing_json.SelfDescribingJson object at 0x7f7332f8cce0>]}
[0m00:31:17.734234 [debug] [MainThread]: Flushing usage events
[0m00:31:18.159625 [debug] [MainThread]: An error was encountered while trying to flush usage events
[0m00:31:57.201811 [debug] [MainThread]: Sending event: {'category': 'dbt', 'action': 'invocation', 'label': 'start', 'context': [<snowplow_tracker.self_describing_json.SelfDescribingJson object at 0x7fa5200d2720>, <snowplow_tracker.self_describing_json.SelfDescribingJson object at 0x7fa51e659c10>, <snowplow_tracker.self_describing_json.SelfDescribingJson object at 0x7fa51df2e150>]}


============================== 00:31:57.208919 | 4d4bea6c-d845-4079-80f1-34bfdf1cc754 ==============================
[0m00:31:57.208919 [info ] [MainThread]: Running with dbt=1.10.7
[0m00:31:57.209758 [debug] [MainThread]: running dbt with arguments {'printer_width': '80', 'indirect_selection': 'eager', 'write_json': 'True', 'log_cache_events': 'False', 'partial_parse': 'True', 'cache_selected_only': 'False', 'profiles_dir': '/usr/ELT_Travaux_Angers/dbt', 'version_check': 'True', 'warn_error': 'None', 'log_path': '/usr/ELT_Travaux_Angers/dbt/logs', 'debug': 'False', 'fail_fast': 'False', 'use_colors': 'True', 'use_experimental_parser': 'False', 'no_print': 'None', 'quiet': 'False', 'empty': 'False', 'log_format': 'default', 'static_parser': 'True', 'invocation_command': 'dbt run --select check_source', 'warn_error_options': 'WarnErrorOptionsV2(error=[], warn=[], silence=[])', 'target_path': 'None', 'introspect': 'True', 'send_anonymous_usage_stats': 'True'}
[0m00:32:03.366270 [debug] [MainThread]: Sending event: {'category': 'dbt', 'action': 'project_id', 'label': '4d4bea6c-d845-4079-80f1-34bfdf1cc754', 'context': [<snowplow_tracker.self_describing_json.SelfDescribingJson object at 0x7fa4e9320320>]}
[0m00:32:03.514442 [debug] [MainThread]: Sending event: {'category': 'dbt', 'action': 'adapter_info', 'label': '4d4bea6c-d845-4079-80f1-34bfdf1cc754', 'context': [<snowplow_tracker.self_describing_json.SelfDescribingJson object at 0x7fa51e403bf0>]}
[0m00:32:03.515856 [info ] [MainThread]: Registered adapter: bigquery=1.10.1
[0m00:32:03.832348 [debug] [MainThread]: checksum: 44f4b502e2ddc67beed4db71ce39b63f2d3b7fc0b96e49a69b096c8f6cc370bc, vars: {}, profile: , target: , version: 1.10.7
[0m00:32:04.080313 [debug] [MainThread]: Partial parsing enabled: 0 files deleted, 0 files added, 0 files changed.
[0m00:32:04.081772 [debug] [MainThread]: Partial parsing enabled, no changes found, skipping parsing
[0m00:32:04.225106 [debug] [MainThread]: Sending event: {'category': 'dbt', 'action': 'load_project', 'label': '4d4bea6c-d845-4079-80f1-34bfdf1cc754', 'context': [<snowplow_tracker.self_describing_json.SelfDescribingJson object at 0x7fa4ea16d2b0>]}
[0m00:32:04.716463 [debug] [MainThread]: Wrote artifact WritableManifest to /usr/ELT_Travaux_Angers/dbt/target/manifest.json
[0m00:32:04.720936 [debug] [MainThread]: Wrote artifact SemanticManifest to /usr/ELT_Travaux_Angers/dbt/target/semantic_manifest.json
[0m00:32:04.760408 [debug] [MainThread]: Sending event: {'category': 'dbt', 'action': 'resource_counts', 'label': '4d4bea6c-d845-4079-80f1-34bfdf1cc754', 'context': [<snowplow_tracker.self_describing_json.SelfDescribingJson object at 0x7fa4e91d9e50>]}
[0m00:32:04.761584 [info ] [MainThread]: Found 6 models, 17 data tests, 1 analysis, 1 source, 610 macros
[0m00:32:04.762837 [debug] [MainThread]: Sending event: {'category': 'dbt', 'action': 'runnable_timing', 'label': '4d4bea6c-d845-4079-80f1-34bfdf1cc754', 'context': [<snowplow_tracker.self_describing_json.SelfDescribingJson object at 0x7fa4e8e1b560>]}
[0m00:32:04.771477 [info ] [MainThread]: 
[0m00:32:04.772784 [info ] [MainThread]: Concurrency: 1 threads (target='dev')
[0m00:32:04.773519 [info ] [MainThread]: 
[0m00:32:04.774848 [debug] [MainThread]: Acquiring new bigquery connection 'master'
[0m00:32:04.777793 [debug] [ThreadPool]: Acquiring new bigquery connection 'list_my-project-travaux-angers'
[0m00:32:04.779784 [debug] [ThreadPool]: Opening a new connection, currently in state init
[0m00:32:05.368803 [debug] [ThreadPool]: Re-using an available connection from the pool (formerly list_my-project-travaux-angers, now list_my-project-travaux-angers_travaux_angers_gold)
[0m00:32:05.370123 [debug] [ThreadPool]: Opening a new connection, currently in state closed
[0m00:32:05.972343 [debug] [ThreadPool]: Re-using an available connection from the pool (formerly list_my-project-travaux-angers_travaux_angers_gold, now list_my-project-travaux-angers_travaux_angers_silver)
[0m00:32:05.973467 [debug] [ThreadPool]: Opening a new connection, currently in state closed
[0m00:32:06.457445 [debug] [ThreadPool]: Re-using an available connection from the pool (formerly list_my-project-travaux-angers_travaux_angers_silver, now list_my-project-travaux-angers_travaux_angers_bronze)
[0m00:32:06.458284 [debug] [ThreadPool]: Opening a new connection, currently in state closed
[0m00:32:06.985466 [debug] [ThreadPool]: Re-using an available connection from the pool (formerly list_my-project-travaux-angers_travaux_angers_bronze, now list_my-project-travaux-angers_travaux_angers)
[0m00:32:06.987087 [debug] [ThreadPool]: Opening a new connection, currently in state closed
[0m00:32:07.436984 [debug] [MainThread]: Sending event: {'category': 'dbt', 'action': 'runnable_timing', 'label': '4d4bea6c-d845-4079-80f1-34bfdf1cc754', 'context': [<snowplow_tracker.self_describing_json.SelfDescribingJson object at 0x7fa4e9347860>]}
[0m00:32:07.437989 [debug] [MainThread]: Opening a new connection, currently in state init
[0m00:32:07.500086 [debug] [Thread-1 (]: Began running node model.travaux_angers.check_source
[0m00:32:07.501025 [info ] [Thread-1 (]: 1 of 1 START sql view model travaux_angers.check_source ........................ [RUN]
[0m00:32:07.501901 [debug] [Thread-1 (]: Re-using an available connection from the pool (formerly list_my-project-travaux-angers_travaux_angers, now model.travaux_angers.check_source)
[0m00:32:07.502669 [debug] [Thread-1 (]: Began compiling node model.travaux_angers.check_source
[0m00:32:07.520505 [debug] [Thread-1 (]: Writing injected SQL for node "model.travaux_angers.check_source"
[0m00:32:07.521524 [debug] [Thread-1 (]: Began executing node model.travaux_angers.check_source
[0m00:32:07.581763 [debug] [Thread-1 (]: Writing runtime sql for node "model.travaux_angers.check_source"
[0m00:32:07.594063 [debug] [Thread-1 (]: On model.travaux_angers.check_source: /* {"app": "dbt", "dbt_version": "1.10.7", "profile_name": "travaux_angers", "target_name": "dev", "node_id": "model.travaux_angers.check_source"} */


  create or replace view `my-project-travaux-angers`.`travaux_angers`.`check_source`
  OPTIONS()
  as 

-- Vérifie les colonnes disponibles dans la source
SELECT *
FROM `my-project-travaux-angers`.`travaux_angers`.`travaux_angers`
LIMIT 1;;


[0m00:32:07.594816 [debug] [Thread-1 (]: Opening a new connection, currently in state closed
[0m00:32:08.073954 [debug] [Thread-1 (]: BigQuery adapter: https://console.cloud.google.com/bigquery?project=my-project-travaux-angers&j=bq:US:8b84e6d5-829a-4ad5-8c27-5a7f45b90324&page=queryresults
[0m00:32:08.075045 [error] [Thread-1 (]: BigQuery adapter: https://console.cloud.google.com/bigquery?project=my-project-travaux-angers&j=bq:US:8b84e6d5-829a-4ad5-8c27-5a7f45b90324&page=queryresults
[0m00:32:08.086298 [debug] [Thread-1 (]: Database Error in model check_source (models/check_source.sql)
  Syntax error: Unexpected ";" at [11:9]
  compiled code at target/run/travaux_angers/models/check_source.sql
[0m00:32:08.089927 [debug] [Thread-1 (]: Sending event: {'category': 'dbt', 'action': 'run_model', 'label': '4d4bea6c-d845-4079-80f1-34bfdf1cc754', 'context': [<snowplow_tracker.self_describing_json.SelfDescribingJson object at 0x7fa4e8ef3dd0>]}
[0m00:32:08.093316 [error] [Thread-1 (]: 1 of 1 ERROR creating sql view model travaux_angers.check_source ............... [[31mERROR[0m in 0.59s]
[0m00:32:08.095800 [debug] [Thread-1 (]: Finished running node model.travaux_angers.check_source
[0m00:32:08.097346 [debug] [Thread-4 (]: Marking all children of 'model.travaux_angers.check_source' to be skipped because of status 'error'.  Reason: Database Error in model check_source (models/check_source.sql)
  Syntax error: Unexpected ";" at [11:9]
  compiled code at target/run/travaux_angers/models/check_source.sql.
[0m00:32:08.102015 [debug] [MainThread]: Opening a new connection, currently in state closed
[0m00:32:08.163932 [debug] [MainThread]: Connection 'master' was properly closed.
[0m00:32:08.164589 [debug] [MainThread]: Connection 'model.travaux_angers.check_source' was properly closed.
[0m00:32:08.165014 [info ] [MainThread]: 
[0m00:32:08.165836 [info ] [MainThread]: Finished running 1 view model in 0 hours 0 minutes and 3.39 seconds (3.39s).
[0m00:32:08.167541 [debug] [MainThread]: Command end result
[0m00:32:08.220813 [debug] [MainThread]: Wrote artifact WritableManifest to /usr/ELT_Travaux_Angers/dbt/target/manifest.json
[0m00:32:08.223878 [debug] [MainThread]: Wrote artifact SemanticManifest to /usr/ELT_Travaux_Angers/dbt/target/semantic_manifest.json
[0m00:32:08.233232 [debug] [MainThread]: Wrote artifact RunExecutionResult to /usr/ELT_Travaux_Angers/dbt/target/run_results.json
[0m00:32:08.233853 [info ] [MainThread]: 
[0m00:32:08.234584 [info ] [MainThread]: [31mCompleted with 1 error, 0 partial successes, and 0 warnings:[0m
[0m00:32:08.235303 [info ] [MainThread]: 
[0m00:32:08.236148 [error] [MainThread]: [31mFailure in model check_source (models/check_source.sql)[0m
[0m00:32:08.237031 [error] [MainThread]:   Database Error in model check_source (models/check_source.sql)
  Syntax error: Unexpected ";" at [11:9]
  compiled code at target/run/travaux_angers/models/check_source.sql
[0m00:32:08.237708 [info ] [MainThread]: 
[0m00:32:08.238608 [info ] [MainThread]:   compiled code at target/compiled/travaux_angers/models/check_source.sql
[0m00:32:08.239254 [info ] [MainThread]: 
[0m00:32:08.239987 [info ] [MainThread]: Done. PASS=0 WARN=0 ERROR=1 SKIP=0 NO-OP=0 TOTAL=1
[0m00:32:08.242029 [debug] [MainThread]: Resource report: {"command_name": "run", "command_success": false, "command_wall_clock_time": 11.234729, "process_in_blocks": "0", "process_kernel_time": 0.962827, "process_mem_max_rss": "405280", "process_out_blocks": "2792", "process_user_time": 12.05054}
[0m00:32:08.243006 [debug] [MainThread]: Command `dbt run` failed at 00:32:08.242808 after 11.24 seconds
[0m00:32:08.243752 [debug] [MainThread]: Sending event: {'category': 'dbt', 'action': 'invocation', 'label': 'end', 'context': [<snowplow_tracker.self_describing_json.SelfDescribingJson object at 0x7fa51dc23920>, <snowplow_tracker.self_describing_json.SelfDescribingJson object at 0x7fa51e682000>, <snowplow_tracker.self_describing_json.SelfDescribingJson object at 0x7fa51e6815e0>]}
[0m00:32:08.244478 [debug] [MainThread]: Flushing usage events
[0m00:32:08.669930 [debug] [MainThread]: An error was encountered while trying to flush usage events
[0m00:33:42.325195 [debug] [MainThread]: Sending event: {'category': 'dbt', 'action': 'invocation', 'label': 'start', 'context': [<snowplow_tracker.self_describing_json.SelfDescribingJson object at 0x7efe533a5310>, <snowplow_tracker.self_describing_json.SelfDescribingJson object at 0x7efe53302960>, <snowplow_tracker.self_describing_json.SelfDescribingJson object at 0x7efe53a2ef60>]}


============================== 00:33:42.333815 | d4c81f27-ea50-43c0-8891-b9df5c9c8450 ==============================
[0m00:33:42.333815 [info ] [MainThread]: Running with dbt=1.10.7
[0m00:33:42.334999 [debug] [MainThread]: running dbt with arguments {'printer_width': '80', 'indirect_selection': 'eager', 'write_json': 'True', 'log_cache_events': 'False', 'partial_parse': 'True', 'cache_selected_only': 'False', 'profiles_dir': '/usr/ELT_Travaux_Angers/dbt', 'debug': 'False', 'warn_error': 'None', 'log_path': '/usr/ELT_Travaux_Angers/dbt/logs', 'version_check': 'True', 'fail_fast': 'False', 'use_colors': 'True', 'use_experimental_parser': 'False', 'no_print': 'None', 'quiet': 'False', 'empty': 'False', 'warn_error_options': 'WarnErrorOptionsV2(error=[], warn=[], silence=[])', 'static_parser': 'True', 'log_format': 'default', 'invocation_command': 'dbt run --select check_source', 'target_path': 'None', 'introspect': 'True', 'send_anonymous_usage_stats': 'True'}
[0m00:33:49.571407 [debug] [MainThread]: Sending event: {'category': 'dbt', 'action': 'project_id', 'label': 'd4c81f27-ea50-43c0-8891-b9df5c9c8450', 'context': [<snowplow_tracker.self_describing_json.SelfDescribingJson object at 0x7efe53fce810>]}
[0m00:33:49.734074 [debug] [MainThread]: Sending event: {'category': 'dbt', 'action': 'adapter_info', 'label': 'd4c81f27-ea50-43c0-8891-b9df5c9c8450', 'context': [<snowplow_tracker.self_describing_json.SelfDescribingJson object at 0x7efe541129c0>]}
[0m00:33:49.736940 [info ] [MainThread]: Registered adapter: bigquery=1.10.1
[0m00:33:50.170940 [debug] [MainThread]: checksum: 44f4b502e2ddc67beed4db71ce39b63f2d3b7fc0b96e49a69b096c8f6cc370bc, vars: {}, profile: , target: , version: 1.10.7
[0m00:33:50.434938 [debug] [MainThread]: Partial parsing enabled: 0 files deleted, 0 files added, 1 files changed.
[0m00:33:50.436632 [debug] [MainThread]: Partial parsing: updated file: travaux_angers://models/check_source.sql
[0m00:33:51.235454 [debug] [MainThread]: Sending event: {'category': 'dbt', 'action': 'load_project', 'label': 'd4c81f27-ea50-43c0-8891-b9df5c9c8450', 'context': [<snowplow_tracker.self_describing_json.SelfDescribingJson object at 0x7efe1e7f8620>]}
[0m00:33:51.466863 [debug] [MainThread]: Wrote artifact WritableManifest to /usr/ELT_Travaux_Angers/dbt/target/manifest.json
[0m00:33:51.471644 [debug] [MainThread]: Wrote artifact SemanticManifest to /usr/ELT_Travaux_Angers/dbt/target/semantic_manifest.json
[0m00:33:51.530426 [debug] [MainThread]: Sending event: {'category': 'dbt', 'action': 'resource_counts', 'label': 'd4c81f27-ea50-43c0-8891-b9df5c9c8450', 'context': [<snowplow_tracker.self_describing_json.SelfDescribingJson object at 0x7efe1ebac470>]}
[0m00:33:51.531367 [info ] [MainThread]: Found 6 models, 17 data tests, 1 analysis, 1 source, 610 macros
[0m00:33:51.531954 [debug] [MainThread]: Sending event: {'category': 'dbt', 'action': 'runnable_timing', 'label': 'd4c81f27-ea50-43c0-8891-b9df5c9c8450', 'context': [<snowplow_tracker.self_describing_json.SelfDescribingJson object at 0x7efe1e8cd670>]}
[0m00:33:51.536463 [info ] [MainThread]: 
[0m00:33:51.537916 [info ] [MainThread]: Concurrency: 1 threads (target='dev')
[0m00:33:51.539506 [info ] [MainThread]: 
[0m00:33:51.541158 [debug] [MainThread]: Acquiring new bigquery connection 'master'
[0m00:33:51.544008 [debug] [ThreadPool]: Acquiring new bigquery connection 'list_my-project-travaux-angers'
[0m00:33:51.545130 [debug] [ThreadPool]: Opening a new connection, currently in state init
[0m00:33:52.047057 [debug] [ThreadPool]: Re-using an available connection from the pool (formerly list_my-project-travaux-angers, now list_my-project-travaux-angers_travaux_angers_gold)
[0m00:33:52.048422 [debug] [ThreadPool]: Opening a new connection, currently in state closed
[0m00:33:52.450383 [debug] [ThreadPool]: Re-using an available connection from the pool (formerly list_my-project-travaux-angers_travaux_angers_gold, now list_my-project-travaux-angers_travaux_angers_silver)
[0m00:33:52.451606 [debug] [ThreadPool]: Opening a new connection, currently in state closed
[0m00:33:52.906927 [debug] [ThreadPool]: Re-using an available connection from the pool (formerly list_my-project-travaux-angers_travaux_angers_silver, now list_my-project-travaux-angers_travaux_angers)
[0m00:33:52.908197 [debug] [ThreadPool]: Opening a new connection, currently in state closed
[0m00:33:53.387063 [debug] [ThreadPool]: Re-using an available connection from the pool (formerly list_my-project-travaux-angers_travaux_angers, now list_my-project-travaux-angers_travaux_angers_bronze)
[0m00:33:53.389396 [debug] [ThreadPool]: Opening a new connection, currently in state closed
[0m00:33:53.817635 [debug] [MainThread]: Sending event: {'category': 'dbt', 'action': 'runnable_timing', 'label': 'd4c81f27-ea50-43c0-8891-b9df5c9c8450', 'context': [<snowplow_tracker.self_describing_json.SelfDescribingJson object at 0x7efe1e9c0bf0>]}
[0m00:33:53.818981 [debug] [MainThread]: Opening a new connection, currently in state init
[0m00:33:53.926759 [debug] [Thread-1 (]: Began running node model.travaux_angers.check_source
[0m00:33:53.928253 [info ] [Thread-1 (]: 1 of 1 START sql view model travaux_angers.check_source ........................ [RUN]
[0m00:33:53.929892 [debug] [Thread-1 (]: Re-using an available connection from the pool (formerly list_my-project-travaux-angers_travaux_angers_bronze, now model.travaux_angers.check_source)
[0m00:33:53.930982 [debug] [Thread-1 (]: Began compiling node model.travaux_angers.check_source
[0m00:33:53.948724 [debug] [Thread-1 (]: Writing injected SQL for node "model.travaux_angers.check_source"
[0m00:33:53.950441 [debug] [Thread-1 (]: Began executing node model.travaux_angers.check_source
[0m00:33:54.047847 [debug] [Thread-1 (]: Writing runtime sql for node "model.travaux_angers.check_source"
[0m00:33:54.049608 [debug] [Thread-1 (]: On model.travaux_angers.check_source: /* {"app": "dbt", "dbt_version": "1.10.7", "profile_name": "travaux_angers", "target_name": "dev", "node_id": "model.travaux_angers.check_source"} */


  create or replace view `my-project-travaux-angers`.`travaux_angers`.`check_source`
  OPTIONS()
  as 

-- Vérifie les colonnes disponibles dans la source
SELECT *
FROM `my-project-travaux-angers`.`travaux_angers`.`travaux_angers`
LIMIT 1;


[0m00:33:54.051395 [debug] [Thread-1 (]: Opening a new connection, currently in state closed
[0m00:33:54.789564 [debug] [Thread-1 (]: BigQuery adapter: https://console.cloud.google.com/bigquery?project=my-project-travaux-angers&j=bq:US:9ea8e697-6aba-48f3-873d-efbf190b548a&page=queryresults
[0m00:33:55.533820 [debug] [Thread-1 (]: Sending event: {'category': 'dbt', 'action': 'run_model', 'label': 'd4c81f27-ea50-43c0-8891-b9df5c9c8450', 'context': [<snowplow_tracker.self_describing_json.SelfDescribingJson object at 0x7efe5413c9b0>]}
[0m00:33:55.536643 [info ] [Thread-1 (]: 1 of 1 OK created sql view model travaux_angers.check_source ................... [[32mCREATE VIEW (0 processed)[0m in 1.60s]
[0m00:33:55.539109 [debug] [Thread-1 (]: Finished running node model.travaux_angers.check_source
[0m00:33:55.543389 [debug] [MainThread]: Opening a new connection, currently in state closed
[0m00:33:55.617647 [debug] [MainThread]: Connection 'master' was properly closed.
[0m00:33:55.619158 [debug] [MainThread]: Connection 'model.travaux_angers.check_source' was properly closed.
[0m00:33:55.620758 [info ] [MainThread]: 
[0m00:33:55.621753 [info ] [MainThread]: Finished running 1 view model in 0 hours 0 minutes and 4.08 seconds (4.08s).
[0m00:33:55.623630 [debug] [MainThread]: Command end result
[0m00:33:55.696301 [debug] [MainThread]: Wrote artifact WritableManifest to /usr/ELT_Travaux_Angers/dbt/target/manifest.json
[0m00:33:55.700766 [debug] [MainThread]: Wrote artifact SemanticManifest to /usr/ELT_Travaux_Angers/dbt/target/semantic_manifest.json
[0m00:33:55.711629 [debug] [MainThread]: Wrote artifact RunExecutionResult to /usr/ELT_Travaux_Angers/dbt/target/run_results.json
[0m00:33:55.712461 [info ] [MainThread]: 
[0m00:33:55.713340 [info ] [MainThread]: [32mCompleted successfully[0m
[0m00:33:55.714315 [info ] [MainThread]: 
[0m00:33:55.715147 [info ] [MainThread]: Done. PASS=1 WARN=0 ERROR=0 SKIP=0 NO-OP=0 TOTAL=1
[0m00:33:55.717408 [debug] [MainThread]: Resource report: {"command_name": "run", "command_success": true, "command_wall_clock_time": 13.497793, "process_in_blocks": "0", "process_kernel_time": 1.818597, "process_mem_max_rss": "411580", "process_out_blocks": "4136", "process_user_time": 13.289748}
[0m00:33:55.718331 [debug] [MainThread]: Command `dbt run` succeeded at 00:33:55.718120 after 13.50 seconds
[0m00:33:55.719037 [debug] [MainThread]: Sending event: {'category': 'dbt', 'action': 'invocation', 'label': 'end', 'context': [<snowplow_tracker.self_describing_json.SelfDescribingJson object at 0x7efe533a5310>, <snowplow_tracker.self_describing_json.SelfDescribingJson object at 0x7efe1eae7c50>, <snowplow_tracker.self_describing_json.SelfDescribingJson object at 0x7efe542654f0>]}
[0m00:33:55.719711 [debug] [MainThread]: Flushing usage events
[0m00:33:56.182144 [debug] [MainThread]: An error was encountered while trying to flush usage events
[0m00:37:45.744482 [debug] [MainThread]: Sending event: {'category': 'dbt', 'action': 'invocation', 'label': 'start', 'context': [<snowplow_tracker.self_describing_json.SelfDescribingJson object at 0x7fbfe40e5250>, <snowplow_tracker.self_describing_json.SelfDescribingJson object at 0x7fbfe45f7bf0>, <snowplow_tracker.self_describing_json.SelfDescribingJson object at 0x7fbfe5e11b80>]}


============================== 00:37:45.753380 | 0762e027-b096-4018-b1d5-9ee86d83caef ==============================
[0m00:37:45.753380 [info ] [MainThread]: Running with dbt=1.10.7
[0m00:37:45.763174 [debug] [MainThread]: running dbt with arguments {'printer_width': '80', 'indirect_selection': 'eager', 'write_json': 'True', 'log_cache_events': 'False', 'partial_parse': 'True', 'cache_selected_only': 'False', 'profiles_dir': '/usr/ELT_Travaux_Angers/dbt', 'fail_fast': 'False', 'debug': 'False', 'log_path': '/usr/ELT_Travaux_Angers/dbt/logs', 'version_check': 'True', 'warn_error': 'None', 'use_colors': 'True', 'use_experimental_parser': 'False', 'empty': 'False', 'quiet': 'False', 'no_print': 'None', 'log_format': 'default', 'introspect': 'True', 'warn_error_options': 'WarnErrorOptionsV2(error=[], warn=[], silence=[])', 'invocation_command': 'dbt run', 'target_path': 'None', 'static_parser': 'True', 'send_anonymous_usage_stats': 'True'}
[0m00:37:51.634905 [debug] [MainThread]: Sending event: {'category': 'dbt', 'action': 'project_id', 'label': '0762e027-b096-4018-b1d5-9ee86d83caef', 'context': [<snowplow_tracker.self_describing_json.SelfDescribingJson object at 0x7fbfe3b02930>]}
[0m00:37:51.760457 [debug] [MainThread]: Sending event: {'category': 'dbt', 'action': 'adapter_info', 'label': '0762e027-b096-4018-b1d5-9ee86d83caef', 'context': [<snowplow_tracker.self_describing_json.SelfDescribingJson object at 0x7fbfaf817170>]}
[0m00:37:51.762087 [info ] [MainThread]: Registered adapter: bigquery=1.10.1
[0m00:37:52.180118 [debug] [MainThread]: checksum: 44f4b502e2ddc67beed4db71ce39b63f2d3b7fc0b96e49a69b096c8f6cc370bc, vars: {}, profile: , target: , version: 1.10.7
[0m00:37:52.436161 [debug] [MainThread]: Partial parsing enabled: 0 files deleted, 0 files added, 2 files changed.
[0m00:37:52.437723 [debug] [MainThread]: Partial parsing: updated file: travaux_angers://models/check_source.sql
[0m00:37:52.449281 [debug] [MainThread]: Partial parsing: updated file: travaux_angers://models/silver/stg_travaux_angers.sql
[0m00:37:53.142845 [debug] [MainThread]: Sending event: {'category': 'dbt', 'action': 'load_project', 'label': '0762e027-b096-4018-b1d5-9ee86d83caef', 'context': [<snowplow_tracker.self_describing_json.SelfDescribingJson object at 0x7fbfaf7a57f0>]}
[0m00:37:53.337526 [debug] [MainThread]: Wrote artifact WritableManifest to /usr/ELT_Travaux_Angers/dbt/target/manifest.json
[0m00:37:53.341937 [debug] [MainThread]: Wrote artifact SemanticManifest to /usr/ELT_Travaux_Angers/dbt/target/semantic_manifest.json
[0m00:37:53.390360 [debug] [MainThread]: Sending event: {'category': 'dbt', 'action': 'resource_counts', 'label': '0762e027-b096-4018-b1d5-9ee86d83caef', 'context': [<snowplow_tracker.self_describing_json.SelfDescribingJson object at 0x7fbfaf1e5910>]}
[0m00:37:53.391979 [info ] [MainThread]: Found 6 models, 17 data tests, 1 analysis, 1 source, 610 macros
[0m00:37:53.392842 [debug] [MainThread]: Sending event: {'category': 'dbt', 'action': 'runnable_timing', 'label': '0762e027-b096-4018-b1d5-9ee86d83caef', 'context': [<snowplow_tracker.self_describing_json.SelfDescribingJson object at 0x7fbfaf4e9e80>]}
[0m00:37:53.403102 [info ] [MainThread]: 
[0m00:37:53.404295 [info ] [MainThread]: Concurrency: 1 threads (target='dev')
[0m00:37:53.404996 [info ] [MainThread]: 
[0m00:37:53.408962 [debug] [MainThread]: Acquiring new bigquery connection 'master'
[0m00:37:53.424028 [debug] [ThreadPool]: Acquiring new bigquery connection 'list_my-project-travaux-angers'
[0m00:37:53.425422 [debug] [ThreadPool]: Opening a new connection, currently in state init
[0m00:37:53.943191 [debug] [ThreadPool]: Opening a new connection, currently in state closed
[0m00:37:54.415112 [debug] [ThreadPool]: Opening a new connection, currently in state closed
[0m00:37:54.901802 [debug] [ThreadPool]: Opening a new connection, currently in state closed
[0m00:37:55.393671 [debug] [ThreadPool]: Re-using an available connection from the pool (formerly list_my-project-travaux-angers, now list_my-project-travaux-angers_travaux_angers)
[0m00:37:55.394756 [debug] [ThreadPool]: Opening a new connection, currently in state closed
[0m00:37:55.861535 [debug] [ThreadPool]: Re-using an available connection from the pool (formerly list_my-project-travaux-angers_travaux_angers, now list_my-project-travaux-angers_travaux_angers_bronze)
[0m00:37:55.863454 [debug] [ThreadPool]: Opening a new connection, currently in state closed
[0m00:37:56.376594 [debug] [ThreadPool]: Re-using an available connection from the pool (formerly list_my-project-travaux-angers_travaux_angers_bronze, now list_my-project-travaux-angers_travaux_angers_silver)
[0m00:37:56.378434 [debug] [ThreadPool]: Opening a new connection, currently in state closed
[0m00:37:57.069927 [debug] [ThreadPool]: Re-using an available connection from the pool (formerly list_my-project-travaux-angers_travaux_angers_silver, now list_my-project-travaux-angers_travaux_angers_gold)
[0m00:37:57.071375 [debug] [ThreadPool]: Opening a new connection, currently in state closed
[0m00:37:57.524401 [debug] [MainThread]: Sending event: {'category': 'dbt', 'action': 'runnable_timing', 'label': '0762e027-b096-4018-b1d5-9ee86d83caef', 'context': [<snowplow_tracker.self_describing_json.SelfDescribingJson object at 0x7fbfe57744d0>]}
[0m00:37:57.525760 [debug] [MainThread]: Opening a new connection, currently in state init
[0m00:37:57.638704 [debug] [Thread-1 (]: Began running node model.travaux_angers.check_columns
[0m00:37:57.640409 [info ] [Thread-1 (]: 1 of 6 START sql view model travaux_angers.check_columns ....................... [RUN]
[0m00:37:57.641889 [debug] [Thread-1 (]: Re-using an available connection from the pool (formerly list_my-project-travaux-angers_travaux_angers_gold, now model.travaux_angers.check_columns)
[0m00:37:57.642917 [debug] [Thread-1 (]: Began compiling node model.travaux_angers.check_columns
[0m00:37:57.666413 [debug] [Thread-1 (]: Writing injected SQL for node "model.travaux_angers.check_columns"
[0m00:37:57.669174 [debug] [Thread-1 (]: Began executing node model.travaux_angers.check_columns
[0m00:37:57.775665 [debug] [Thread-1 (]: Writing runtime sql for node "model.travaux_angers.check_columns"
[0m00:37:57.777412 [debug] [Thread-1 (]: On model.travaux_angers.check_columns: /* {"app": "dbt", "dbt_version": "1.10.7", "profile_name": "travaux_angers", "target_name": "dev", "node_id": "model.travaux_angers.check_columns"} */


  create or replace view `my-project-travaux-angers`.`travaux_angers`.`check_columns`
  OPTIONS()
  as -- Vérifie les colonnes disponibles dans la source
SELECT *
FROM `my-project-travaux-angers`.`travaux_angers`.`travaux_angers`
LIMIT 1;;


[0m00:37:57.778897 [debug] [Thread-1 (]: Opening a new connection, currently in state closed
[0m00:37:58.250822 [debug] [Thread-1 (]: BigQuery adapter: https://console.cloud.google.com/bigquery?project=my-project-travaux-angers&j=bq:US:054de2c4-9f22-4306-b505-ebb90a009624&page=queryresults
[0m00:37:58.252290 [error] [Thread-1 (]: BigQuery adapter: https://console.cloud.google.com/bigquery?project=my-project-travaux-angers&j=bq:US:054de2c4-9f22-4306-b505-ebb90a009624&page=queryresults
[0m00:37:58.290206 [debug] [Thread-1 (]: Database Error in model check_columns (models/analysis/check_columns.sql)
  Syntax error: Unexpected ";" at [9:9]
  compiled code at target/run/travaux_angers/models/analysis/check_columns.sql
[0m00:37:58.299559 [debug] [Thread-1 (]: Sending event: {'category': 'dbt', 'action': 'run_model', 'label': '0762e027-b096-4018-b1d5-9ee86d83caef', 'context': [<snowplow_tracker.self_describing_json.SelfDescribingJson object at 0x7fbfe4997f50>]}
[0m00:37:58.301608 [error] [Thread-1 (]: 1 of 6 ERROR creating sql view model travaux_angers.check_columns .............. [[31mERROR[0m in 0.65s]
[0m00:37:58.303133 [debug] [Thread-1 (]: Finished running node model.travaux_angers.check_columns
[0m00:37:58.304093 [debug] [Thread-1 (]: Began running node model.travaux_angers.check_source
[0m00:37:58.305240 [debug] [Thread-4 (]: Marking all children of 'model.travaux_angers.check_columns' to be skipped because of status 'error'.  Reason: Database Error in model check_columns (models/analysis/check_columns.sql)
  Syntax error: Unexpected ";" at [9:9]
  compiled code at target/run/travaux_angers/models/analysis/check_columns.sql.
[0m00:37:58.306546 [info ] [Thread-1 (]: 2 of 6 START sql view model travaux_angers.check_source ........................ [RUN]
[0m00:37:58.311686 [debug] [Thread-1 (]: Re-using an available connection from the pool (formerly model.travaux_angers.check_columns, now model.travaux_angers.check_source)
[0m00:37:58.312731 [debug] [Thread-1 (]: Began compiling node model.travaux_angers.check_source
[0m00:37:58.320681 [debug] [Thread-1 (]: Writing injected SQL for node "model.travaux_angers.check_source"
[0m00:37:58.321934 [debug] [Thread-1 (]: Began executing node model.travaux_angers.check_source
[0m00:37:58.331101 [debug] [Thread-1 (]: Writing runtime sql for node "model.travaux_angers.check_source"
[0m00:37:58.333091 [debug] [Thread-1 (]: On model.travaux_angers.check_source: /* {"app": "dbt", "dbt_version": "1.10.7", "profile_name": "travaux_angers", "target_name": "dev", "node_id": "model.travaux_angers.check_source"} */


  create or replace view `my-project-travaux-angers`.`travaux_angers`.`check_source`
  OPTIONS()
  as 

-- Affichage direct des données de la table source
SELECT
    TO_JSON_STRING(t) as row_as_json
FROM `my-project-travaux-angers`.`travaux_angers`.`travaux_angers` t
LIMIT 1;


[0m00:37:58.334059 [debug] [Thread-1 (]: Opening a new connection, currently in state closed
[0m00:37:59.116015 [debug] [Thread-1 (]: BigQuery adapter: https://console.cloud.google.com/bigquery?project=my-project-travaux-angers&j=bq:US:c8d96ea9-d30f-45ac-933a-597b09d4cd53&page=queryresults
[0m00:37:59.766320 [debug] [Thread-1 (]: Sending event: {'category': 'dbt', 'action': 'run_model', 'label': '0762e027-b096-4018-b1d5-9ee86d83caef', 'context': [<snowplow_tracker.self_describing_json.SelfDescribingJson object at 0x7fbfad7d8e90>]}
[0m00:37:59.768397 [info ] [Thread-1 (]: 2 of 6 OK created sql view model travaux_angers.check_source ................... [[32mCREATE VIEW (0 processed)[0m in 1.45s]
[0m00:37:59.770000 [debug] [Thread-1 (]: Finished running node model.travaux_angers.check_source
[0m00:37:59.770963 [debug] [Thread-1 (]: Began running node model.travaux_angers.src_travaux_angers
[0m00:37:59.772332 [info ] [Thread-1 (]: 3 of 6 START sql view model travaux_angers_bronze.src_travaux_angers ........... [RUN]
[0m00:37:59.773474 [debug] [Thread-1 (]: Re-using an available connection from the pool (formerly model.travaux_angers.check_source, now model.travaux_angers.src_travaux_angers)
[0m00:37:59.774359 [debug] [Thread-1 (]: Began compiling node model.travaux_angers.src_travaux_angers
[0m00:37:59.803668 [debug] [Thread-1 (]: Writing injected SQL for node "model.travaux_angers.src_travaux_angers"
[0m00:37:59.806610 [debug] [Thread-1 (]: Began executing node model.travaux_angers.src_travaux_angers
[0m00:37:59.814907 [debug] [Thread-1 (]: Writing runtime sql for node "model.travaux_angers.src_travaux_angers"
[0m00:37:59.817537 [debug] [Thread-1 (]: On model.travaux_angers.src_travaux_angers: /* {"app": "dbt", "dbt_version": "1.10.7", "profile_name": "travaux_angers", "target_name": "dev", "node_id": "model.travaux_angers.src_travaux_angers"} */


  create or replace view `my-project-travaux-angers`.`travaux_angers_bronze`.`src_travaux_angers`
  OPTIONS()
  as -- bronze/src_travaux_angers.sql
-- Source brute des données de travaux
SELECT
    *,
    CURRENT_TIMESTAMP() as _loaded_at
FROM `my-project-travaux-angers`.`travaux_angers`.`travaux_angers`;


[0m00:37:59.819172 [debug] [Thread-1 (]: Opening a new connection, currently in state closed
[0m00:38:00.526325 [debug] [Thread-1 (]: BigQuery adapter: https://console.cloud.google.com/bigquery?project=my-project-travaux-angers&j=bq:US:661fe276-c889-4288-a2e0-5a46631547c1&page=queryresults
[0m00:38:01.137939 [debug] [Thread-1 (]: Sending event: {'category': 'dbt', 'action': 'run_model', 'label': '0762e027-b096-4018-b1d5-9ee86d83caef', 'context': [<snowplow_tracker.self_describing_json.SelfDescribingJson object at 0x7fbfac209370>]}
[0m00:38:01.139350 [info ] [Thread-1 (]: 3 of 6 OK created sql view model travaux_angers_bronze.src_travaux_angers ...... [[32mCREATE VIEW (0 processed)[0m in 1.36s]
[0m00:38:01.140592 [debug] [Thread-1 (]: Finished running node model.travaux_angers.src_travaux_angers
[0m00:38:01.142394 [debug] [Thread-1 (]: Began running node model.travaux_angers.stg_travaux_angers
[0m00:38:01.143090 [info ] [Thread-1 (]: 4 of 6 START sql table model travaux_angers_silver.stg_travaux_angers .......... [RUN]
[0m00:38:01.143953 [debug] [Thread-1 (]: Re-using an available connection from the pool (formerly model.travaux_angers.src_travaux_angers, now model.travaux_angers.stg_travaux_angers)
[0m00:38:01.144560 [debug] [Thread-1 (]: Began compiling node model.travaux_angers.stg_travaux_angers
[0m00:38:01.150614 [debug] [Thread-1 (]: Writing injected SQL for node "model.travaux_angers.stg_travaux_angers"
[0m00:38:01.152659 [debug] [Thread-1 (]: Began executing node model.travaux_angers.stg_travaux_angers
[0m00:38:01.210589 [debug] [Thread-1 (]: Writing runtime sql for node "model.travaux_angers.stg_travaux_angers"
[0m00:38:01.212579 [debug] [Thread-1 (]: On model.travaux_angers.stg_travaux_angers: /* {"app": "dbt", "dbt_version": "1.10.7", "profile_name": "travaux_angers", "target_name": "dev", "node_id": "model.travaux_angers.stg_travaux_angers"} */

  
    

    create or replace table `my-project-travaux-angers`.`travaux_angers_silver`.`stg_travaux_angers`
      
    
    

    
    OPTIONS()
    as (
      -- silver/stg_travaux_angers.sql
-- Données nettoyées et standardisées
WITH source AS (
    SELECT * FROM `my-project-travaux-angers`.`travaux_angers_bronze`.`src_travaux_angers`
)

SELECT
    -- Informations de base
    id,
    title as titre,
    description,
    address as adresse,

    -- Dates et durée
    TIMESTAMP(startat) as date_debut,
    TIMESTAMP(endat) as date_fin,

    -- Informations sur le trafic et le type
    traffic as impact_trafic,
    type,

    -- Coordonnées géographiques (extraites du geo_point_2d)
    CAST(JSON_EXTRACT(geo_point_2d, '$.lon') as FLOAT64) as longitude,
    CAST(JSON_EXTRACT(geo_point_2d, '$.lat') as FLOAT64) as latitude,

    -- Informations de contact
    contact,
    email,

    -- Métadonnées
    istramway as est_tramway,
    idparking as id_parking,

    -- Horodatage de mise à jour
    CURRENT_TIMESTAMP() as _updated_at
FROM source
    );
  
[0m00:38:01.213291 [debug] [Thread-1 (]: Opening a new connection, currently in state closed
[0m00:38:02.235644 [debug] [Thread-1 (]: BigQuery adapter: https://console.cloud.google.com/bigquery?project=my-project-travaux-angers&j=bq:US:f7a3988e-5610-4e91-b131-6dc0bd0bae47&page=queryresults
[0m00:38:04.414056 [debug] [Thread-1 (]: Sending event: {'category': 'dbt', 'action': 'run_model', 'label': '0762e027-b096-4018-b1d5-9ee86d83caef', 'context': [<snowplow_tracker.self_describing_json.SelfDescribingJson object at 0x7fbfac048980>]}
[0m00:38:04.415693 [info ] [Thread-1 (]: 4 of 6 OK created sql table model travaux_angers_silver.stg_travaux_angers ..... [[32mCREATE TABLE (11.2k rows, 3.5 MiB processed)[0m in 3.27s]
[0m00:38:04.420098 [debug] [Thread-1 (]: Finished running node model.travaux_angers.stg_travaux_angers
[0m00:38:04.422996 [debug] [Thread-1 (]: Began running node model.travaux_angers.dim_travaux_details
[0m00:38:04.425583 [info ] [Thread-1 (]: 5 of 6 START sql table model travaux_angers_gold.dim_travaux_details ........... [RUN]
[0m00:38:04.426701 [debug] [Thread-1 (]: Re-using an available connection from the pool (formerly model.travaux_angers.stg_travaux_angers, now model.travaux_angers.dim_travaux_details)
[0m00:38:04.427476 [debug] [Thread-1 (]: Began compiling node model.travaux_angers.dim_travaux_details
[0m00:38:04.434993 [debug] [Thread-1 (]: Writing injected SQL for node "model.travaux_angers.dim_travaux_details"
[0m00:38:04.446036 [debug] [Thread-1 (]: Began executing node model.travaux_angers.dim_travaux_details
[0m00:38:04.454027 [debug] [Thread-1 (]: Writing runtime sql for node "model.travaux_angers.dim_travaux_details"
[0m00:38:04.467583 [debug] [Thread-1 (]: On model.travaux_angers.dim_travaux_details: /* {"app": "dbt", "dbt_version": "1.10.7", "profile_name": "travaux_angers", "target_name": "dev", "node_id": "model.travaux_angers.dim_travaux_details"} */

  
    

    create or replace table `my-project-travaux-angers`.`travaux_angers_gold`.`dim_travaux_details`
      
    
    

    
    OPTIONS()
    as (
      -- Modèle pour la visualisation des travaux actifs et leurs caractéristiques
WITH travaux_enrichis AS (
    SELECT
        *,
        TIMESTAMP_DIFF(date_fin, date_debut, DAY) as duree_jours,
        CASE
            WHEN CURRENT_TIMESTAMP() BETWEEN date_debut AND date_fin THEN 'En cours'
            WHEN CURRENT_TIMESTAMP() < date_debut THEN 'À venir'
            ELSE 'Terminé'
        END as statut
    FROM `my-project-travaux-angers`.`travaux_angers_silver`.`stg_travaux_angers`
)

SELECT
    id,
    titre,
    date_debut,
    date_fin,
    duree_jours,
    impact as impact_trafic,
    longitude,
    latitude,
    type as type_travaux,
    description,
    statut,
    _updated_at,
    -- Création d'une géométrie pour la visualisation cartographique
    ST_GEOGPOINT(longitude, latitude) as position
FROM travaux_enrichis
    );
  
[0m00:38:04.468891 [debug] [Thread-1 (]: Opening a new connection, currently in state closed
[0m00:38:05.408589 [debug] [Thread-1 (]: BigQuery adapter: https://console.cloud.google.com/bigquery?project=my-project-travaux-angers&j=bq:US:c434a55b-d088-4363-b346-62ff3ab833cc&page=queryresults
[0m00:38:05.774665 [error] [Thread-1 (]: BigQuery adapter: https://console.cloud.google.com/bigquery?project=my-project-travaux-angers&j=bq:US:c434a55b-d088-4363-b346-62ff3ab833cc&page=queryresults
[0m00:38:05.782332 [debug] [Thread-1 (]: Database Error in model dim_travaux_details (models/gold/dim_travaux_details.sql)
  Unrecognized name: impact at [33:5]
  compiled code at target/run/travaux_angers/models/gold/dim_travaux_details.sql
[0m00:38:05.783905 [debug] [Thread-1 (]: Sending event: {'category': 'dbt', 'action': 'run_model', 'label': '0762e027-b096-4018-b1d5-9ee86d83caef', 'context': [<snowplow_tracker.self_describing_json.SelfDescribingJson object at 0x7fbfac0ee4b0>]}
[0m00:38:05.785248 [error] [Thread-1 (]: 5 of 6 ERROR creating sql table model travaux_angers_gold.dim_travaux_details .. [[31mERROR[0m in 1.36s]
[0m00:38:05.786440 [debug] [Thread-1 (]: Finished running node model.travaux_angers.dim_travaux_details
[0m00:38:05.787562 [debug] [Thread-1 (]: Began running node model.travaux_angers.fct_travaux_stats
[0m00:38:05.789299 [info ] [Thread-1 (]: 6 of 6 START sql table model travaux_angers_gold.fct_travaux_stats ............. [RUN]
[0m00:38:05.790439 [debug] [Thread-4 (]: Marking all children of 'model.travaux_angers.dim_travaux_details' to be skipped because of status 'error'.  Reason: Database Error in model dim_travaux_details (models/gold/dim_travaux_details.sql)
  Unrecognized name: impact at [33:5]
  compiled code at target/run/travaux_angers/models/gold/dim_travaux_details.sql.
[0m00:38:05.791413 [debug] [Thread-1 (]: Re-using an available connection from the pool (formerly model.travaux_angers.dim_travaux_details, now model.travaux_angers.fct_travaux_stats)
[0m00:38:05.792831 [debug] [Thread-1 (]: Began compiling node model.travaux_angers.fct_travaux_stats
[0m00:38:05.797993 [debug] [Thread-1 (]: Writing injected SQL for node "model.travaux_angers.fct_travaux_stats"
[0m00:38:05.799905 [debug] [Thread-1 (]: Began executing node model.travaux_angers.fct_travaux_stats
[0m00:38:05.810714 [debug] [Thread-1 (]: Writing runtime sql for node "model.travaux_angers.fct_travaux_stats"
[0m00:38:05.812863 [debug] [Thread-1 (]: On model.travaux_angers.fct_travaux_stats: /* {"app": "dbt", "dbt_version": "1.10.7", "profile_name": "travaux_angers", "target_name": "dev", "node_id": "model.travaux_angers.fct_travaux_stats"} */

  
    

    create or replace table `my-project-travaux-angers`.`travaux_angers_gold`.`fct_travaux_stats`
      
    
    

    
    OPTIONS()
    as (
      -- Modèle pour les analyses temporelles et les statistiques
WITH statistiques_travaux AS (
    SELECT
        type as type_travaux,
        impact as niveau_impact,
        DATE_TRUNC(date_debut, MONTH) as mois,
        COUNT(*) as nombre_travaux,
        AVG(TIMESTAMP_DIFF(date_fin, date_debut, DAY)) as duree_moyenne_jours,
        -- Statistiques par impact
        COUNTIF(impact = 'FORT') as travaux_impact_fort,
        COUNTIF(impact = 'MOYEN') as travaux_impact_moyen,
        COUNTIF(impact = 'FAIBLE') as travaux_impact_faible,
        -- État actuel
        COUNTIF(CURRENT_TIMESTAMP() BETWEEN date_debut AND date_fin) as travaux_en_cours,
        -- Coordonnées pour agrégation spatiale
        ANY_VALUE(ST_GEOGPOINT(longitude, latitude)) as position_representative
    FROM `my-project-travaux-angers`.`travaux_angers_silver`.`stg_travaux_angers`
    GROUP BY
        type_travaux,
        niveau_impact,
        mois
)

SELECT
    *,
    travaux_impact_fort + travaux_impact_moyen + travaux_impact_faible as total_travaux,
    SAFE_DIVIDE(travaux_en_cours, nombre_travaux) as ratio_actif
FROM statistiques_travaux
    );
  
[0m00:38:05.813566 [debug] [Thread-1 (]: Opening a new connection, currently in state closed
[0m00:38:06.627213 [debug] [Thread-1 (]: BigQuery adapter: https://console.cloud.google.com/bigquery?project=my-project-travaux-angers&j=bq:US:ce33be13-ac64-47cf-99f6-1941ba651e63&page=queryresults
[0m00:38:06.870718 [error] [Thread-1 (]: BigQuery adapter: https://console.cloud.google.com/bigquery?project=my-project-travaux-angers&j=bq:US:ce33be13-ac64-47cf-99f6-1941ba651e63&page=queryresults
[0m00:38:06.875743 [debug] [Thread-1 (]: Database Error in model fct_travaux_stats (models/gold/fct_travaux_stats.sql)
  Unrecognized name: impact at [18:9]
  compiled code at target/run/travaux_angers/models/gold/fct_travaux_stats.sql
[0m00:38:06.876634 [debug] [Thread-1 (]: Sending event: {'category': 'dbt', 'action': 'run_model', 'label': '0762e027-b096-4018-b1d5-9ee86d83caef', 'context': [<snowplow_tracker.self_describing_json.SelfDescribingJson object at 0x7fbfac0bc680>]}
[0m00:38:06.878017 [error] [Thread-1 (]: 6 of 6 ERROR creating sql table model travaux_angers_gold.fct_travaux_stats .... [[31mERROR[0m in 1.09s]
[0m00:38:06.879150 [debug] [Thread-1 (]: Finished running node model.travaux_angers.fct_travaux_stats
[0m00:38:06.880371 [debug] [Thread-4 (]: Marking all children of 'model.travaux_angers.fct_travaux_stats' to be skipped because of status 'error'.  Reason: Database Error in model fct_travaux_stats (models/gold/fct_travaux_stats.sql)
  Unrecognized name: impact at [18:9]
  compiled code at target/run/travaux_angers/models/gold/fct_travaux_stats.sql.
[0m00:38:06.883721 [debug] [MainThread]: Opening a new connection, currently in state closed
[0m00:38:06.932942 [debug] [MainThread]: Connection 'master' was properly closed.
[0m00:38:06.933597 [debug] [MainThread]: Connection 'model.travaux_angers.fct_travaux_stats' was properly closed.
[0m00:38:06.934209 [info ] [MainThread]: 
[0m00:38:06.934778 [info ] [MainThread]: Finished running 3 table models, 3 view models in 0 hours 0 minutes and 13.53 seconds (13.53s).
[0m00:38:06.936812 [debug] [MainThread]: Command end result
[0m00:38:06.983707 [debug] [MainThread]: Wrote artifact WritableManifest to /usr/ELT_Travaux_Angers/dbt/target/manifest.json
[0m00:38:06.986655 [debug] [MainThread]: Wrote artifact SemanticManifest to /usr/ELT_Travaux_Angers/dbt/target/semantic_manifest.json
[0m00:38:06.996975 [debug] [MainThread]: Wrote artifact RunExecutionResult to /usr/ELT_Travaux_Angers/dbt/target/run_results.json
[0m00:38:06.997568 [info ] [MainThread]: 
[0m00:38:06.998177 [info ] [MainThread]: [31mCompleted with 3 errors, 0 partial successes, and 0 warnings:[0m
[0m00:38:06.998904 [info ] [MainThread]: 
[0m00:38:06.999782 [error] [MainThread]: [31mFailure in model check_columns (models/analysis/check_columns.sql)[0m
[0m00:38:07.000705 [error] [MainThread]:   Database Error in model check_columns (models/analysis/check_columns.sql)
  Syntax error: Unexpected ";" at [9:9]
  compiled code at target/run/travaux_angers/models/analysis/check_columns.sql
[0m00:38:07.001331 [info ] [MainThread]: 
[0m00:38:07.002109 [info ] [MainThread]:   compiled code at target/compiled/travaux_angers/models/analysis/check_columns.sql
[0m00:38:07.002791 [info ] [MainThread]: 
[0m00:38:07.004060 [error] [MainThread]: [31mFailure in model dim_travaux_details (models/gold/dim_travaux_details.sql)[0m
[0m00:38:07.005255 [error] [MainThread]:   Database Error in model dim_travaux_details (models/gold/dim_travaux_details.sql)
  Unrecognized name: impact at [33:5]
  compiled code at target/run/travaux_angers/models/gold/dim_travaux_details.sql
[0m00:38:07.005983 [info ] [MainThread]: 
[0m00:38:07.007148 [info ] [MainThread]:   compiled code at target/compiled/travaux_angers/models/gold/dim_travaux_details.sql
[0m00:38:07.008009 [info ] [MainThread]: 
[0m00:38:07.009330 [error] [MainThread]: [31mFailure in model fct_travaux_stats (models/gold/fct_travaux_stats.sql)[0m
[0m00:38:07.010420 [error] [MainThread]:   Database Error in model fct_travaux_stats (models/gold/fct_travaux_stats.sql)
  Unrecognized name: impact at [18:9]
  compiled code at target/run/travaux_angers/models/gold/fct_travaux_stats.sql
[0m00:38:07.011156 [info ] [MainThread]: 
[0m00:38:07.012060 [info ] [MainThread]:   compiled code at target/compiled/travaux_angers/models/gold/fct_travaux_stats.sql
[0m00:38:07.012640 [info ] [MainThread]: 
[0m00:38:07.013471 [info ] [MainThread]: Done. PASS=3 WARN=0 ERROR=3 SKIP=0 NO-OP=0 TOTAL=6
[0m00:38:07.015454 [debug] [MainThread]: Resource report: {"command_name": "run", "command_success": false, "command_wall_clock_time": 21.417582, "process_in_blocks": "0", "process_kernel_time": 1.203443, "process_mem_max_rss": "413512", "process_out_blocks": "4272", "process_user_time": 13.379463}
[0m00:38:07.016130 [debug] [MainThread]: Command `dbt run` failed at 00:38:07.015991 after 21.42 seconds
[0m00:38:07.016630 [debug] [MainThread]: Sending event: {'category': 'dbt', 'action': 'invocation', 'label': 'end', 'context': [<snowplow_tracker.self_describing_json.SelfDescribingJson object at 0x7fbfe431e5d0>, <snowplow_tracker.self_describing_json.SelfDescribingJson object at 0x7fbfac0fe720>, <snowplow_tracker.self_describing_json.SelfDescribingJson object at 0x7fbfe3b56e40>]}
[0m00:38:07.017088 [debug] [MainThread]: Flushing usage events
[0m00:38:07.489801 [debug] [MainThread]: An error was encountered while trying to flush usage events
[0m00:40:30.277469 [debug] [MainThread]: Sending event: {'category': 'dbt', 'action': 'invocation', 'label': 'start', 'context': [<snowplow_tracker.self_describing_json.SelfDescribingJson object at 0x7ff863fb42f0>, <snowplow_tracker.self_describing_json.SelfDescribingJson object at 0x7ff864712180>, <snowplow_tracker.self_describing_json.SelfDescribingJson object at 0x7ff864bb0440>]}


============================== 00:40:30.286000 | f02ae22b-d44e-4db1-877b-29f0bde9ee08 ==============================
[0m00:40:30.286000 [info ] [MainThread]: Running with dbt=1.10.7
[0m00:40:30.287207 [debug] [MainThread]: running dbt with arguments {'printer_width': '80', 'indirect_selection': 'eager', 'log_cache_events': 'False', 'write_json': 'True', 'partial_parse': 'True', 'cache_selected_only': 'False', 'warn_error': 'None', 'fail_fast': 'False', 'debug': 'False', 'log_path': '/usr/ELT_Travaux_Angers/dbt/logs', 'profiles_dir': '/usr/ELT_Travaux_Angers/dbt', 'version_check': 'True', 'use_colors': 'True', 'use_experimental_parser': 'False', 'empty': 'False', 'quiet': 'False', 'no_print': 'None', 'warn_error_options': 'WarnErrorOptionsV2(error=[], warn=[], silence=[])', 'introspect': 'True', 'log_format': 'default', 'invocation_command': 'dbt run', 'target_path': 'None', 'static_parser': 'True', 'send_anonymous_usage_stats': 'True'}
[0m00:40:35.789011 [debug] [MainThread]: Sending event: {'category': 'dbt', 'action': 'project_id', 'label': 'f02ae22b-d44e-4db1-877b-29f0bde9ee08', 'context': [<snowplow_tracker.self_describing_json.SelfDescribingJson object at 0x7ff863f2fe00>]}
[0m00:40:35.895817 [debug] [MainThread]: Sending event: {'category': 'dbt', 'action': 'adapter_info', 'label': 'f02ae22b-d44e-4db1-877b-29f0bde9ee08', 'context': [<snowplow_tracker.self_describing_json.SelfDescribingJson object at 0x7ff863f5ab70>]}
[0m00:40:35.897103 [info ] [MainThread]: Registered adapter: bigquery=1.10.1
[0m00:40:36.242181 [debug] [MainThread]: checksum: 44f4b502e2ddc67beed4db71ce39b63f2d3b7fc0b96e49a69b096c8f6cc370bc, vars: {}, profile: , target: , version: 1.10.7
[0m00:40:36.637907 [debug] [MainThread]: Partial parsing enabled: 0 files deleted, 0 files added, 3 files changed.
[0m00:40:36.639058 [debug] [MainThread]: Partial parsing: updated file: travaux_angers://models/analysis/check_columns.sql
[0m00:40:36.639749 [debug] [MainThread]: Partial parsing: updated file: travaux_angers://models/gold/fct_travaux_stats.sql
[0m00:40:36.640318 [debug] [MainThread]: Partial parsing: updated file: travaux_angers://models/gold/dim_travaux_details.sql
[0m00:40:37.676783 [debug] [MainThread]: Sending event: {'category': 'dbt', 'action': 'load_project', 'label': 'f02ae22b-d44e-4db1-877b-29f0bde9ee08', 'context': [<snowplow_tracker.self_describing_json.SelfDescribingJson object at 0x7ff82dcb1e80>]}
[0m00:40:37.909966 [debug] [MainThread]: Wrote artifact WritableManifest to /usr/ELT_Travaux_Angers/dbt/target/manifest.json
[0m00:40:37.914481 [debug] [MainThread]: Wrote artifact SemanticManifest to /usr/ELT_Travaux_Angers/dbt/target/semantic_manifest.json
[0m00:40:37.945445 [debug] [MainThread]: Sending event: {'category': 'dbt', 'action': 'resource_counts', 'label': 'f02ae22b-d44e-4db1-877b-29f0bde9ee08', 'context': [<snowplow_tracker.self_describing_json.SelfDescribingJson object at 0x7ff82dc9be90>]}
[0m00:40:37.946513 [info ] [MainThread]: Found 6 models, 1 analysis, 17 data tests, 1 source, 610 macros
[0m00:40:37.947443 [debug] [MainThread]: Sending event: {'category': 'dbt', 'action': 'runnable_timing', 'label': 'f02ae22b-d44e-4db1-877b-29f0bde9ee08', 'context': [<snowplow_tracker.self_describing_json.SelfDescribingJson object at 0x7ff82dc33bf0>]}
[0m00:40:37.950822 [info ] [MainThread]: 
[0m00:40:37.951498 [info ] [MainThread]: Concurrency: 1 threads (target='dev')
[0m00:40:37.952166 [info ] [MainThread]: 
[0m00:40:37.954466 [debug] [MainThread]: Acquiring new bigquery connection 'master'
[0m00:40:37.966207 [debug] [ThreadPool]: Acquiring new bigquery connection 'list_my-project-travaux-angers'
[0m00:40:37.967458 [debug] [ThreadPool]: Opening a new connection, currently in state init
[0m00:40:38.495126 [debug] [ThreadPool]: Opening a new connection, currently in state closed
[0m00:40:38.977242 [debug] [ThreadPool]: Opening a new connection, currently in state closed
[0m00:40:39.477823 [debug] [ThreadPool]: Opening a new connection, currently in state closed
[0m00:40:39.977664 [debug] [ThreadPool]: Re-using an available connection from the pool (formerly list_my-project-travaux-angers, now list_my-project-travaux-angers_travaux_angers)
[0m00:40:39.979145 [debug] [ThreadPool]: Opening a new connection, currently in state closed
[0m00:40:40.493339 [debug] [ThreadPool]: Re-using an available connection from the pool (formerly list_my-project-travaux-angers_travaux_angers, now list_my-project-travaux-angers_travaux_angers_gold)
[0m00:40:40.496327 [debug] [ThreadPool]: Opening a new connection, currently in state closed
[0m00:40:40.921978 [debug] [ThreadPool]: Re-using an available connection from the pool (formerly list_my-project-travaux-angers_travaux_angers_gold, now list_my-project-travaux-angers_travaux_angers_silver)
[0m00:40:40.922981 [debug] [ThreadPool]: Opening a new connection, currently in state closed
[0m00:40:41.343228 [debug] [ThreadPool]: Re-using an available connection from the pool (formerly list_my-project-travaux-angers_travaux_angers_silver, now list_my-project-travaux-angers_travaux_angers_bronze)
[0m00:40:41.345575 [debug] [ThreadPool]: Opening a new connection, currently in state closed
[0m00:40:41.746274 [debug] [MainThread]: Sending event: {'category': 'dbt', 'action': 'runnable_timing', 'label': 'f02ae22b-d44e-4db1-877b-29f0bde9ee08', 'context': [<snowplow_tracker.self_describing_json.SelfDescribingJson object at 0x7ff8666a3470>]}
[0m00:40:41.747405 [debug] [MainThread]: Opening a new connection, currently in state init
[0m00:40:41.814743 [debug] [Thread-1 (]: Began running node model.travaux_angers.check_columns
[0m00:40:41.816244 [info ] [Thread-1 (]: 1 of 6 START sql view model travaux_angers.check_columns ....................... [RUN]
[0m00:40:41.817375 [debug] [Thread-1 (]: Re-using an available connection from the pool (formerly list_my-project-travaux-angers_travaux_angers_bronze, now model.travaux_angers.check_columns)
[0m00:40:41.818151 [debug] [Thread-1 (]: Began compiling node model.travaux_angers.check_columns
[0m00:40:41.832883 [debug] [Thread-1 (]: Writing injected SQL for node "model.travaux_angers.check_columns"
[0m00:40:41.834223 [debug] [Thread-1 (]: Began executing node model.travaux_angers.check_columns
[0m00:40:41.900548 [debug] [Thread-1 (]: Writing runtime sql for node "model.travaux_angers.check_columns"
[0m00:40:41.902348 [debug] [Thread-1 (]: On model.travaux_angers.check_columns: /* {"app": "dbt", "dbt_version": "1.10.7", "profile_name": "travaux_angers", "target_name": "dev", "node_id": "model.travaux_angers.check_columns"} */


  create or replace view `my-project-travaux-angers`.`travaux_angers`.`check_columns`
  OPTIONS()
  as 

SELECT *
FROM `my-project-travaux-angers`.`travaux_angers`.`travaux_angers`
LIMIT 1;


[0m00:40:41.903179 [debug] [Thread-1 (]: Opening a new connection, currently in state closed
[0m00:40:42.622496 [debug] [Thread-1 (]: BigQuery adapter: https://console.cloud.google.com/bigquery?project=my-project-travaux-angers&j=bq:US:dc956637-3215-4717-b7d0-f56841838da5&page=queryresults
[0m00:40:43.219802 [debug] [Thread-1 (]: Sending event: {'category': 'dbt', 'action': 'run_model', 'label': 'f02ae22b-d44e-4db1-877b-29f0bde9ee08', 'context': [<snowplow_tracker.self_describing_json.SelfDescribingJson object at 0x7ff832b87950>]}
[0m00:40:43.221496 [info ] [Thread-1 (]: 1 of 6 OK created sql view model travaux_angers.check_columns .................. [[32mCREATE VIEW (0 processed)[0m in 1.40s]
[0m00:40:43.222938 [debug] [Thread-1 (]: Finished running node model.travaux_angers.check_columns
[0m00:40:43.223810 [debug] [Thread-1 (]: Began running node model.travaux_angers.check_source
[0m00:40:43.224846 [info ] [Thread-1 (]: 2 of 6 START sql view model travaux_angers.check_source ........................ [RUN]
[0m00:40:43.226366 [debug] [Thread-1 (]: Re-using an available connection from the pool (formerly model.travaux_angers.check_columns, now model.travaux_angers.check_source)
[0m00:40:43.227177 [debug] [Thread-1 (]: Began compiling node model.travaux_angers.check_source
[0m00:40:43.236878 [debug] [Thread-1 (]: Writing injected SQL for node "model.travaux_angers.check_source"
[0m00:40:43.238778 [debug] [Thread-1 (]: Began executing node model.travaux_angers.check_source
[0m00:40:43.249643 [debug] [Thread-1 (]: Writing runtime sql for node "model.travaux_angers.check_source"
[0m00:40:43.251360 [debug] [Thread-1 (]: On model.travaux_angers.check_source: /* {"app": "dbt", "dbt_version": "1.10.7", "profile_name": "travaux_angers", "target_name": "dev", "node_id": "model.travaux_angers.check_source"} */


  create or replace view `my-project-travaux-angers`.`travaux_angers`.`check_source`
  OPTIONS()
  as 

-- Affichage direct des données de la table source
SELECT
    TO_JSON_STRING(t) as row_as_json
FROM `my-project-travaux-angers`.`travaux_angers`.`travaux_angers` t
LIMIT 1;


[0m00:40:43.252353 [debug] [Thread-1 (]: Opening a new connection, currently in state closed
[0m00:40:43.970096 [debug] [Thread-1 (]: BigQuery adapter: https://console.cloud.google.com/bigquery?project=my-project-travaux-angers&j=bq:US:7afd4432-8ecb-4a24-9b29-cc6466c8846e&page=queryresults
[0m00:40:44.462539 [debug] [Thread-1 (]: Sending event: {'category': 'dbt', 'action': 'run_model', 'label': 'f02ae22b-d44e-4db1-877b-29f0bde9ee08', 'context': [<snowplow_tracker.self_describing_json.SelfDescribingJson object at 0x7ff82c47c380>]}
[0m00:40:44.464140 [info ] [Thread-1 (]: 2 of 6 OK created sql view model travaux_angers.check_source ................... [[32mCREATE VIEW (0 processed)[0m in 1.24s]
[0m00:40:44.465680 [debug] [Thread-1 (]: Finished running node model.travaux_angers.check_source
[0m00:40:44.466573 [debug] [Thread-1 (]: Began running node model.travaux_angers.src_travaux_angers
[0m00:40:44.478457 [info ] [Thread-1 (]: 3 of 6 START sql view model travaux_angers_bronze.src_travaux_angers ........... [RUN]
[0m00:40:44.479728 [debug] [Thread-1 (]: Re-using an available connection from the pool (formerly model.travaux_angers.check_source, now model.travaux_angers.src_travaux_angers)
[0m00:40:44.480598 [debug] [Thread-1 (]: Began compiling node model.travaux_angers.src_travaux_angers
[0m00:40:44.494393 [debug] [Thread-1 (]: Writing injected SQL for node "model.travaux_angers.src_travaux_angers"
[0m00:40:44.496364 [debug] [Thread-1 (]: Began executing node model.travaux_angers.src_travaux_angers
[0m00:40:44.503314 [debug] [Thread-1 (]: Writing runtime sql for node "model.travaux_angers.src_travaux_angers"
[0m00:40:44.504564 [debug] [Thread-1 (]: On model.travaux_angers.src_travaux_angers: /* {"app": "dbt", "dbt_version": "1.10.7", "profile_name": "travaux_angers", "target_name": "dev", "node_id": "model.travaux_angers.src_travaux_angers"} */


  create or replace view `my-project-travaux-angers`.`travaux_angers_bronze`.`src_travaux_angers`
  OPTIONS()
  as -- bronze/src_travaux_angers.sql
-- Source brute des données de travaux
SELECT
    *,
    CURRENT_TIMESTAMP() as _loaded_at
FROM `my-project-travaux-angers`.`travaux_angers`.`travaux_angers`;


[0m00:40:44.505624 [debug] [Thread-1 (]: Opening a new connection, currently in state closed
[0m00:40:45.110587 [debug] [Thread-1 (]: BigQuery adapter: https://console.cloud.google.com/bigquery?project=my-project-travaux-angers&j=bq:US:b8fd8158-fa49-421a-a1b7-8e24fb41d005&page=queryresults
[0m00:40:45.580599 [debug] [Thread-1 (]: Sending event: {'category': 'dbt', 'action': 'run_model', 'label': 'f02ae22b-d44e-4db1-877b-29f0bde9ee08', 'context': [<snowplow_tracker.self_describing_json.SelfDescribingJson object at 0x7ff82c429130>]}
[0m00:40:45.582066 [info ] [Thread-1 (]: 3 of 6 OK created sql view model travaux_angers_bronze.src_travaux_angers ...... [[32mCREATE VIEW (0 processed)[0m in 1.10s]
[0m00:40:45.583204 [debug] [Thread-1 (]: Finished running node model.travaux_angers.src_travaux_angers
[0m00:40:45.585288 [debug] [Thread-1 (]: Began running node model.travaux_angers.stg_travaux_angers
[0m00:40:45.587023 [info ] [Thread-1 (]: 4 of 6 START sql table model travaux_angers_silver.stg_travaux_angers .......... [RUN]
[0m00:40:45.588092 [debug] [Thread-1 (]: Re-using an available connection from the pool (formerly model.travaux_angers.src_travaux_angers, now model.travaux_angers.stg_travaux_angers)
[0m00:40:45.589671 [debug] [Thread-1 (]: Began compiling node model.travaux_angers.stg_travaux_angers
[0m00:40:45.595511 [debug] [Thread-1 (]: Writing injected SQL for node "model.travaux_angers.stg_travaux_angers"
[0m00:40:45.596947 [debug] [Thread-1 (]: Began executing node model.travaux_angers.stg_travaux_angers
[0m00:40:45.622016 [debug] [Thread-1 (]: Opening a new connection, currently in state closed
[0m00:40:46.142634 [debug] [Thread-1 (]: Writing runtime sql for node "model.travaux_angers.stg_travaux_angers"
[0m00:40:46.145042 [debug] [Thread-1 (]: On model.travaux_angers.stg_travaux_angers: /* {"app": "dbt", "dbt_version": "1.10.7", "profile_name": "travaux_angers", "target_name": "dev", "node_id": "model.travaux_angers.stg_travaux_angers"} */

  
    

    create or replace table `my-project-travaux-angers`.`travaux_angers_silver`.`stg_travaux_angers`
      
    
    

    
    OPTIONS()
    as (
      -- silver/stg_travaux_angers.sql
-- Données nettoyées et standardisées
WITH source AS (
    SELECT * FROM `my-project-travaux-angers`.`travaux_angers_bronze`.`src_travaux_angers`
)

SELECT
    -- Informations de base
    id,
    title as titre,
    description,
    address as adresse,

    -- Dates et durée
    TIMESTAMP(startat) as date_debut,
    TIMESTAMP(endat) as date_fin,

    -- Informations sur le trafic et le type
    traffic as impact_trafic,
    type,

    -- Coordonnées géographiques (extraites du geo_point_2d)
    CAST(JSON_EXTRACT(geo_point_2d, '$.lon') as FLOAT64) as longitude,
    CAST(JSON_EXTRACT(geo_point_2d, '$.lat') as FLOAT64) as latitude,

    -- Informations de contact
    contact,
    email,

    -- Métadonnées
    istramway as est_tramway,
    idparking as id_parking,

    -- Horodatage de mise à jour
    CURRENT_TIMESTAMP() as _updated_at
FROM source
    );
  
[0m00:40:46.765225 [debug] [Thread-1 (]: BigQuery adapter: https://console.cloud.google.com/bigquery?project=my-project-travaux-angers&j=bq:US:5655ac56-5689-4d70-bed4-5b4dce8de0cf&page=queryresults
[0m00:40:48.886193 [debug] [Thread-1 (]: Sending event: {'category': 'dbt', 'action': 'run_model', 'label': 'f02ae22b-d44e-4db1-877b-29f0bde9ee08', 'context': [<snowplow_tracker.self_describing_json.SelfDescribingJson object at 0x7ff82d9dacc0>]}
[0m00:40:48.887966 [info ] [Thread-1 (]: 4 of 6 OK created sql table model travaux_angers_silver.stg_travaux_angers ..... [[32mCREATE TABLE (11.2k rows, 3.5 MiB processed)[0m in 3.30s]
[0m00:40:48.889432 [debug] [Thread-1 (]: Finished running node model.travaux_angers.stg_travaux_angers
[0m00:40:48.891483 [debug] [Thread-1 (]: Began running node model.travaux_angers.dim_travaux_details
[0m00:40:48.892455 [info ] [Thread-1 (]: 5 of 6 START sql table model travaux_angers_gold.dim_travaux_details ........... [RUN]
[0m00:40:48.893369 [debug] [Thread-1 (]: Re-using an available connection from the pool (formerly model.travaux_angers.stg_travaux_angers, now model.travaux_angers.dim_travaux_details)
[0m00:40:48.894017 [debug] [Thread-1 (]: Began compiling node model.travaux_angers.dim_travaux_details
[0m00:40:48.900892 [debug] [Thread-1 (]: Writing injected SQL for node "model.travaux_angers.dim_travaux_details"
[0m00:40:48.902335 [debug] [Thread-1 (]: Began executing node model.travaux_angers.dim_travaux_details
[0m00:40:48.909586 [debug] [Thread-1 (]: Writing runtime sql for node "model.travaux_angers.dim_travaux_details"
[0m00:40:48.911388 [debug] [Thread-1 (]: On model.travaux_angers.dim_travaux_details: /* {"app": "dbt", "dbt_version": "1.10.7", "profile_name": "travaux_angers", "target_name": "dev", "node_id": "model.travaux_angers.dim_travaux_details"} */

  
    

    create or replace table `my-project-travaux-angers`.`travaux_angers_gold`.`dim_travaux_details`
      
    
    

    
    OPTIONS()
    as (
      -- Modèle pour la visualisation des travaux actifs et leurs caractéristiques
WITH travaux_enrichis AS (
    SELECT
        *,
        TIMESTAMP_DIFF(date_fin, date_debut, DAY) as duree_jours,
        CASE
            WHEN CURRENT_TIMESTAMP() BETWEEN date_debut AND date_fin THEN 'En cours'
            WHEN CURRENT_TIMESTAMP() < date_debut THEN 'À venir'
            ELSE 'Terminé'
        END as statut
    FROM `my-project-travaux-angers`.`travaux_angers_silver`.`stg_travaux_angers`
)

SELECT
    id,
    titre,
    date_debut,
    date_fin,
    duree_jours,
    traffic as impact_trafic,
    longitude,
    latitude,
    type as type_travaux,
    description,
    adresse,
    statut,
    est_tramway,
    id_parking,
    contact,
    email,
    _updated_at,
    -- Création d'une géométrie pour la visualisation cartographique
    ST_GEOGPOINT(longitude, latitude) as position
FROM travaux_enrichis
    );
  
[0m00:40:48.912318 [debug] [Thread-1 (]: Opening a new connection, currently in state closed
[0m00:40:50.025708 [debug] [Thread-1 (]: BigQuery adapter: https://console.cloud.google.com/bigquery?project=my-project-travaux-angers&j=bq:US:497e96c5-dbe9-405a-bcb7-e72d8017adf2&page=queryresults
[0m00:40:50.243006 [error] [Thread-1 (]: BigQuery adapter: https://console.cloud.google.com/bigquery?project=my-project-travaux-angers&j=bq:US:497e96c5-dbe9-405a-bcb7-e72d8017adf2&page=queryresults
[0m00:40:50.257271 [debug] [Thread-1 (]: Database Error in model dim_travaux_details (models/gold/dim_travaux_details.sql)
  Unrecognized name: traffic at [33:5]
  compiled code at target/run/travaux_angers/models/gold/dim_travaux_details.sql
[0m00:40:50.259876 [debug] [Thread-1 (]: Sending event: {'category': 'dbt', 'action': 'run_model', 'label': 'f02ae22b-d44e-4db1-877b-29f0bde9ee08', 'context': [<snowplow_tracker.self_describing_json.SelfDescribingJson object at 0x7ff82f5afda0>]}
[0m00:40:50.262304 [error] [Thread-1 (]: 5 of 6 ERROR creating sql table model travaux_angers_gold.dim_travaux_details .. [[31mERROR[0m in 1.37s]
[0m00:40:50.264296 [debug] [Thread-1 (]: Finished running node model.travaux_angers.dim_travaux_details
[0m00:40:50.265590 [debug] [Thread-1 (]: Began running node model.travaux_angers.fct_travaux_stats
[0m00:40:50.266781 [info ] [Thread-1 (]: 6 of 6 START sql table model travaux_angers_gold.fct_travaux_stats ............. [RUN]
[0m00:40:50.268036 [debug] [Thread-1 (]: Re-using an available connection from the pool (formerly model.travaux_angers.dim_travaux_details, now model.travaux_angers.fct_travaux_stats)
[0m00:40:50.269266 [debug] [Thread-4 (]: Marking all children of 'model.travaux_angers.dim_travaux_details' to be skipped because of status 'error'.  Reason: Database Error in model dim_travaux_details (models/gold/dim_travaux_details.sql)
  Unrecognized name: traffic at [33:5]
  compiled code at target/run/travaux_angers/models/gold/dim_travaux_details.sql.
[0m00:40:50.270205 [debug] [Thread-1 (]: Began compiling node model.travaux_angers.fct_travaux_stats
[0m00:40:50.286448 [debug] [Thread-1 (]: Writing injected SQL for node "model.travaux_angers.fct_travaux_stats"
[0m00:40:50.288379 [debug] [Thread-1 (]: Began executing node model.travaux_angers.fct_travaux_stats
[0m00:40:50.308938 [debug] [Thread-1 (]: Writing runtime sql for node "model.travaux_angers.fct_travaux_stats"
[0m00:40:50.310662 [debug] [Thread-1 (]: On model.travaux_angers.fct_travaux_stats: /* {"app": "dbt", "dbt_version": "1.10.7", "profile_name": "travaux_angers", "target_name": "dev", "node_id": "model.travaux_angers.fct_travaux_stats"} */

  
    

    create or replace table `my-project-travaux-angers`.`travaux_angers_gold`.`fct_travaux_stats`
      
    
    

    
    OPTIONS()
    as (
      -- Modèle pour les analyses temporelles et les statistiques
WITH statistiques_travaux AS (
    SELECT
        type as type_travaux,
        traffic as niveau_impact,
        DATE_TRUNC(date_debut, MONTH) as mois,
        COUNT(*) as nombre_travaux,
        AVG(TIMESTAMP_DIFF(date_fin, date_debut, DAY)) as duree_moyenne_jours,
        -- Statistiques par impact
        COUNTIF(traffic = 'deviated') as travaux_impact_fort,
        COUNTIF(traffic = 'modified') as travaux_impact_moyen,
        COUNTIF(traffic = 'normal') as travaux_impact_faible,
        -- État actuel
        COUNTIF(CURRENT_TIMESTAMP() BETWEEN date_debut AND date_fin) as travaux_en_cours,
        -- Coordonnées pour agrégation spatiale
        ANY_VALUE(ST_GEOGPOINT(longitude, latitude)) as position_representative
    FROM `my-project-travaux-angers`.`travaux_angers_silver`.`stg_travaux_angers`
    GROUP BY
        type_travaux,
        niveau_impact,
        mois
)

SELECT
    *,
    travaux_impact_fort + travaux_impact_moyen + travaux_impact_faible as total_travaux,
    SAFE_DIVIDE(travaux_en_cours, nombre_travaux) as ratio_actif
FROM statistiques_travaux
    );
  
[0m00:40:50.311943 [debug] [Thread-1 (]: Opening a new connection, currently in state closed
[0m00:40:51.127992 [debug] [Thread-1 (]: BigQuery adapter: https://console.cloud.google.com/bigquery?project=my-project-travaux-angers&j=bq:US:2d035a44-fb6c-4e02-838e-50a3c307adbf&page=queryresults
[0m00:40:51.374683 [error] [Thread-1 (]: BigQuery adapter: https://console.cloud.google.com/bigquery?project=my-project-travaux-angers&j=bq:US:2d035a44-fb6c-4e02-838e-50a3c307adbf&page=queryresults
[0m00:40:51.406268 [debug] [Thread-1 (]: Database Error in model fct_travaux_stats (models/gold/fct_travaux_stats.sql)
  Unrecognized name: traffic at [18:9]
  compiled code at target/run/travaux_angers/models/gold/fct_travaux_stats.sql
[0m00:40:51.407903 [debug] [Thread-1 (]: Sending event: {'category': 'dbt', 'action': 'run_model', 'label': 'f02ae22b-d44e-4db1-877b-29f0bde9ee08', 'context': [<snowplow_tracker.self_describing_json.SelfDescribingJson object at 0x7ff82c374d40>]}
[0m00:40:51.414344 [error] [Thread-1 (]: 6 of 6 ERROR creating sql table model travaux_angers_gold.fct_travaux_stats .... [[31mERROR[0m in 1.14s]
[0m00:40:51.418256 [debug] [Thread-1 (]: Finished running node model.travaux_angers.fct_travaux_stats
[0m00:40:51.419545 [debug] [Thread-4 (]: Marking all children of 'model.travaux_angers.fct_travaux_stats' to be skipped because of status 'error'.  Reason: Database Error in model fct_travaux_stats (models/gold/fct_travaux_stats.sql)
  Unrecognized name: traffic at [18:9]
  compiled code at target/run/travaux_angers/models/gold/fct_travaux_stats.sql.
[0m00:40:51.423231 [debug] [MainThread]: Opening a new connection, currently in state closed
[0m00:40:51.501870 [debug] [MainThread]: Connection 'master' was properly closed.
[0m00:40:51.502629 [debug] [MainThread]: Connection 'model.travaux_angers.fct_travaux_stats' was properly closed.
[0m00:40:51.503377 [info ] [MainThread]: 
[0m00:40:51.503954 [info ] [MainThread]: Finished running 3 table models, 3 view models in 0 hours 0 minutes and 13.55 seconds (13.55s).
[0m00:40:51.506580 [debug] [MainThread]: Command end result
[0m00:40:51.586944 [debug] [MainThread]: Wrote artifact WritableManifest to /usr/ELT_Travaux_Angers/dbt/target/manifest.json
[0m00:40:51.597634 [debug] [MainThread]: Wrote artifact SemanticManifest to /usr/ELT_Travaux_Angers/dbt/target/semantic_manifest.json
[0m00:40:51.619380 [debug] [MainThread]: Wrote artifact RunExecutionResult to /usr/ELT_Travaux_Angers/dbt/target/run_results.json
[0m00:40:51.620519 [info ] [MainThread]: 
[0m00:40:51.621532 [info ] [MainThread]: [31mCompleted with 2 errors, 0 partial successes, and 0 warnings:[0m
[0m00:40:51.622398 [info ] [MainThread]: 
[0m00:40:51.625101 [error] [MainThread]: [31mFailure in model dim_travaux_details (models/gold/dim_travaux_details.sql)[0m
[0m00:40:51.631848 [error] [MainThread]:   Database Error in model dim_travaux_details (models/gold/dim_travaux_details.sql)
  Unrecognized name: traffic at [33:5]
  compiled code at target/run/travaux_angers/models/gold/dim_travaux_details.sql
[0m00:40:51.632920 [info ] [MainThread]: 
[0m00:40:51.634026 [info ] [MainThread]:   compiled code at target/compiled/travaux_angers/models/gold/dim_travaux_details.sql
[0m00:40:51.635032 [info ] [MainThread]: 
[0m00:40:51.636052 [error] [MainThread]: [31mFailure in model fct_travaux_stats (models/gold/fct_travaux_stats.sql)[0m
[0m00:40:51.636949 [error] [MainThread]:   Database Error in model fct_travaux_stats (models/gold/fct_travaux_stats.sql)
  Unrecognized name: traffic at [18:9]
  compiled code at target/run/travaux_angers/models/gold/fct_travaux_stats.sql
[0m00:40:51.637693 [info ] [MainThread]: 
[0m00:40:51.638602 [info ] [MainThread]:   compiled code at target/compiled/travaux_angers/models/gold/fct_travaux_stats.sql
[0m00:40:51.639327 [info ] [MainThread]: 
[0m00:40:51.640196 [info ] [MainThread]: Done. PASS=4 WARN=0 ERROR=2 SKIP=0 NO-OP=0 TOTAL=6
[0m00:40:51.650409 [debug] [MainThread]: Resource report: {"command_name": "run", "command_success": false, "command_wall_clock_time": 21.468102, "process_in_blocks": "0", "process_kernel_time": 0.879622, "process_mem_max_rss": "416064", "process_out_blocks": "4264", "process_user_time": 13.679647}
[0m00:40:51.651876 [debug] [MainThread]: Command `dbt run` failed at 00:40:51.651576 after 21.47 seconds
[0m00:40:51.652899 [debug] [MainThread]: Sending event: {'category': 'dbt', 'action': 'invocation', 'label': 'end', 'context': [<snowplow_tracker.self_describing_json.SelfDescribingJson object at 0x7ff864299070>, <snowplow_tracker.self_describing_json.SelfDescribingJson object at 0x7ff82f6a6c90>, <snowplow_tracker.self_describing_json.SelfDescribingJson object at 0x7ff82f6a6960>]}
[0m00:40:51.653768 [debug] [MainThread]: Flushing usage events
[0m00:40:52.147141 [debug] [MainThread]: An error was encountered while trying to flush usage events
[0m00:44:42.066744 [debug] [MainThread]: Sending event: {'category': 'dbt', 'action': 'invocation', 'label': 'start', 'context': [<snowplow_tracker.self_describing_json.SelfDescribingJson object at 0x7f66116d7800>, <snowplow_tracker.self_describing_json.SelfDescribingJson object at 0x7f66133a0950>, <snowplow_tracker.self_describing_json.SelfDescribingJson object at 0x7f661086cbc0>]}


============================== 00:44:42.089561 | eb2b5e77-a840-4439-854a-87581f745a7e ==============================
[0m00:44:42.089561 [info ] [MainThread]: Running with dbt=1.10.7
[0m00:44:42.091304 [debug] [MainThread]: running dbt with arguments {'printer_width': '80', 'indirect_selection': 'eager', 'write_json': 'True', 'log_cache_events': 'False', 'partial_parse': 'True', 'cache_selected_only': 'False', 'warn_error': 'None', 'debug': 'False', 'version_check': 'True', 'log_path': '/usr/ELT_Travaux_Angers/dbt/logs', 'fail_fast': 'False', 'profiles_dir': '/usr/ELT_Travaux_Angers/dbt', 'use_colors': 'True', 'use_experimental_parser': 'False', 'no_print': 'None', 'quiet': 'False', 'empty': 'False', 'log_format': 'default', 'invocation_command': 'dbt run', 'static_parser': 'True', 'introspect': 'True', 'target_path': 'None', 'warn_error_options': 'WarnErrorOptionsV2(error=[], warn=[], silence=[])', 'send_anonymous_usage_stats': 'True'}
[0m00:44:55.619112 [debug] [MainThread]: Sending event: {'category': 'dbt', 'action': 'project_id', 'label': 'eb2b5e77-a840-4439-854a-87581f745a7e', 'context': [<snowplow_tracker.self_describing_json.SelfDescribingJson object at 0x7f65dc39e690>]}
[0m00:44:55.783932 [debug] [MainThread]: Sending event: {'category': 'dbt', 'action': 'adapter_info', 'label': 'eb2b5e77-a840-4439-854a-87581f745a7e', 'context': [<snowplow_tracker.self_describing_json.SelfDescribingJson object at 0x7f65df44deb0>]}
[0m00:44:55.785596 [info ] [MainThread]: Registered adapter: bigquery=1.10.1
[0m00:44:56.136692 [debug] [MainThread]: checksum: 44f4b502e2ddc67beed4db71ce39b63f2d3b7fc0b96e49a69b096c8f6cc370bc, vars: {}, profile: , target: , version: 1.10.7
[0m00:44:56.641898 [debug] [MainThread]: Partial parsing enabled: 0 files deleted, 0 files added, 3 files changed.
[0m00:44:56.643991 [debug] [MainThread]: Partial parsing: updated file: travaux_angers://models/gold/fct_travaux_stats.sql
[0m00:44:56.645374 [debug] [MainThread]: Partial parsing: updated file: travaux_angers://models/check_source.sql
[0m00:44:56.646702 [debug] [MainThread]: Partial parsing: updated file: travaux_angers://models/gold/dim_travaux_details.sql
[0m00:44:58.107063 [debug] [MainThread]: Sending event: {'category': 'dbt', 'action': 'load_project', 'label': 'eb2b5e77-a840-4439-854a-87581f745a7e', 'context': [<snowplow_tracker.self_describing_json.SelfDescribingJson object at 0x7f65da541b80>]}
[0m00:44:58.324638 [debug] [MainThread]: Wrote artifact WritableManifest to /usr/ELT_Travaux_Angers/dbt/target/manifest.json
[0m00:44:58.328479 [debug] [MainThread]: Wrote artifact SemanticManifest to /usr/ELT_Travaux_Angers/dbt/target/semantic_manifest.json
[0m00:44:58.424777 [debug] [MainThread]: Sending event: {'category': 'dbt', 'action': 'resource_counts', 'label': 'eb2b5e77-a840-4439-854a-87581f745a7e', 'context': [<snowplow_tracker.self_describing_json.SelfDescribingJson object at 0x7f65da409b20>]}
[0m00:44:58.426041 [info ] [MainThread]: Found 6 models, 1 analysis, 17 data tests, 1 source, 610 macros
[0m00:44:58.426876 [debug] [MainThread]: Sending event: {'category': 'dbt', 'action': 'runnable_timing', 'label': 'eb2b5e77-a840-4439-854a-87581f745a7e', 'context': [<snowplow_tracker.self_describing_json.SelfDescribingJson object at 0x7f65dbf4cf20>]}
[0m00:44:58.431884 [info ] [MainThread]: 
[0m00:44:58.433321 [info ] [MainThread]: Concurrency: 1 threads (target='dev')
[0m00:44:58.434128 [info ] [MainThread]: 
[0m00:44:58.436096 [debug] [MainThread]: Acquiring new bigquery connection 'master'
[0m00:44:58.447575 [debug] [ThreadPool]: Acquiring new bigquery connection 'list_my-project-travaux-angers'
[0m00:44:58.448920 [debug] [ThreadPool]: Opening a new connection, currently in state init
[0m00:44:59.062501 [debug] [ThreadPool]: Opening a new connection, currently in state closed
[0m00:44:59.796724 [debug] [ThreadPool]: Opening a new connection, currently in state closed
[0m00:45:00.291004 [debug] [ThreadPool]: Opening a new connection, currently in state closed
[0m00:45:00.783091 [debug] [ThreadPool]: Re-using an available connection from the pool (formerly list_my-project-travaux-angers, now list_my-project-travaux-angers_travaux_angers_bronze)
[0m00:45:00.784276 [debug] [ThreadPool]: Opening a new connection, currently in state closed
[0m00:45:01.267155 [debug] [ThreadPool]: Re-using an available connection from the pool (formerly list_my-project-travaux-angers_travaux_angers_bronze, now list_my-project-travaux-angers_travaux_angers)
[0m00:45:01.269346 [debug] [ThreadPool]: Opening a new connection, currently in state closed
[0m00:45:01.748980 [debug] [ThreadPool]: Re-using an available connection from the pool (formerly list_my-project-travaux-angers_travaux_angers, now list_my-project-travaux-angers_travaux_angers_gold)
[0m00:45:01.751062 [debug] [ThreadPool]: Opening a new connection, currently in state closed
[0m00:45:02.350025 [debug] [ThreadPool]: Re-using an available connection from the pool (formerly list_my-project-travaux-angers_travaux_angers_gold, now list_my-project-travaux-angers_travaux_angers_silver)
[0m00:45:02.351182 [debug] [ThreadPool]: Opening a new connection, currently in state closed
[0m00:45:02.974995 [debug] [MainThread]: Sending event: {'category': 'dbt', 'action': 'runnable_timing', 'label': 'eb2b5e77-a840-4439-854a-87581f745a7e', 'context': [<snowplow_tracker.self_describing_json.SelfDescribingJson object at 0x7f65dbefcc80>]}
[0m00:45:02.975906 [debug] [MainThread]: Opening a new connection, currently in state init
[0m00:45:03.042033 [debug] [Thread-1 (]: Began running node model.travaux_angers.check_columns
[0m00:45:03.043403 [info ] [Thread-1 (]: 1 of 6 START sql view model travaux_angers.check_columns ....................... [RUN]
[0m00:45:03.044459 [debug] [Thread-1 (]: Re-using an available connection from the pool (formerly list_my-project-travaux-angers_travaux_angers_silver, now model.travaux_angers.check_columns)
[0m00:45:03.045356 [debug] [Thread-1 (]: Began compiling node model.travaux_angers.check_columns
[0m00:45:03.061307 [debug] [Thread-1 (]: Writing injected SQL for node "model.travaux_angers.check_columns"
[0m00:45:03.065151 [debug] [Thread-1 (]: Began executing node model.travaux_angers.check_columns
[0m00:45:03.167409 [debug] [Thread-1 (]: Writing runtime sql for node "model.travaux_angers.check_columns"
[0m00:45:03.171393 [debug] [Thread-1 (]: On model.travaux_angers.check_columns: /* {"app": "dbt", "dbt_version": "1.10.7", "profile_name": "travaux_angers", "target_name": "dev", "node_id": "model.travaux_angers.check_columns"} */


  create or replace view `my-project-travaux-angers`.`travaux_angers`.`check_columns`
  OPTIONS()
  as 

SELECT *
FROM `my-project-travaux-angers`.`travaux_angers`.`travaux_angers`
LIMIT 1;


[0m00:45:03.174931 [debug] [Thread-1 (]: Opening a new connection, currently in state closed
[0m00:45:04.316815 [debug] [Thread-1 (]: BigQuery adapter: https://console.cloud.google.com/bigquery?project=my-project-travaux-angers&j=bq:US:bf07c0b0-5006-40ea-b7ad-8c9d8516c4ca&page=queryresults
[0m00:45:04.959607 [debug] [Thread-1 (]: Sending event: {'category': 'dbt', 'action': 'run_model', 'label': 'eb2b5e77-a840-4439-854a-87581f745a7e', 'context': [<snowplow_tracker.self_describing_json.SelfDescribingJson object at 0x7f65df417b00>]}
[0m00:45:04.962366 [info ] [Thread-1 (]: 1 of 6 OK created sql view model travaux_angers.check_columns .................. [[32mCREATE VIEW (0 processed)[0m in 1.91s]
[0m00:45:04.964342 [debug] [Thread-1 (]: Finished running node model.travaux_angers.check_columns
[0m00:45:04.965483 [debug] [Thread-1 (]: Began running node model.travaux_angers.check_source
[0m00:45:04.968130 [info ] [Thread-1 (]: 2 of 6 START sql view model travaux_angers.check_source ........................ [RUN]
[0m00:45:04.971254 [debug] [Thread-1 (]: Re-using an available connection from the pool (formerly model.travaux_angers.check_columns, now model.travaux_angers.check_source)
[0m00:45:04.972197 [debug] [Thread-1 (]: Began compiling node model.travaux_angers.check_source
[0m00:45:04.980472 [debug] [Thread-1 (]: Writing injected SQL for node "model.travaux_angers.check_source"
[0m00:45:04.982352 [debug] [Thread-1 (]: Began executing node model.travaux_angers.check_source
[0m00:45:04.993285 [debug] [Thread-1 (]: Writing runtime sql for node "model.travaux_angers.check_source"
[0m00:45:04.995022 [debug] [Thread-1 (]: On model.travaux_angers.check_source: /* {"app": "dbt", "dbt_version": "1.10.7", "profile_name": "travaux_angers", "target_name": "dev", "node_id": "model.travaux_angers.check_source"} */


  create or replace view `my-project-travaux-angers`.`travaux_angers`.`check_source`
  OPTIONS()
  as 

SELECT
    column_name,
    data_type
FROM `my-project-travaux-angers`.`travaux_angers`.`travaux_angers`.INFORMATION_SCHEMA.COLUMNS
WHERE table_name = 'travaux_angers'
ORDER BY ordinal_position;


[0m00:45:04.996141 [debug] [Thread-1 (]: Opening a new connection, currently in state closed
[0m00:45:05.534155 [debug] [Thread-1 (]: BigQuery adapter: https://console.cloud.google.com/bigquery?project=my-project-travaux-angers&j=bq:US:05094dc0-ff17-4bf3-b935-0421e5cd56ce&page=queryresults
[0m00:45:05.535256 [error] [Thread-1 (]: BigQuery adapter: https://console.cloud.google.com/bigquery?project=my-project-travaux-angers&j=bq:US:05094dc0-ff17-4bf3-b935-0421e5cd56ce&page=queryresults
[0m00:45:05.552840 [debug] [Thread-1 (]: Database Error in model check_source (models/check_source.sql)
  Invalid project ID 'my-project-travaux-angers.travaux_angers'. Project IDs must contain 6-63 lowercase letters, digits, or dashes. Some project IDs also include domain name separated by a colon. IDs must start with a letter and may not end with a dash.
  compiled code at target/run/travaux_angers/models/check_source.sql
[0m00:45:05.554221 [debug] [Thread-1 (]: Sending event: {'category': 'dbt', 'action': 'run_model', 'label': 'eb2b5e77-a840-4439-854a-87581f745a7e', 'context': [<snowplow_tracker.self_describing_json.SelfDescribingJson object at 0x7f65d8566810>]}
[0m00:45:05.555522 [error] [Thread-1 (]: 2 of 6 ERROR creating sql view model travaux_angers.check_source ............... [[31mERROR[0m in 0.58s]
[0m00:45:05.556575 [debug] [Thread-1 (]: Finished running node model.travaux_angers.check_source
[0m00:45:05.557396 [debug] [Thread-1 (]: Began running node model.travaux_angers.src_travaux_angers
[0m00:45:05.558669 [info ] [Thread-1 (]: 3 of 6 START sql view model travaux_angers_bronze.src_travaux_angers ........... [RUN]
[0m00:45:05.559804 [debug] [Thread-1 (]: Re-using an available connection from the pool (formerly model.travaux_angers.check_source, now model.travaux_angers.src_travaux_angers)
[0m00:45:05.560546 [debug] [Thread-1 (]: Began compiling node model.travaux_angers.src_travaux_angers
[0m00:45:05.561859 [debug] [Thread-4 (]: Marking all children of 'model.travaux_angers.check_source' to be skipped because of status 'error'.  Reason: Database Error in model check_source (models/check_source.sql)
  Invalid project ID 'my-project-travaux-angers.travaux_angers'. Project IDs must contain 6-63 lowercase letters, digits, or dashes. Some project IDs also include domain name separated by a colon. IDs must start with a letter and may not end with a dash.
  compiled code at target/run/travaux_angers/models/check_source.sql.
[0m00:45:05.572671 [debug] [Thread-1 (]: Writing injected SQL for node "model.travaux_angers.src_travaux_angers"
[0m00:45:05.574119 [debug] [Thread-1 (]: Began executing node model.travaux_angers.src_travaux_angers
[0m00:45:05.578695 [debug] [Thread-1 (]: Writing runtime sql for node "model.travaux_angers.src_travaux_angers"
[0m00:45:05.580641 [debug] [Thread-1 (]: On model.travaux_angers.src_travaux_angers: /* {"app": "dbt", "dbt_version": "1.10.7", "profile_name": "travaux_angers", "target_name": "dev", "node_id": "model.travaux_angers.src_travaux_angers"} */


  create or replace view `my-project-travaux-angers`.`travaux_angers_bronze`.`src_travaux_angers`
  OPTIONS()
  as -- bronze/src_travaux_angers.sql
-- Source brute des données de travaux
SELECT
    *,
    CURRENT_TIMESTAMP() as _loaded_at
FROM `my-project-travaux-angers`.`travaux_angers`.`travaux_angers`;


[0m00:45:05.581342 [debug] [Thread-1 (]: Opening a new connection, currently in state closed
[0m00:45:06.088908 [debug] [Thread-1 (]: BigQuery adapter: https://console.cloud.google.com/bigquery?project=my-project-travaux-angers&j=bq:US:9384adcf-fb16-4029-a57c-48afcee53cda&page=queryresults
[0m00:45:06.568934 [debug] [Thread-1 (]: Sending event: {'category': 'dbt', 'action': 'run_model', 'label': 'eb2b5e77-a840-4439-854a-87581f745a7e', 'context': [<snowplow_tracker.self_describing_json.SelfDescribingJson object at 0x7f65da3ead20>]}
[0m00:45:06.570471 [info ] [Thread-1 (]: 3 of 6 OK created sql view model travaux_angers_bronze.src_travaux_angers ...... [[32mCREATE VIEW (0 processed)[0m in 1.01s]
[0m00:45:06.571819 [debug] [Thread-1 (]: Finished running node model.travaux_angers.src_travaux_angers
[0m00:45:06.574110 [debug] [Thread-1 (]: Began running node model.travaux_angers.stg_travaux_angers
[0m00:45:06.575141 [info ] [Thread-1 (]: 4 of 6 START sql table model travaux_angers_silver.stg_travaux_angers .......... [RUN]
[0m00:45:06.581559 [debug] [Thread-1 (]: Re-using an available connection from the pool (formerly model.travaux_angers.src_travaux_angers, now model.travaux_angers.stg_travaux_angers)
[0m00:45:06.582646 [debug] [Thread-1 (]: Began compiling node model.travaux_angers.stg_travaux_angers
[0m00:45:06.589983 [debug] [Thread-1 (]: Writing injected SQL for node "model.travaux_angers.stg_travaux_angers"
[0m00:45:06.595034 [debug] [Thread-1 (]: Began executing node model.travaux_angers.stg_travaux_angers
[0m00:45:06.640397 [debug] [Thread-1 (]: Opening a new connection, currently in state closed
[0m00:45:07.236398 [debug] [Thread-1 (]: Writing runtime sql for node "model.travaux_angers.stg_travaux_angers"
[0m00:45:07.238761 [debug] [Thread-1 (]: On model.travaux_angers.stg_travaux_angers: /* {"app": "dbt", "dbt_version": "1.10.7", "profile_name": "travaux_angers", "target_name": "dev", "node_id": "model.travaux_angers.stg_travaux_angers"} */

  
    

    create or replace table `my-project-travaux-angers`.`travaux_angers_silver`.`stg_travaux_angers`
      
    
    

    
    OPTIONS()
    as (
      -- silver/stg_travaux_angers.sql
-- Données nettoyées et standardisées
WITH source AS (
    SELECT * FROM `my-project-travaux-angers`.`travaux_angers_bronze`.`src_travaux_angers`
)

SELECT
    -- Informations de base
    id,
    title as titre,
    description,
    address as adresse,

    -- Dates et durée
    TIMESTAMP(startat) as date_debut,
    TIMESTAMP(endat) as date_fin,

    -- Informations sur le trafic et le type
    traffic as impact_trafic,
    type,

    -- Coordonnées géographiques (extraites du geo_point_2d)
    CAST(JSON_EXTRACT(geo_point_2d, '$.lon') as FLOAT64) as longitude,
    CAST(JSON_EXTRACT(geo_point_2d, '$.lat') as FLOAT64) as latitude,

    -- Informations de contact
    contact,
    email,

    -- Métadonnées
    istramway as est_tramway,
    idparking as id_parking,

    -- Horodatage de mise à jour
    CURRENT_TIMESTAMP() as _updated_at
FROM source
    );
  
[0m00:45:08.103177 [debug] [Thread-1 (]: BigQuery adapter: https://console.cloud.google.com/bigquery?project=my-project-travaux-angers&j=bq:US:8dbbc517-81ba-4326-b56b-68ddcfc4b700&page=queryresults
[0m00:45:10.040892 [debug] [Thread-1 (]: Sending event: {'category': 'dbt', 'action': 'run_model', 'label': 'eb2b5e77-a840-4439-854a-87581f745a7e', 'context': [<snowplow_tracker.self_describing_json.SelfDescribingJson object at 0x7f65d8566c90>]}
[0m00:45:10.042270 [info ] [Thread-1 (]: 4 of 6 OK created sql table model travaux_angers_silver.stg_travaux_angers ..... [[32mCREATE TABLE (11.2k rows, 3.5 MiB processed)[0m in 3.46s]
[0m00:45:10.043237 [debug] [Thread-1 (]: Finished running node model.travaux_angers.stg_travaux_angers
[0m00:45:10.045330 [debug] [Thread-1 (]: Began running node model.travaux_angers.dim_travaux_details
[0m00:45:10.046415 [info ] [Thread-1 (]: 5 of 6 START sql table model travaux_angers_gold.dim_travaux_details ........... [RUN]
[0m00:45:10.047728 [debug] [Thread-1 (]: Re-using an available connection from the pool (formerly model.travaux_angers.stg_travaux_angers, now model.travaux_angers.dim_travaux_details)
[0m00:45:10.048677 [debug] [Thread-1 (]: Began compiling node model.travaux_angers.dim_travaux_details
[0m00:45:10.056962 [debug] [Thread-1 (]: Writing injected SQL for node "model.travaux_angers.dim_travaux_details"
[0m00:45:10.058442 [debug] [Thread-1 (]: Began executing node model.travaux_angers.dim_travaux_details
[0m00:45:10.064320 [debug] [Thread-1 (]: Writing runtime sql for node "model.travaux_angers.dim_travaux_details"
[0m00:45:10.066044 [debug] [Thread-1 (]: On model.travaux_angers.dim_travaux_details: /* {"app": "dbt", "dbt_version": "1.10.7", "profile_name": "travaux_angers", "target_name": "dev", "node_id": "model.travaux_angers.dim_travaux_details"} */

  
    

    create or replace table `my-project-travaux-angers`.`travaux_angers_gold`.`dim_travaux_details`
      
    
    

    
    OPTIONS()
    as (
      -- Modèle pour la visualisation des travaux actifs et leurs caractéristiques
WITH travaux_enrichis AS (
    SELECT
        *,
        TIMESTAMP_DIFF(date_fin, date_debut, DAY) as duree_jours,
        CASE
            WHEN CURRENT_TIMESTAMP() BETWEEN date_debut AND date_fin THEN 'En cours'
            WHEN CURRENT_TIMESTAMP() < date_debut THEN 'À venir'
            ELSE 'Terminé'
        END as statut
    FROM `my-project-travaux-angers`.`travaux_angers_silver`.`stg_travaux_angers`
)

SELECT
    id,
    titre,
    date_debut,
    date_fin,
    duree_jours,
    longitude,
    latitude,
    type as type_travaux,
    description,
    adresse,
    statut,
    est_tramway,
    id_parking,
    contact,
    email,
    _updated_at,
    -- Création d'une géométrie pour la visualisation cartographique
    ST_GEOGPOINT(longitude, latitude) as position
FROM travaux_enrichis
    );
  
[0m00:45:10.066929 [debug] [Thread-1 (]: Opening a new connection, currently in state closed
[0m00:45:10.966618 [debug] [Thread-1 (]: BigQuery adapter: https://console.cloud.google.com/bigquery?project=my-project-travaux-angers&j=bq:US:407f067c-0cbd-4be5-8ae3-ce273d6f2903&page=queryresults
[0m00:45:13.835480 [debug] [Thread-1 (]: Sending event: {'category': 'dbt', 'action': 'run_model', 'label': 'eb2b5e77-a840-4439-854a-87581f745a7e', 'context': [<snowplow_tracker.self_describing_json.SelfDescribingJson object at 0x7f65d82b3b00>]}
[0m00:45:13.837066 [info ] [Thread-1 (]: 5 of 6 OK created sql table model travaux_angers_gold.dim_travaux_details ...... [[32mCREATE TABLE (11.2k rows, 3.2 MiB processed)[0m in 3.79s]
[0m00:45:13.838449 [debug] [Thread-1 (]: Finished running node model.travaux_angers.dim_travaux_details
[0m00:45:13.839315 [debug] [Thread-1 (]: Began running node model.travaux_angers.fct_travaux_stats
[0m00:45:13.840301 [info ] [Thread-1 (]: 6 of 6 START sql table model travaux_angers_gold.fct_travaux_stats ............. [RUN]
[0m00:45:13.841452 [debug] [Thread-1 (]: Re-using an available connection from the pool (formerly model.travaux_angers.dim_travaux_details, now model.travaux_angers.fct_travaux_stats)
[0m00:45:13.842161 [debug] [Thread-1 (]: Began compiling node model.travaux_angers.fct_travaux_stats
[0m00:45:13.852838 [debug] [Thread-1 (]: Writing injected SQL for node "model.travaux_angers.fct_travaux_stats"
[0m00:45:13.856280 [debug] [Thread-1 (]: Began executing node model.travaux_angers.fct_travaux_stats
[0m00:45:13.862728 [debug] [Thread-1 (]: Writing runtime sql for node "model.travaux_angers.fct_travaux_stats"
[0m00:45:13.865797 [debug] [Thread-1 (]: On model.travaux_angers.fct_travaux_stats: /* {"app": "dbt", "dbt_version": "1.10.7", "profile_name": "travaux_angers", "target_name": "dev", "node_id": "model.travaux_angers.fct_travaux_stats"} */

  
    

    create or replace table `my-project-travaux-angers`.`travaux_angers_gold`.`fct_travaux_stats`
      
    
    

    
    OPTIONS()
    as (
      -- Modèle pour les analyses temporelles et les statistiques
WITH statistiques_travaux AS (
    SELECT
        type as type_travaux,
        DATE_TRUNC(date_debut, MONTH) as mois,
        COUNT(*) as nombre_travaux,
        AVG(TIMESTAMP_DIFF(date_fin, date_debut, DAY)) as duree_moyenne_jours,
        -- État actuel
        COUNTIF(CURRENT_TIMESTAMP() BETWEEN date_debut AND date_fin) as travaux_en_cours,
        -- Coordonnées pour agrégation spatiale
        ANY_VALUE(ST_GEOGPOINT(longitude, latitude)) as position_representative
    FROM `my-project-travaux-angers`.`travaux_angers_silver`.`stg_travaux_angers`
    GROUP BY
        type_travaux,
        mois
)

SELECT
    *,
    SAFE_DIVIDE(travaux_en_cours, nombre_travaux) as ratio_actif
FROM statistiques_travaux
    );
  
[0m00:45:13.867286 [debug] [Thread-1 (]: Opening a new connection, currently in state closed
[0m00:45:14.822023 [debug] [Thread-1 (]: BigQuery adapter: https://console.cloud.google.com/bigquery?project=my-project-travaux-angers&j=bq:US:144a4fd2-0f59-4cf9-86e4-aaac5bf64697&page=queryresults
[0m00:45:16.795332 [debug] [Thread-1 (]: Sending event: {'category': 'dbt', 'action': 'run_model', 'label': 'eb2b5e77-a840-4439-854a-87581f745a7e', 'context': [<snowplow_tracker.self_describing_json.SelfDescribingJson object at 0x7f65d8497920>]}
[0m00:45:16.797186 [info ] [Thread-1 (]: 6 of 6 OK created sql table model travaux_angers_gold.fct_travaux_stats ........ [[32mCREATE TABLE (8.0 rows, 425.0 KiB processed)[0m in 2.95s]
[0m00:45:16.798948 [debug] [Thread-1 (]: Finished running node model.travaux_angers.fct_travaux_stats
[0m00:45:16.805258 [debug] [MainThread]: Opening a new connection, currently in state closed
[0m00:45:16.903459 [debug] [MainThread]: Connection 'master' was properly closed.
[0m00:45:16.905943 [debug] [MainThread]: Connection 'model.travaux_angers.fct_travaux_stats' was properly closed.
[0m00:45:16.907652 [info ] [MainThread]: 
[0m00:45:16.908531 [info ] [MainThread]: Finished running 3 table models, 3 view models in 0 hours 0 minutes and 18.47 seconds (18.47s).
[0m00:45:16.914885 [debug] [MainThread]: Command end result
[0m00:45:17.024290 [debug] [MainThread]: Wrote artifact WritableManifest to /usr/ELT_Travaux_Angers/dbt/target/manifest.json
[0m00:45:17.029683 [debug] [MainThread]: Wrote artifact SemanticManifest to /usr/ELT_Travaux_Angers/dbt/target/semantic_manifest.json
[0m00:45:17.049305 [debug] [MainThread]: Wrote artifact RunExecutionResult to /usr/ELT_Travaux_Angers/dbt/target/run_results.json
[0m00:45:17.050420 [info ] [MainThread]: 
[0m00:45:17.051321 [info ] [MainThread]: [31mCompleted with 1 error, 0 partial successes, and 0 warnings:[0m
[0m00:45:17.052070 [info ] [MainThread]: 
[0m00:45:17.052898 [error] [MainThread]: [31mFailure in model check_source (models/check_source.sql)[0m
[0m00:45:17.053956 [error] [MainThread]:   Database Error in model check_source (models/check_source.sql)
  Invalid project ID 'my-project-travaux-angers.travaux_angers'. Project IDs must contain 6-63 lowercase letters, digits, or dashes. Some project IDs also include domain name separated by a colon. IDs must start with a letter and may not end with a dash.
  compiled code at target/run/travaux_angers/models/check_source.sql
[0m00:45:17.054585 [info ] [MainThread]: 
[0m00:45:17.055311 [info ] [MainThread]:   compiled code at target/compiled/travaux_angers/models/check_source.sql
[0m00:45:17.055930 [info ] [MainThread]: 
[0m00:45:17.056579 [info ] [MainThread]: Done. PASS=5 WARN=0 ERROR=1 SKIP=0 NO-OP=0 TOTAL=6
[0m00:45:17.083928 [debug] [MainThread]: Resource report: {"command_name": "run", "command_success": false, "command_wall_clock_time": 35.077408, "process_in_blocks": "0", "process_kernel_time": 9.740927, "process_mem_max_rss": "412168", "process_out_blocks": "4280", "process_user_time": 16.925867}
[0m00:45:17.085659 [debug] [MainThread]: Command `dbt run` failed at 00:45:17.085155 after 35.08 seconds
[0m00:45:17.086913 [debug] [MainThread]: Sending event: {'category': 'dbt', 'action': 'invocation', 'label': 'end', 'context': [<snowplow_tracker.self_describing_json.SelfDescribingJson object at 0x7f66133a0950>, <snowplow_tracker.self_describing_json.SelfDescribingJson object at 0x7f65dc04b920>, <snowplow_tracker.self_describing_json.SelfDescribingJson object at 0x7f66110b5ca0>]}
[0m00:45:17.088143 [debug] [MainThread]: Flushing usage events
[0m00:45:17.636747 [debug] [MainThread]: An error was encountered while trying to flush usage events
[0m00:52:53.027396 [debug] [MainThread]: Sending event: {'category': 'dbt', 'action': 'invocation', 'label': 'start', 'context': [<snowplow_tracker.self_describing_json.SelfDescribingJson object at 0x7f1178ee75c0>, <snowplow_tracker.self_describing_json.SelfDescribingJson object at 0x7f11794ffef0>, <snowplow_tracker.self_describing_json.SelfDescribingJson object at 0x7f11794d8860>]}


============================== 00:52:53.058807 | 351dfb2d-8cce-48d5-8d4b-0b574ef72ea5 ==============================
[0m00:52:53.058807 [info ] [MainThread]: Running with dbt=1.10.7
[0m00:52:53.059964 [debug] [MainThread]: running dbt with arguments {'printer_width': '80', 'indirect_selection': 'eager', 'log_cache_events': 'False', 'write_json': 'True', 'partial_parse': 'True', 'cache_selected_only': 'False', 'warn_error': 'None', 'version_check': 'True', 'profiles_dir': '/usr/ELT_Travaux_Angers/dbt', 'log_path': '/usr/ELT_Travaux_Angers/dbt/logs', 'debug': 'False', 'fail_fast': 'False', 'use_colors': 'True', 'use_experimental_parser': 'False', 'empty': 'False', 'quiet': 'False', 'no_print': 'None', 'log_format': 'default', 'static_parser': 'True', 'invocation_command': 'dbt run', 'warn_error_options': 'WarnErrorOptionsV2(error=[], warn=[], silence=[])', 'target_path': 'None', 'introspect': 'True', 'send_anonymous_usage_stats': 'True'}
[0m00:53:12.557701 [debug] [MainThread]: Sending event: {'category': 'dbt', 'action': 'project_id', 'label': '351dfb2d-8cce-48d5-8d4b-0b574ef72ea5', 'context': [<snowplow_tracker.self_describing_json.SelfDescribingJson object at 0x7f1144657ad0>]}
[0m00:53:12.723632 [debug] [MainThread]: Sending event: {'category': 'dbt', 'action': 'adapter_info', 'label': '351dfb2d-8cce-48d5-8d4b-0b574ef72ea5', 'context': [<snowplow_tracker.self_describing_json.SelfDescribingJson object at 0x7f1178c1b8f0>]}
[0m00:53:12.725508 [info ] [MainThread]: Registered adapter: bigquery=1.10.1
[0m00:53:13.098709 [debug] [MainThread]: checksum: 44f4b502e2ddc67beed4db71ce39b63f2d3b7fc0b96e49a69b096c8f6cc370bc, vars: {}, profile: , target: , version: 1.10.7
[0m00:53:13.463206 [debug] [MainThread]: Partial parsing enabled: 0 files deleted, 0 files added, 1 files changed.
[0m00:53:13.464719 [debug] [MainThread]: Partial parsing: updated file: travaux_angers://models/gold/fct_travaux_stats.sql
[0m00:53:14.413358 [debug] [MainThread]: Sending event: {'category': 'dbt', 'action': 'load_project', 'label': '351dfb2d-8cce-48d5-8d4b-0b574ef72ea5', 'context': [<snowplow_tracker.self_describing_json.SelfDescribingJson object at 0x7f11425beab0>]}
[0m00:53:14.635245 [debug] [MainThread]: Wrote artifact WritableManifest to /usr/ELT_Travaux_Angers/dbt/target/manifest.json
[0m00:53:14.639647 [debug] [MainThread]: Wrote artifact SemanticManifest to /usr/ELT_Travaux_Angers/dbt/target/semantic_manifest.json
[0m00:53:14.705062 [debug] [MainThread]: Sending event: {'category': 'dbt', 'action': 'resource_counts', 'label': '351dfb2d-8cce-48d5-8d4b-0b574ef72ea5', 'context': [<snowplow_tracker.self_describing_json.SelfDescribingJson object at 0x7f1142593650>]}
[0m00:53:14.706635 [info ] [MainThread]: Found 6 models, 1 analysis, 17 data tests, 1 source, 610 macros
[0m00:53:14.707639 [debug] [MainThread]: Sending event: {'category': 'dbt', 'action': 'runnable_timing', 'label': '351dfb2d-8cce-48d5-8d4b-0b574ef72ea5', 'context': [<snowplow_tracker.self_describing_json.SelfDescribingJson object at 0x7f1143f72090>]}
[0m00:53:14.712394 [info ] [MainThread]: 
[0m00:53:14.713403 [info ] [MainThread]: Concurrency: 1 threads (target='dev')
[0m00:53:14.714280 [info ] [MainThread]: 
[0m00:53:14.715346 [debug] [MainThread]: Acquiring new bigquery connection 'master'
[0m00:53:14.726192 [debug] [ThreadPool]: Acquiring new bigquery connection 'list_my-project-travaux-angers'
[0m00:53:14.727789 [debug] [ThreadPool]: Opening a new connection, currently in state init
[0m00:53:15.347630 [debug] [ThreadPool]: Opening a new connection, currently in state closed
[0m00:53:15.833642 [debug] [ThreadPool]: Opening a new connection, currently in state closed
[0m00:53:16.294730 [debug] [ThreadPool]: Opening a new connection, currently in state closed
[0m00:53:16.747137 [debug] [ThreadPool]: Re-using an available connection from the pool (formerly list_my-project-travaux-angers, now list_my-project-travaux-angers_travaux_angers)
[0m00:53:16.748150 [debug] [ThreadPool]: Opening a new connection, currently in state closed
[0m00:53:17.171219 [debug] [ThreadPool]: Re-using an available connection from the pool (formerly list_my-project-travaux-angers_travaux_angers, now list_my-project-travaux-angers_travaux_angers_bronze)
[0m00:53:17.173579 [debug] [ThreadPool]: Opening a new connection, currently in state closed
[0m00:53:17.760340 [debug] [ThreadPool]: Re-using an available connection from the pool (formerly list_my-project-travaux-angers_travaux_angers_bronze, now list_my-project-travaux-angers_travaux_angers_silver)
[0m00:53:17.761802 [debug] [ThreadPool]: Opening a new connection, currently in state closed
[0m00:53:18.226968 [debug] [ThreadPool]: Re-using an available connection from the pool (formerly list_my-project-travaux-angers_travaux_angers_silver, now list_my-project-travaux-angers_travaux_angers_gold)
[0m00:53:18.228482 [debug] [ThreadPool]: Opening a new connection, currently in state closed
[0m00:53:18.652470 [debug] [MainThread]: Sending event: {'category': 'dbt', 'action': 'runnable_timing', 'label': '351dfb2d-8cce-48d5-8d4b-0b574ef72ea5', 'context': [<snowplow_tracker.self_describing_json.SelfDescribingJson object at 0x7f117b04f2c0>]}
[0m00:53:18.653588 [debug] [MainThread]: Opening a new connection, currently in state init
[0m00:53:18.719013 [debug] [Thread-1 (]: Began running node model.travaux_angers.check_columns
[0m00:53:18.720656 [info ] [Thread-1 (]: 1 of 6 START sql view model travaux_angers.check_columns ....................... [RUN]
[0m00:53:18.722137 [debug] [Thread-1 (]: Re-using an available connection from the pool (formerly list_my-project-travaux-angers_travaux_angers_gold, now model.travaux_angers.check_columns)
[0m00:53:18.723022 [debug] [Thread-1 (]: Began compiling node model.travaux_angers.check_columns
[0m00:53:18.739560 [debug] [Thread-1 (]: Writing injected SQL for node "model.travaux_angers.check_columns"
[0m00:53:18.742990 [debug] [Thread-1 (]: Began executing node model.travaux_angers.check_columns
[0m00:53:18.827301 [debug] [Thread-1 (]: Writing runtime sql for node "model.travaux_angers.check_columns"
[0m00:53:18.831364 [debug] [Thread-1 (]: On model.travaux_angers.check_columns: /* {"app": "dbt", "dbt_version": "1.10.7", "profile_name": "travaux_angers", "target_name": "dev", "node_id": "model.travaux_angers.check_columns"} */


  create or replace view `my-project-travaux-angers`.`travaux_angers`.`check_columns`
  OPTIONS()
  as 

SELECT *
FROM `my-project-travaux-angers`.`travaux_angers`.`travaux_angers`
LIMIT 1;


[0m00:53:18.832637 [debug] [Thread-1 (]: Opening a new connection, currently in state closed
[0m00:53:19.580681 [debug] [Thread-1 (]: BigQuery adapter: https://console.cloud.google.com/bigquery?project=my-project-travaux-angers&j=bq:US:03e6127c-540a-4664-b58f-2aa8d31191f0&page=queryresults
[0m00:53:20.202004 [debug] [Thread-1 (]: Sending event: {'category': 'dbt', 'action': 'run_model', 'label': '351dfb2d-8cce-48d5-8d4b-0b574ef72ea5', 'context': [<snowplow_tracker.self_describing_json.SelfDescribingJson object at 0x7f114748fbc0>]}
[0m00:53:20.207760 [info ] [Thread-1 (]: 1 of 6 OK created sql view model travaux_angers.check_columns .................. [[32mCREATE VIEW (0 processed)[0m in 1.48s]
[0m00:53:20.209566 [debug] [Thread-1 (]: Finished running node model.travaux_angers.check_columns
[0m00:53:20.210418 [debug] [Thread-1 (]: Began running node model.travaux_angers.check_source
[0m00:53:20.211902 [info ] [Thread-1 (]: 2 of 6 START sql view model travaux_angers.check_source ........................ [RUN]
[0m00:53:20.213174 [debug] [Thread-1 (]: Re-using an available connection from the pool (formerly model.travaux_angers.check_columns, now model.travaux_angers.check_source)
[0m00:53:20.215105 [debug] [Thread-1 (]: Began compiling node model.travaux_angers.check_source
[0m00:53:20.223102 [debug] [Thread-1 (]: Writing injected SQL for node "model.travaux_angers.check_source"
[0m00:53:20.224771 [debug] [Thread-1 (]: Began executing node model.travaux_angers.check_source
[0m00:53:20.232716 [debug] [Thread-1 (]: Writing runtime sql for node "model.travaux_angers.check_source"
[0m00:53:20.234509 [debug] [Thread-1 (]: On model.travaux_angers.check_source: /* {"app": "dbt", "dbt_version": "1.10.7", "profile_name": "travaux_angers", "target_name": "dev", "node_id": "model.travaux_angers.check_source"} */


  create or replace view `my-project-travaux-angers`.`travaux_angers`.`check_source`
  OPTIONS()
  as 

SELECT
    column_name,
    data_type
FROM `my-project-travaux-angers`.`travaux_angers`.`travaux_angers`.INFORMATION_SCHEMA.COLUMNS
WHERE table_name = 'travaux_angers'
ORDER BY ordinal_position;


[0m00:53:20.235782 [debug] [Thread-1 (]: Opening a new connection, currently in state closed
[0m00:53:20.810004 [debug] [Thread-1 (]: BigQuery adapter: https://console.cloud.google.com/bigquery?project=my-project-travaux-angers&j=bq:US:7a613329-4eb3-44b6-8abb-b4f7db11f185&page=queryresults
[0m00:53:20.811448 [error] [Thread-1 (]: BigQuery adapter: https://console.cloud.google.com/bigquery?project=my-project-travaux-angers&j=bq:US:7a613329-4eb3-44b6-8abb-b4f7db11f185&page=queryresults
[0m00:53:20.905243 [debug] [Thread-1 (]: Database Error in model check_source (models/check_source.sql)
  Invalid project ID 'my-project-travaux-angers.travaux_angers'. Project IDs must contain 6-63 lowercase letters, digits, or dashes. Some project IDs also include domain name separated by a colon. IDs must start with a letter and may not end with a dash.
  compiled code at target/run/travaux_angers/models/check_source.sql
[0m00:53:20.906859 [debug] [Thread-1 (]: Sending event: {'category': 'dbt', 'action': 'run_model', 'label': '351dfb2d-8cce-48d5-8d4b-0b574ef72ea5', 'context': [<snowplow_tracker.self_describing_json.SelfDescribingJson object at 0x7f11424d1a00>]}
[0m00:53:20.908364 [error] [Thread-1 (]: 2 of 6 ERROR creating sql view model travaux_angers.check_source ............... [[31mERROR[0m in 0.69s]
[0m00:53:20.909717 [debug] [Thread-1 (]: Finished running node model.travaux_angers.check_source
[0m00:53:20.910573 [debug] [Thread-1 (]: Began running node model.travaux_angers.src_travaux_angers
[0m00:53:20.911732 [debug] [Thread-4 (]: Marking all children of 'model.travaux_angers.check_source' to be skipped because of status 'error'.  Reason: Database Error in model check_source (models/check_source.sql)
  Invalid project ID 'my-project-travaux-angers.travaux_angers'. Project IDs must contain 6-63 lowercase letters, digits, or dashes. Some project IDs also include domain name separated by a colon. IDs must start with a letter and may not end with a dash.
  compiled code at target/run/travaux_angers/models/check_source.sql.
[0m00:53:20.913480 [info ] [Thread-1 (]: 3 of 6 START sql view model travaux_angers_bronze.src_travaux_angers ........... [RUN]
[0m00:53:20.917841 [debug] [Thread-1 (]: Re-using an available connection from the pool (formerly model.travaux_angers.check_source, now model.travaux_angers.src_travaux_angers)
[0m00:53:20.918804 [debug] [Thread-1 (]: Began compiling node model.travaux_angers.src_travaux_angers
[0m00:53:20.926567 [debug] [Thread-1 (]: Writing injected SQL for node "model.travaux_angers.src_travaux_angers"
[0m00:53:20.930360 [debug] [Thread-1 (]: Began executing node model.travaux_angers.src_travaux_angers
[0m00:53:20.939445 [debug] [Thread-1 (]: Writing runtime sql for node "model.travaux_angers.src_travaux_angers"
[0m00:53:20.940971 [debug] [Thread-1 (]: On model.travaux_angers.src_travaux_angers: /* {"app": "dbt", "dbt_version": "1.10.7", "profile_name": "travaux_angers", "target_name": "dev", "node_id": "model.travaux_angers.src_travaux_angers"} */


  create or replace view `my-project-travaux-angers`.`travaux_angers_bronze`.`src_travaux_angers`
  OPTIONS()
  as -- bronze/src_travaux_angers.sql
-- Source brute des données de travaux
SELECT
    *,
    CURRENT_TIMESTAMP() as _loaded_at
FROM `my-project-travaux-angers`.`travaux_angers`.`travaux_angers`;


[0m00:53:20.941834 [debug] [Thread-1 (]: Opening a new connection, currently in state closed
[0m00:53:21.685057 [debug] [Thread-1 (]: BigQuery adapter: https://console.cloud.google.com/bigquery?project=my-project-travaux-angers&j=bq:US:e69729b5-7711-4330-a26b-8ed00b43926e&page=queryresults
[0m00:53:22.263565 [debug] [Thread-1 (]: Sending event: {'category': 'dbt', 'action': 'run_model', 'label': '351dfb2d-8cce-48d5-8d4b-0b574ef72ea5', 'context': [<snowplow_tracker.self_describing_json.SelfDescribingJson object at 0x7f1103c1ffe0>]}
[0m00:53:22.266203 [info ] [Thread-1 (]: 3 of 6 OK created sql view model travaux_angers_bronze.src_travaux_angers ...... [[32mCREATE VIEW (0 processed)[0m in 1.35s]
[0m00:53:22.268425 [debug] [Thread-1 (]: Finished running node model.travaux_angers.src_travaux_angers
[0m00:53:22.271234 [debug] [Thread-1 (]: Began running node model.travaux_angers.stg_travaux_angers
[0m00:53:22.272931 [info ] [Thread-1 (]: 4 of 6 START sql table model travaux_angers_silver.stg_travaux_angers .......... [RUN]
[0m00:53:22.276155 [debug] [Thread-1 (]: Re-using an available connection from the pool (formerly model.travaux_angers.src_travaux_angers, now model.travaux_angers.stg_travaux_angers)
[0m00:53:22.283362 [debug] [Thread-1 (]: Began compiling node model.travaux_angers.stg_travaux_angers
[0m00:53:22.299059 [debug] [Thread-1 (]: Writing injected SQL for node "model.travaux_angers.stg_travaux_angers"
[0m00:53:22.302655 [debug] [Thread-1 (]: Began executing node model.travaux_angers.stg_travaux_angers
[0m00:53:22.325178 [debug] [Thread-1 (]: Opening a new connection, currently in state closed
[0m00:53:22.826465 [debug] [Thread-1 (]: Writing runtime sql for node "model.travaux_angers.stg_travaux_angers"
[0m00:53:22.829674 [debug] [Thread-1 (]: On model.travaux_angers.stg_travaux_angers: /* {"app": "dbt", "dbt_version": "1.10.7", "profile_name": "travaux_angers", "target_name": "dev", "node_id": "model.travaux_angers.stg_travaux_angers"} */

  
    

    create or replace table `my-project-travaux-angers`.`travaux_angers_silver`.`stg_travaux_angers`
      
    
    

    
    OPTIONS()
    as (
      -- silver/stg_travaux_angers.sql
-- Données nettoyées et standardisées
WITH source AS (
    SELECT * FROM `my-project-travaux-angers`.`travaux_angers_bronze`.`src_travaux_angers`
)

SELECT
    -- Informations de base
    id,
    title as titre,
    description,
    address as adresse,

    -- Dates et durée
    TIMESTAMP(startat) as date_debut,
    TIMESTAMP(endat) as date_fin,

    -- Informations sur le trafic et le type
    traffic as impact_trafic,
    type,

    -- Coordonnées géographiques (extraites du geo_point_2d)
    CAST(JSON_EXTRACT(geo_point_2d, '$.lon') as FLOAT64) as longitude,
    CAST(JSON_EXTRACT(geo_point_2d, '$.lat') as FLOAT64) as latitude,

    -- Informations de contact
    contact,
    email,

    -- Métadonnées
    istramway as est_tramway,
    idparking as id_parking,

    -- Horodatage de mise à jour
    CURRENT_TIMESTAMP() as _updated_at
FROM source
    );
  
[0m00:53:23.451017 [debug] [Thread-1 (]: BigQuery adapter: https://console.cloud.google.com/bigquery?project=my-project-travaux-angers&j=bq:US:c4d487e0-380f-4d4a-833e-09f69bb628e7&page=queryresults
[0m00:53:25.471259 [debug] [Thread-1 (]: Sending event: {'category': 'dbt', 'action': 'run_model', 'label': '351dfb2d-8cce-48d5-8d4b-0b574ef72ea5', 'context': [<snowplow_tracker.self_describing_json.SelfDescribingJson object at 0x7f11425931a0>]}
[0m00:53:25.472466 [info ] [Thread-1 (]: 4 of 6 OK created sql table model travaux_angers_silver.stg_travaux_angers ..... [[32mCREATE TABLE (11.2k rows, 3.5 MiB processed)[0m in 3.20s]
[0m00:53:25.473485 [debug] [Thread-1 (]: Finished running node model.travaux_angers.stg_travaux_angers
[0m00:53:25.475011 [debug] [Thread-1 (]: Began running node model.travaux_angers.dim_travaux_details
[0m00:53:25.475804 [info ] [Thread-1 (]: 5 of 6 START sql table model travaux_angers_gold.dim_travaux_details ........... [RUN]
[0m00:53:25.478694 [debug] [Thread-1 (]: Re-using an available connection from the pool (formerly model.travaux_angers.stg_travaux_angers, now model.travaux_angers.dim_travaux_details)
[0m00:53:25.481252 [debug] [Thread-1 (]: Began compiling node model.travaux_angers.dim_travaux_details
[0m00:53:25.492464 [debug] [Thread-1 (]: Writing injected SQL for node "model.travaux_angers.dim_travaux_details"
[0m00:53:25.495276 [debug] [Thread-1 (]: Began executing node model.travaux_angers.dim_travaux_details
[0m00:53:25.500289 [debug] [Thread-1 (]: Opening a new connection, currently in state closed
[0m00:53:25.959071 [debug] [Thread-1 (]: Writing runtime sql for node "model.travaux_angers.dim_travaux_details"
[0m00:53:25.961661 [debug] [Thread-1 (]: On model.travaux_angers.dim_travaux_details: /* {"app": "dbt", "dbt_version": "1.10.7", "profile_name": "travaux_angers", "target_name": "dev", "node_id": "model.travaux_angers.dim_travaux_details"} */

  
    

    create or replace table `my-project-travaux-angers`.`travaux_angers_gold`.`dim_travaux_details`
      
    
    

    
    OPTIONS()
    as (
      -- Modèle pour la visualisation des travaux actifs et leurs caractéristiques
WITH travaux_enrichis AS (
    SELECT
        *,
        TIMESTAMP_DIFF(date_fin, date_debut, DAY) as duree_jours,
        CASE
            WHEN CURRENT_TIMESTAMP() BETWEEN date_debut AND date_fin THEN 'En cours'
            WHEN CURRENT_TIMESTAMP() < date_debut THEN 'À venir'
            ELSE 'Terminé'
        END as statut
    FROM `my-project-travaux-angers`.`travaux_angers_silver`.`stg_travaux_angers`
)

SELECT
    id,
    titre,
    date_debut,
    date_fin,
    duree_jours,
    longitude,
    latitude,
    type as type_travaux,
    description,
    adresse,
    statut,
    est_tramway,
    id_parking,
    contact,
    email,
    _updated_at,
    -- Création d'une géométrie pour la visualisation cartographique
    ST_GEOGPOINT(longitude, latitude) as position
FROM travaux_enrichis
    );
  
[0m00:53:26.378828 [debug] [Thread-1 (]: BigQuery adapter: https://console.cloud.google.com/bigquery?project=my-project-travaux-angers&j=bq:US:1f99a073-11d7-4887-a350-be1681b21d14&page=queryresults
[0m00:53:28.422077 [debug] [Thread-1 (]: Sending event: {'category': 'dbt', 'action': 'run_model', 'label': '351dfb2d-8cce-48d5-8d4b-0b574ef72ea5', 'context': [<snowplow_tracker.self_describing_json.SelfDescribingJson object at 0x7f1103d1a780>]}
[0m00:53:28.423676 [info ] [Thread-1 (]: 5 of 6 OK created sql table model travaux_angers_gold.dim_travaux_details ...... [[32mCREATE TABLE (11.2k rows, 3.2 MiB processed)[0m in 2.95s]
[0m00:53:28.425025 [debug] [Thread-1 (]: Finished running node model.travaux_angers.dim_travaux_details
[0m00:53:28.426027 [debug] [Thread-1 (]: Began running node model.travaux_angers.fct_travaux_stats
[0m00:53:28.427003 [info ] [Thread-1 (]: 6 of 6 START sql table model travaux_angers_gold.fct_travaux_stats ............. [RUN]
[0m00:53:28.428027 [debug] [Thread-1 (]: Re-using an available connection from the pool (formerly model.travaux_angers.dim_travaux_details, now model.travaux_angers.fct_travaux_stats)
[0m00:53:28.428850 [debug] [Thread-1 (]: Began compiling node model.travaux_angers.fct_travaux_stats
[0m00:53:28.435877 [debug] [Thread-1 (]: Writing injected SQL for node "model.travaux_angers.fct_travaux_stats"
[0m00:53:28.437605 [debug] [Thread-1 (]: Began executing node model.travaux_angers.fct_travaux_stats
[0m00:53:28.443956 [debug] [Thread-1 (]: Opening a new connection, currently in state closed
[0m00:53:28.873449 [debug] [Thread-1 (]: Writing runtime sql for node "model.travaux_angers.fct_travaux_stats"
[0m00:53:28.876178 [debug] [Thread-1 (]: On model.travaux_angers.fct_travaux_stats: /* {"app": "dbt", "dbt_version": "1.10.7", "profile_name": "travaux_angers", "target_name": "dev", "node_id": "model.travaux_angers.fct_travaux_stats"} */

  
    

    create or replace table `my-project-travaux-angers`.`travaux_angers_gold`.`fct_travaux_stats`
      
    
    

    
    OPTIONS()
    as (
      -- Modèle pour les analyses temporelles et les statistiques

WITH travaux_par_mois AS (
    SELECT
        -- Clés de liaison et dimensions
        id,
        type as type_travaux,
        DATE_TRUNC(date_debut, MONTH) as mois,

        -- Métriques temporelles
        DATE_DIFF(date_fin, date_debut, DAY) as duree_jours,
        CASE
            WHEN CURRENT_TIMESTAMP() BETWEEN date_debut AND date_fin THEN 1
            ELSE 0
        END as est_en_cours,

        -- Géolocalisation
        longitude,
        latitude,
        ST_GEOGPOINT(longitude, latitude) as position
    FROM `my-project-travaux-angers`.`travaux_angers_silver`.`stg_travaux_angers`
),

statistiques_agregees AS (
    SELECT
        mois,
        type_travaux,
        -- Métriques d'agrégation
        COUNT(DISTINCT id) as nombre_travaux,
        SUM(est_en_cours) as travaux_en_cours,
        AVG(duree_jours) as duree_moyenne_jours,
        MIN(duree_jours) as duree_min_jours,
        MAX(duree_jours) as duree_max_jours,
        -- Centre géographique approximatif
        AVG(longitude) as longitude_moyenne,
        AVG(latitude) as latitude_moyenne
    FROM travaux_par_mois
    GROUP BY
        mois,
        type_travaux
)

SELECT
    -- Dimensions temporelles et type
    mois,
    type_travaux,

    -- Métriques calculées
    nombre_travaux,
    travaux_en_cours,
    ROUND(duree_moyenne_jours, 1) as duree_moyenne_jours,
    duree_min_jours,
    duree_max_jours,

    -- Ratios et pourcentages
    SAFE_DIVIDE(travaux_en_cours, nombre_travaux) as ratio_actif,

    -- Position moyenne du groupe
    ST_GEOGPOINT(longitude_moyenne, latitude_moyenne) as position_representative,

    -- Horodatage
    CURRENT_TIMESTAMP() as _updated_at
FROM statistiques_agregees
ORDER BY
    mois DESC,
    nombre_travaux DESC
    );
  
[0m00:53:29.502250 [debug] [Thread-1 (]: BigQuery adapter: https://console.cloud.google.com/bigquery?project=my-project-travaux-angers&j=bq:US:e2b64b3c-229a-4fda-80e7-32b8b0bf5a25&page=queryresults
[0m00:53:31.739319 [debug] [Thread-1 (]: Sending event: {'category': 'dbt', 'action': 'run_model', 'label': '351dfb2d-8cce-48d5-8d4b-0b574ef72ea5', 'context': [<snowplow_tracker.self_describing_json.SelfDescribingJson object at 0x7f1103c4ed50>]}
[0m00:53:31.740853 [info ] [Thread-1 (]: 6 of 6 OK created sql table model travaux_angers_gold.fct_travaux_stats ........ [[32mCREATE TABLE (8.0 rows, 512.2 KiB processed)[0m in 3.31s]
[0m00:53:31.742045 [debug] [Thread-1 (]: Finished running node model.travaux_angers.fct_travaux_stats
[0m00:53:31.745211 [debug] [MainThread]: Opening a new connection, currently in state closed
[0m00:53:31.807672 [debug] [MainThread]: Connection 'master' was properly closed.
[0m00:53:31.808748 [debug] [MainThread]: Connection 'model.travaux_angers.fct_travaux_stats' was properly closed.
[0m00:53:31.809729 [info ] [MainThread]: 
[0m00:53:31.811569 [info ] [MainThread]: Finished running 3 table models, 3 view models in 0 hours 0 minutes and 17.09 seconds (17.09s).
[0m00:53:31.814672 [debug] [MainThread]: Command end result
[0m00:53:31.868440 [debug] [MainThread]: Wrote artifact WritableManifest to /usr/ELT_Travaux_Angers/dbt/target/manifest.json
[0m00:53:31.872138 [debug] [MainThread]: Wrote artifact SemanticManifest to /usr/ELT_Travaux_Angers/dbt/target/semantic_manifest.json
[0m00:53:31.884749 [debug] [MainThread]: Wrote artifact RunExecutionResult to /usr/ELT_Travaux_Angers/dbt/target/run_results.json
[0m00:53:31.885613 [info ] [MainThread]: 
[0m00:53:31.886648 [info ] [MainThread]: [31mCompleted with 1 error, 0 partial successes, and 0 warnings:[0m
[0m00:53:31.888405 [info ] [MainThread]: 
[0m00:53:31.889760 [error] [MainThread]: [31mFailure in model check_source (models/check_source.sql)[0m
[0m00:53:31.892154 [error] [MainThread]:   Database Error in model check_source (models/check_source.sql)
  Invalid project ID 'my-project-travaux-angers.travaux_angers'. Project IDs must contain 6-63 lowercase letters, digits, or dashes. Some project IDs also include domain name separated by a colon. IDs must start with a letter and may not end with a dash.
  compiled code at target/run/travaux_angers/models/check_source.sql
[0m00:53:31.893083 [info ] [MainThread]: 
[0m00:53:31.894081 [info ] [MainThread]:   compiled code at target/compiled/travaux_angers/models/check_source.sql
[0m00:53:31.895170 [info ] [MainThread]: 
[0m00:53:31.895994 [info ] [MainThread]: Done. PASS=5 WARN=0 ERROR=1 SKIP=0 NO-OP=0 TOTAL=6
[0m00:53:31.901295 [debug] [MainThread]: Resource report: {"command_name": "run", "command_success": false, "command_wall_clock_time": 38.99824, "process_in_blocks": "0", "process_kernel_time": 16.693663, "process_mem_max_rss": "413924", "process_out_blocks": "4280", "process_user_time": 16.351746}
[0m00:53:31.902563 [debug] [MainThread]: Command `dbt run` failed at 00:53:31.902307 after 39.00 seconds
[0m00:53:31.903510 [debug] [MainThread]: Sending event: {'category': 'dbt', 'action': 'invocation', 'label': 'end', 'context': [<snowplow_tracker.self_describing_json.SelfDescribingJson object at 0x7f1178ebd760>, <snowplow_tracker.self_describing_json.SelfDescribingJson object at 0x7f114256d970>, <snowplow_tracker.self_describing_json.SelfDescribingJson object at 0x7f1178d70e00>]}
[0m00:53:31.904378 [debug] [MainThread]: Flushing usage events
[0m00:53:32.424014 [debug] [MainThread]: An error was encountered while trying to flush usage events
[0m01:00:16.323585 [debug] [MainThread]: Sending event: {'category': 'dbt', 'action': 'invocation', 'label': 'start', 'context': [<snowplow_tracker.self_describing_json.SelfDescribingJson object at 0x7f0aec6e2390>, <snowplow_tracker.self_describing_json.SelfDescribingJson object at 0x7f0aec8005f0>, <snowplow_tracker.self_describing_json.SelfDescribingJson object at 0x7f0aec6e2510>]}


============================== 01:00:16.340504 | bb3fe161-9150-42cc-bf7a-8f7d00ef8303 ==============================
[0m01:00:16.340504 [info ] [MainThread]: Running with dbt=1.10.7
[0m01:00:16.341782 [debug] [MainThread]: running dbt with arguments {'printer_width': '80', 'indirect_selection': 'eager', 'write_json': 'True', 'log_cache_events': 'False', 'partial_parse': 'True', 'cache_selected_only': 'False', 'profiles_dir': '/usr/ELT_Travaux_Angers/dbt', 'debug': 'False', 'fail_fast': 'False', 'log_path': '/usr/ELT_Travaux_Angers/dbt/logs', 'version_check': 'True', 'warn_error': 'None', 'use_colors': 'True', 'use_experimental_parser': 'False', 'no_print': 'None', 'quiet': 'False', 'empty': 'False', 'log_format': 'default', 'introspect': 'True', 'static_parser': 'True', 'warn_error_options': 'WarnErrorOptionsV2(error=[], warn=[], silence=[])', 'target_path': 'None', 'invocation_command': 'dbt run --select fct_travaux_stats', 'send_anonymous_usage_stats': 'True'}
[0m01:00:30.042405 [debug] [MainThread]: Sending event: {'category': 'dbt', 'action': 'project_id', 'label': 'bb3fe161-9150-42cc-bf7a-8f7d00ef8303', 'context': [<snowplow_tracker.self_describing_json.SelfDescribingJson object at 0x7f0aeb966660>]}
[0m01:00:30.203973 [debug] [MainThread]: Sending event: {'category': 'dbt', 'action': 'adapter_info', 'label': 'bb3fe161-9150-42cc-bf7a-8f7d00ef8303', 'context': [<snowplow_tracker.self_describing_json.SelfDescribingJson object at 0x7f0ab77274a0>]}
[0m01:00:30.205265 [info ] [MainThread]: Registered adapter: bigquery=1.10.1
[0m01:00:30.568120 [debug] [MainThread]: checksum: 44f4b502e2ddc67beed4db71ce39b63f2d3b7fc0b96e49a69b096c8f6cc370bc, vars: {}, profile: , target: , version: 1.10.7
[0m01:00:31.075197 [debug] [MainThread]: Partial parsing enabled: 0 files deleted, 1 files added, 1 files changed.
[0m01:00:31.076534 [debug] [MainThread]: Partial parsing: added file: travaux_angers://models/analysis/analyse_types.sql
[0m01:00:31.077359 [debug] [MainThread]: Partial parsing: updated file: travaux_angers://models/gold/fct_travaux_stats.sql
[0m01:00:32.313504 [debug] [MainThread]: Sending event: {'category': 'dbt', 'action': 'load_project', 'label': 'bb3fe161-9150-42cc-bf7a-8f7d00ef8303', 'context': [<snowplow_tracker.self_describing_json.SelfDescribingJson object at 0x7f0ab70861b0>]}
[0m01:00:32.600299 [debug] [MainThread]: Wrote artifact WritableManifest to /usr/ELT_Travaux_Angers/dbt/target/manifest.json
[0m01:00:32.604739 [debug] [MainThread]: Wrote artifact SemanticManifest to /usr/ELT_Travaux_Angers/dbt/target/semantic_manifest.json
[0m01:00:32.706889 [debug] [MainThread]: Sending event: {'category': 'dbt', 'action': 'resource_counts', 'label': 'bb3fe161-9150-42cc-bf7a-8f7d00ef8303', 'context': [<snowplow_tracker.self_describing_json.SelfDescribingJson object at 0x7f0ab6fbb080>]}
[0m01:00:32.707880 [info ] [MainThread]: Found 7 models, 1 analysis, 17 data tests, 1 source, 610 macros
[0m01:00:32.708541 [debug] [MainThread]: Sending event: {'category': 'dbt', 'action': 'runnable_timing', 'label': 'bb3fe161-9150-42cc-bf7a-8f7d00ef8303', 'context': [<snowplow_tracker.self_describing_json.SelfDescribingJson object at 0x7f0ab70f10a0>]}
[0m01:00:32.711322 [info ] [MainThread]: 
[0m01:00:32.711910 [info ] [MainThread]: Concurrency: 1 threads (target='dev')
[0m01:00:32.712436 [info ] [MainThread]: 
[0m01:00:32.713421 [debug] [MainThread]: Acquiring new bigquery connection 'master'
[0m01:00:32.715127 [debug] [ThreadPool]: Acquiring new bigquery connection 'list_my-project-travaux-angers'
[0m01:00:32.716138 [debug] [ThreadPool]: Opening a new connection, currently in state init
[0m01:00:33.298192 [debug] [ThreadPool]: Re-using an available connection from the pool (formerly list_my-project-travaux-angers, now list_my-project-travaux-angers_travaux_angers_silver)
[0m01:00:33.300042 [debug] [ThreadPool]: Opening a new connection, currently in state closed
[0m01:00:33.792384 [debug] [ThreadPool]: Re-using an available connection from the pool (formerly list_my-project-travaux-angers_travaux_angers_silver, now list_my-project-travaux-angers_travaux_angers_bronze)
[0m01:00:33.794026 [debug] [ThreadPool]: Opening a new connection, currently in state closed
[0m01:00:34.283336 [debug] [ThreadPool]: Re-using an available connection from the pool (formerly list_my-project-travaux-angers_travaux_angers_bronze, now list_my-project-travaux-angers_travaux_angers)
[0m01:00:34.285267 [debug] [ThreadPool]: Opening a new connection, currently in state closed
[0m01:00:34.771137 [debug] [ThreadPool]: Re-using an available connection from the pool (formerly list_my-project-travaux-angers_travaux_angers, now list_my-project-travaux-angers_travaux_angers_gold)
[0m01:00:34.773477 [debug] [ThreadPool]: Opening a new connection, currently in state closed
[0m01:00:35.240685 [debug] [MainThread]: Sending event: {'category': 'dbt', 'action': 'runnable_timing', 'label': 'bb3fe161-9150-42cc-bf7a-8f7d00ef8303', 'context': [<snowplow_tracker.self_describing_json.SelfDescribingJson object at 0x7f0ab6ff6b70>]}
[0m01:00:35.241874 [debug] [MainThread]: Opening a new connection, currently in state init
[0m01:00:35.312358 [debug] [Thread-1 (]: Began running node model.travaux_angers.fct_travaux_stats
[0m01:00:35.313344 [info ] [Thread-1 (]: 1 of 1 START sql table model travaux_angers_gold.fct_travaux_stats ............. [RUN]
[0m01:00:35.314206 [debug] [Thread-1 (]: Re-using an available connection from the pool (formerly list_my-project-travaux-angers_travaux_angers_gold, now model.travaux_angers.fct_travaux_stats)
[0m01:00:35.314823 [debug] [Thread-1 (]: Began compiling node model.travaux_angers.fct_travaux_stats
[0m01:00:35.328467 [debug] [Thread-1 (]: Writing injected SQL for node "model.travaux_angers.fct_travaux_stats"
[0m01:00:35.332120 [debug] [Thread-1 (]: Began executing node model.travaux_angers.fct_travaux_stats
[0m01:00:35.365280 [debug] [Thread-1 (]: Opening a new connection, currently in state closed
[0m01:00:35.913443 [debug] [Thread-1 (]: Writing runtime sql for node "model.travaux_angers.fct_travaux_stats"
[0m01:00:35.915177 [debug] [Thread-1 (]: On model.travaux_angers.fct_travaux_stats: /* {"app": "dbt", "dbt_version": "1.10.7", "profile_name": "travaux_angers", "target_name": "dev", "node_id": "model.travaux_angers.fct_travaux_stats"} */

  
    

    create or replace table `my-project-travaux-angers`.`travaux_angers_gold`.`fct_travaux_stats`
      
    
    

    
    OPTIONS()
    as (
      -- Modèle pour les analyses temporelles et les statistiques

WITH travaux_details AS (
    SELECT
        -- Clés et dimensions
        id,
        type as type_travaux,
        DATE_TRUNC(date_debut, DAY) as jour,  -- Changement à une granularité journalière

        -- Métriques temporelles
        DATE_DIFF(date_fin, date_debut, DAY) as duree_jours,
        CASE
            WHEN CURRENT_TIMESTAMP() BETWEEN date_debut AND date_fin THEN 1
            ELSE 0
        END as est_en_cours,

        -- Géolocalisation
        longitude,
        latitude,

        -- Autres informations
        titre,
        description,
        adresse
    FROM `my-project-travaux-angers`.`travaux_angers_silver`.`stg_travaux_angers`
),

statistiques_agregees AS (
    SELECT
        jour,
        type_travaux,
        -- Métriques d'agrégation
        COUNT(DISTINCT id) as nombre_travaux,
        SUM(est_en_cours) as travaux_en_cours,
        AVG(duree_jours) as duree_moyenne_jours,
        MIN(duree_jours) as duree_min_jours,
        MAX(duree_jours) as duree_max_jours,
        -- Coordonnées moyennes
        AVG(longitude) as longitude_moyenne,
        AVG(latitude) as latitude_moyenne,
        -- Liste des IDs pour jointure
        STRING_AGG(CAST(id as STRING), ',') as ids_travaux
    FROM travaux_details
    GROUP BY
        jour,
        type_travaux
)

SELECT
    -- Dimensions temporelles et type
    jour,
    type_travaux,
    ids_travaux,

    -- Métriques calculées
    nombre_travaux,
    travaux_en_cours,
    ROUND(duree_moyenne_jours, 1) as duree_moyenne_jours,
    duree_min_jours,
    duree_max_jours,

    -- Ratios et pourcentages
    SAFE_DIVIDE(travaux_en_cours, nombre_travaux) as ratio_actif,

    -- Position moyenne du groupe
    ST_GEOGPOINT(longitude_moyenne, latitude_moyenne) as position_representative,

    -- Horodatage
    CURRENT_TIMESTAMP() as _updated_at
FROM statistiques_agregees
ORDER BY
    jour DESC,
    nombre_travaux DESC
    );
  
[0m01:00:36.596018 [debug] [Thread-1 (]: BigQuery adapter: https://console.cloud.google.com/bigquery?project=my-project-travaux-angers&j=bq:US:75de129d-ac1f-47cc-9d64-efc5c02b6106&page=queryresults
[0m01:00:38.947779 [debug] [Thread-1 (]: Sending event: {'category': 'dbt', 'action': 'run_model', 'label': 'bb3fe161-9150-42cc-bf7a-8f7d00ef8303', 'context': [<snowplow_tracker.self_describing_json.SelfDescribingJson object at 0x7f0aba473920>]}
[0m01:00:38.949396 [info ] [Thread-1 (]: 1 of 1 OK created sql table model travaux_angers_gold.fct_travaux_stats ........ [[32mCREATE TABLE (31.0 rows, 512.2 KiB processed)[0m in 3.63s]
[0m01:00:38.950808 [debug] [Thread-1 (]: Finished running node model.travaux_angers.fct_travaux_stats
[0m01:00:38.953957 [debug] [MainThread]: Opening a new connection, currently in state closed
[0m01:00:39.029341 [debug] [MainThread]: Connection 'master' was properly closed.
[0m01:00:39.030214 [debug] [MainThread]: Connection 'model.travaux_angers.fct_travaux_stats' was properly closed.
[0m01:00:39.030943 [info ] [MainThread]: 
[0m01:00:39.033110 [info ] [MainThread]: Finished running 1 table model in 0 hours 0 minutes and 6.32 seconds (6.32s).
[0m01:00:39.035857 [debug] [MainThread]: Command end result
[0m01:00:39.100607 [debug] [MainThread]: Wrote artifact WritableManifest to /usr/ELT_Travaux_Angers/dbt/target/manifest.json
[0m01:00:39.104267 [debug] [MainThread]: Wrote artifact SemanticManifest to /usr/ELT_Travaux_Angers/dbt/target/semantic_manifest.json
[0m01:00:39.113658 [debug] [MainThread]: Wrote artifact RunExecutionResult to /usr/ELT_Travaux_Angers/dbt/target/run_results.json
[0m01:00:39.114370 [info ] [MainThread]: 
[0m01:00:39.115135 [info ] [MainThread]: [32mCompleted successfully[0m
[0m01:00:39.115891 [info ] [MainThread]: 
[0m01:00:39.116643 [info ] [MainThread]: Done. PASS=1 WARN=0 ERROR=0 SKIP=0 NO-OP=0 TOTAL=1
[0m01:00:39.120242 [debug] [MainThread]: Resource report: {"command_name": "run", "command_success": true, "command_wall_clock_time": 22.942833, "process_in_blocks": "0", "process_kernel_time": 8.638474, "process_mem_max_rss": "413548", "process_out_blocks": "4168", "process_user_time": 14.871805}
[0m01:00:39.121145 [debug] [MainThread]: Command `dbt run` succeeded at 01:00:39.120942 after 22.94 seconds
[0m01:00:39.121795 [debug] [MainThread]: Sending event: {'category': 'dbt', 'action': 'invocation', 'label': 'end', 'context': [<snowplow_tracker.self_describing_json.SelfDescribingJson object at 0x7f0aec63f770>, <snowplow_tracker.self_describing_json.SelfDescribingJson object at 0x7f0ab5a786e0>, <snowplow_tracker.self_describing_json.SelfDescribingJson object at 0x7f0ab6fca0c0>]}
[0m01:00:39.122285 [debug] [MainThread]: Flushing usage events
[0m01:00:39.565665 [debug] [MainThread]: An error was encountered while trying to flush usage events
[0m01:01:49.816680 [debug] [MainThread]: Sending event: {'category': 'dbt', 'action': 'invocation', 'label': 'start', 'context': [<snowplow_tracker.self_describing_json.SelfDescribingJson object at 0x7f8d266a9280>, <snowplow_tracker.self_describing_json.SelfDescribingJson object at 0x7f8d266a89e0>, <snowplow_tracker.self_describing_json.SelfDescribingJson object at 0x7f8d26d57d40>]}


============================== 01:01:49.828997 | 1cada37c-16e1-4d04-8264-81274a804bd9 ==============================
[0m01:01:49.828997 [info ] [MainThread]: Running with dbt=1.10.7
[0m01:01:49.830192 [debug] [MainThread]: running dbt with arguments {'printer_width': '80', 'indirect_selection': 'eager', 'write_json': 'True', 'log_cache_events': 'False', 'partial_parse': 'True', 'cache_selected_only': 'False', 'warn_error': 'None', 'debug': 'False', 'version_check': 'True', 'log_path': '/usr/ELT_Travaux_Angers/dbt/logs', 'fail_fast': 'False', 'profiles_dir': '/usr/ELT_Travaux_Angers/dbt', 'use_colors': 'True', 'use_experimental_parser': 'False', 'empty': 'False', 'quiet': 'False', 'no_print': 'None', 'warn_error_options': 'WarnErrorOptionsV2(error=[], warn=[], silence=[])', 'static_parser': 'True', 'log_format': 'default', 'introspect': 'True', 'target_path': 'None', 'invocation_command': 'dbt run --select fct_travaux_stats_daily fct_travaux_stats_monthly', 'send_anonymous_usage_stats': 'True'}
[0m01:01:55.490991 [debug] [MainThread]: Sending event: {'category': 'dbt', 'action': 'project_id', 'label': '1cada37c-16e1-4d04-8264-81274a804bd9', 'context': [<snowplow_tracker.self_describing_json.SelfDescribingJson object at 0x7f8cf20f4b60>]}
[0m01:01:55.613904 [debug] [MainThread]: Sending event: {'category': 'dbt', 'action': 'adapter_info', 'label': '1cada37c-16e1-4d04-8264-81274a804bd9', 'context': [<snowplow_tracker.self_describing_json.SelfDescribingJson object at 0x7f8d26aceea0>]}
[0m01:01:55.615543 [info ] [MainThread]: Registered adapter: bigquery=1.10.1
[0m01:01:55.929461 [debug] [MainThread]: checksum: 44f4b502e2ddc67beed4db71ce39b63f2d3b7fc0b96e49a69b096c8f6cc370bc, vars: {}, profile: , target: , version: 1.10.7
[0m01:01:56.246732 [debug] [MainThread]: Partial parsing enabled: 0 files deleted, 2 files added, 0 files changed.
[0m01:01:56.248048 [debug] [MainThread]: Partial parsing: added file: travaux_angers://models/gold/fct_travaux_stats_monthly.sql
[0m01:01:56.248554 [debug] [MainThread]: Partial parsing: added file: travaux_angers://models/gold/fct_travaux_stats_daily.sql
[0m01:01:57.036618 [debug] [MainThread]: Sending event: {'category': 'dbt', 'action': 'load_project', 'label': '1cada37c-16e1-4d04-8264-81274a804bd9', 'context': [<snowplow_tracker.self_describing_json.SelfDescribingJson object at 0x7f8cf159c440>]}
[0m01:01:57.238397 [debug] [MainThread]: Wrote artifact WritableManifest to /usr/ELT_Travaux_Angers/dbt/target/manifest.json
[0m01:01:57.244530 [debug] [MainThread]: Wrote artifact SemanticManifest to /usr/ELT_Travaux_Angers/dbt/target/semantic_manifest.json
[0m01:01:57.279891 [debug] [MainThread]: Sending event: {'category': 'dbt', 'action': 'resource_counts', 'label': '1cada37c-16e1-4d04-8264-81274a804bd9', 'context': [<snowplow_tracker.self_describing_json.SelfDescribingJson object at 0x7f8cf1913d10>]}
[0m01:01:57.280736 [info ] [MainThread]: Found 9 models, 1 analysis, 17 data tests, 1 source, 610 macros
[0m01:01:57.281305 [debug] [MainThread]: Sending event: {'category': 'dbt', 'action': 'runnable_timing', 'label': '1cada37c-16e1-4d04-8264-81274a804bd9', 'context': [<snowplow_tracker.self_describing_json.SelfDescribingJson object at 0x7f8cf1b2e270>]}
[0m01:01:57.284349 [info ] [MainThread]: 
[0m01:01:57.285442 [info ] [MainThread]: Concurrency: 1 threads (target='dev')
[0m01:01:57.286419 [info ] [MainThread]: 
[0m01:01:57.287681 [debug] [MainThread]: Acquiring new bigquery connection 'master'
[0m01:01:57.298057 [debug] [ThreadPool]: Acquiring new bigquery connection 'list_my-project-travaux-angers'
[0m01:01:57.299277 [debug] [ThreadPool]: Opening a new connection, currently in state init
[0m01:01:57.879510 [debug] [ThreadPool]: Re-using an available connection from the pool (formerly list_my-project-travaux-angers, now list_my-project-travaux-angers_travaux_angers_silver)
[0m01:01:57.881468 [debug] [ThreadPool]: Opening a new connection, currently in state closed
[0m01:01:58.487836 [debug] [ThreadPool]: Re-using an available connection from the pool (formerly list_my-project-travaux-angers_travaux_angers_silver, now list_my-project-travaux-angers_travaux_angers)
[0m01:01:58.489713 [debug] [ThreadPool]: Opening a new connection, currently in state closed
[0m01:01:58.972891 [debug] [ThreadPool]: Re-using an available connection from the pool (formerly list_my-project-travaux-angers_travaux_angers, now list_my-project-travaux-angers_travaux_angers_bronze)
[0m01:01:58.975788 [debug] [ThreadPool]: Opening a new connection, currently in state closed
[0m01:01:59.421418 [debug] [ThreadPool]: Re-using an available connection from the pool (formerly list_my-project-travaux-angers_travaux_angers_bronze, now list_my-project-travaux-angers_travaux_angers_gold)
[0m01:01:59.423786 [debug] [ThreadPool]: Opening a new connection, currently in state closed
[0m01:01:59.914304 [debug] [MainThread]: Sending event: {'category': 'dbt', 'action': 'runnable_timing', 'label': '1cada37c-16e1-4d04-8264-81274a804bd9', 'context': [<snowplow_tracker.self_describing_json.SelfDescribingJson object at 0x7f8cf1e7e870>]}
[0m01:01:59.915520 [debug] [MainThread]: Opening a new connection, currently in state init
[0m01:01:59.999555 [debug] [Thread-1 (]: Began running node model.travaux_angers.fct_travaux_stats_daily
[0m01:02:00.000925 [info ] [Thread-1 (]: 1 of 2 START sql table model travaux_angers_gold.fct_travaux_stats_daily ....... [RUN]
[0m01:02:00.002153 [debug] [Thread-1 (]: Re-using an available connection from the pool (formerly list_my-project-travaux-angers_travaux_angers_gold, now model.travaux_angers.fct_travaux_stats_daily)
[0m01:02:00.004058 [debug] [Thread-1 (]: Began compiling node model.travaux_angers.fct_travaux_stats_daily
[0m01:02:00.030448 [debug] [Thread-1 (]: Writing injected SQL for node "model.travaux_angers.fct_travaux_stats_daily"
[0m01:02:00.034249 [debug] [Thread-1 (]: Began executing node model.travaux_angers.fct_travaux_stats_daily
[0m01:02:00.173379 [debug] [Thread-1 (]: Writing runtime sql for node "model.travaux_angers.fct_travaux_stats_daily"
[0m01:02:00.179078 [debug] [Thread-1 (]: On model.travaux_angers.fct_travaux_stats_daily: /* {"app": "dbt", "dbt_version": "1.10.7", "profile_name": "travaux_angers", "target_name": "dev", "node_id": "model.travaux_angers.fct_travaux_stats_daily"} */

  
    

    create or replace table `my-project-travaux-angers`.`travaux_angers_gold`.`fct_travaux_stats_daily`
      
    
    

    
    OPTIONS()
    as (
      WITH travaux_details AS (
    SELECT
        -- Clés et dimensions
        id,
        type as type_travaux,
        DATE(date_debut) as jour,  -- Date journalière

        -- Métriques temporelles
        DATE_DIFF(date_fin, date_debut, DAY) as duree_jours,
        CASE
            WHEN CURRENT_TIMESTAMP() BETWEEN date_debut AND date_fin THEN 1
            ELSE 0
        END as est_en_cours,

        -- Géolocalisation
        longitude,
        latitude,

        -- Autres informations
        titre,
        description,
        adresse
    FROM `my-project-travaux-angers`.`travaux_angers_silver`.`stg_travaux_angers`
),

statistiques_journalieres AS (
    SELECT
        jour,
        type_travaux,
        -- Métriques d'agrégation
        COUNT(DISTINCT id) as nombre_travaux,
        SUM(est_en_cours) as travaux_en_cours,
        AVG(duree_jours) as duree_moyenne_jours,
        MIN(duree_jours) as duree_min_jours,
        MAX(duree_jours) as duree_max_jours,
        -- Coordonnées moyennes
        AVG(longitude) as longitude_moyenne,
        AVG(latitude) as latitude_moyenne,
        -- Liste des IDs pour jointure
        STRING_AGG(CAST(id as STRING), ',') as ids_travaux
    FROM travaux_details
    GROUP BY
        jour,
        type_travaux
)

SELECT
    -- Dimensions temporelles et type
    jour,
    type_travaux,
    ids_travaux,

    -- Métriques calculées
    nombre_travaux,
    travaux_en_cours,
    ROUND(duree_moyenne_jours, 1) as duree_moyenne_jours,
    duree_min_jours,
    duree_max_jours,

    -- Ratios et pourcentages
    SAFE_DIVIDE(travaux_en_cours, nombre_travaux) as ratio_actif,

    -- Position moyenne du groupe
    ST_GEOGPOINT(longitude_moyenne, latitude_moyenne) as position_representative,

    -- Horodatage
    CURRENT_TIMESTAMP() as _updated_at
FROM statistiques_journalieres
ORDER BY
    jour DESC,
    nombre_travaux DESC
    );
  
[0m01:02:00.180283 [debug] [Thread-1 (]: Opening a new connection, currently in state closed
[0m01:02:01.105360 [debug] [Thread-1 (]: BigQuery adapter: https://console.cloud.google.com/bigquery?project=my-project-travaux-angers&j=bq:US:c9ddb6dc-bbde-4e22-9a25-d68e208865a9&page=queryresults
[0m01:02:03.653432 [debug] [Thread-1 (]: Sending event: {'category': 'dbt', 'action': 'run_model', 'label': '1cada37c-16e1-4d04-8264-81274a804bd9', 'context': [<snowplow_tracker.self_describing_json.SelfDescribingJson object at 0x7f8d26d7bfb0>]}
[0m01:02:03.655960 [info ] [Thread-1 (]: 1 of 2 OK created sql table model travaux_angers_gold.fct_travaux_stats_daily .. [[32mCREATE TABLE (31.0 rows, 512.2 KiB processed)[0m in 3.65s]
[0m01:02:03.657531 [debug] [Thread-1 (]: Finished running node model.travaux_angers.fct_travaux_stats_daily
[0m01:02:03.658402 [debug] [Thread-1 (]: Began running node model.travaux_angers.fct_travaux_stats_monthly
[0m01:02:03.659522 [info ] [Thread-1 (]: 2 of 2 START sql table model travaux_angers_gold.fct_travaux_stats_monthly ..... [RUN]
[0m01:02:03.660576 [debug] [Thread-1 (]: Re-using an available connection from the pool (formerly model.travaux_angers.fct_travaux_stats_daily, now model.travaux_angers.fct_travaux_stats_monthly)
[0m01:02:03.661816 [debug] [Thread-1 (]: Began compiling node model.travaux_angers.fct_travaux_stats_monthly
[0m01:02:03.675163 [debug] [Thread-1 (]: Writing injected SQL for node "model.travaux_angers.fct_travaux_stats_monthly"
[0m01:02:03.677595 [debug] [Thread-1 (]: Began executing node model.travaux_angers.fct_travaux_stats_monthly
[0m01:02:03.687124 [debug] [Thread-1 (]: Writing runtime sql for node "model.travaux_angers.fct_travaux_stats_monthly"
[0m01:02:03.689575 [debug] [Thread-1 (]: On model.travaux_angers.fct_travaux_stats_monthly: /* {"app": "dbt", "dbt_version": "1.10.7", "profile_name": "travaux_angers", "target_name": "dev", "node_id": "model.travaux_angers.fct_travaux_stats_monthly"} */

  
    

    create or replace table `my-project-travaux-angers`.`travaux_angers_gold`.`fct_travaux_stats_monthly`
      
    
    

    
    OPTIONS()
    as (
      WITH travaux_details AS (
    SELECT
        -- Clés et dimensions
        id,
        type as type_travaux,
        DATE_TRUNC(date_debut, MONTH) as mois,  -- Date mensuelle

        -- Métriques temporelles
        DATE_DIFF(date_fin, date_debut, DAY) as duree_jours,
        CASE
            WHEN CURRENT_TIMESTAMP() BETWEEN date_debut AND date_fin THEN 1
            ELSE 0
        END as est_en_cours,

        -- Géolocalisation
        longitude,
        latitude,

        -- Autres informations
        titre,
        description,
        adresse
    FROM `my-project-travaux-angers`.`travaux_angers_silver`.`stg_travaux_angers`
),

statistiques_mensuelles AS (
    SELECT
        mois,
        type_travaux,
        -- Métriques d'agrégation
        COUNT(DISTINCT id) as nombre_travaux,
        SUM(est_en_cours) as travaux_en_cours,
        AVG(duree_jours) as duree_moyenne_jours,
        MIN(duree_jours) as duree_min_jours,
        MAX(duree_jours) as duree_max_jours,
        -- Statistiques additionnelles mensuelles
        COUNT(DISTINCT DATE(date_debut)) as nombre_jours_avec_nouveaux_travaux,
        -- Coordonnées moyennes
        AVG(longitude) as longitude_moyenne,
        AVG(latitude) as latitude_moyenne,
        -- Liste des IDs pour jointure
        STRING_AGG(CAST(id as STRING), ',') as ids_travaux
    FROM travaux_details
    GROUP BY
        mois,
        type_travaux
)

SELECT
    -- Dimensions temporelles et type
    mois,
    type_travaux,
    ids_travaux,

    -- Métriques calculées
    nombre_travaux,
    travaux_en_cours,
    ROUND(duree_moyenne_jours, 1) as duree_moyenne_jours,
    duree_min_jours,
    duree_max_jours,
    nombre_jours_avec_nouveaux_travaux,

    -- Ratios et pourcentages
    SAFE_DIVIDE(travaux_en_cours, nombre_travaux) as ratio_actif,

    -- Position moyenne du groupe
    ST_GEOGPOINT(longitude_moyenne, latitude_moyenne) as position_representative,

    -- Horodatage
    CURRENT_TIMESTAMP() as _updated_at
FROM statistiques_mensuelles
ORDER BY
    mois DESC,
    nombre_travaux DESC
    );
  
[0m01:02:03.690913 [debug] [Thread-1 (]: Opening a new connection, currently in state closed
[0m01:02:04.603629 [debug] [Thread-1 (]: BigQuery adapter: https://console.cloud.google.com/bigquery?project=my-project-travaux-angers&j=bq:US:aa731184-b336-4e15-92aa-321d570f6467&page=queryresults
[0m01:02:04.813757 [error] [Thread-1 (]: BigQuery adapter: https://console.cloud.google.com/bigquery?project=my-project-travaux-angers&j=bq:US:aa731184-b336-4e15-92aa-321d570f6467&page=queryresults
[0m01:02:04.845868 [debug] [Thread-1 (]: Database Error in model fct_travaux_stats_monthly (models/gold/fct_travaux_stats_monthly.sql)
  Unrecognized name: date_debut at [50:29]
  compiled code at target/run/travaux_angers/models/gold/fct_travaux_stats_monthly.sql
[0m01:02:04.846952 [debug] [Thread-1 (]: Sending event: {'category': 'dbt', 'action': 'run_model', 'label': '1cada37c-16e1-4d04-8264-81274a804bd9', 'context': [<snowplow_tracker.self_describing_json.SelfDescribingJson object at 0x7f8cc945ecc0>]}
[0m01:02:04.847936 [error] [Thread-1 (]: 2 of 2 ERROR creating sql table model travaux_angers_gold.fct_travaux_stats_monthly  [[31mERROR[0m in 1.19s]
[0m01:02:04.849491 [debug] [Thread-1 (]: Finished running node model.travaux_angers.fct_travaux_stats_monthly
[0m01:02:04.851073 [debug] [Thread-4 (]: Marking all children of 'model.travaux_angers.fct_travaux_stats_monthly' to be skipped because of status 'error'.  Reason: Database Error in model fct_travaux_stats_monthly (models/gold/fct_travaux_stats_monthly.sql)
  Unrecognized name: date_debut at [50:29]
  compiled code at target/run/travaux_angers/models/gold/fct_travaux_stats_monthly.sql.
[0m01:02:04.856364 [debug] [MainThread]: Opening a new connection, currently in state closed
[0m01:02:04.915263 [debug] [MainThread]: Connection 'master' was properly closed.
[0m01:02:04.916031 [debug] [MainThread]: Connection 'model.travaux_angers.fct_travaux_stats_monthly' was properly closed.
[0m01:02:04.916650 [info ] [MainThread]: 
[0m01:02:04.917246 [info ] [MainThread]: Finished running 2 table models in 0 hours 0 minutes and 7.63 seconds (7.63s).
[0m01:02:04.918848 [debug] [MainThread]: Command end result
[0m01:02:04.966714 [debug] [MainThread]: Wrote artifact WritableManifest to /usr/ELT_Travaux_Angers/dbt/target/manifest.json
[0m01:02:04.970294 [debug] [MainThread]: Wrote artifact SemanticManifest to /usr/ELT_Travaux_Angers/dbt/target/semantic_manifest.json
[0m01:02:04.982345 [debug] [MainThread]: Wrote artifact RunExecutionResult to /usr/ELT_Travaux_Angers/dbt/target/run_results.json
[0m01:02:04.983497 [info ] [MainThread]: 
[0m01:02:04.984534 [info ] [MainThread]: [31mCompleted with 1 error, 0 partial successes, and 0 warnings:[0m
[0m01:02:04.985643 [info ] [MainThread]: 
[0m01:02:04.986766 [error] [MainThread]: [31mFailure in model fct_travaux_stats_monthly (models/gold/fct_travaux_stats_monthly.sql)[0m
[0m01:02:04.987467 [error] [MainThread]:   Database Error in model fct_travaux_stats_monthly (models/gold/fct_travaux_stats_monthly.sql)
  Unrecognized name: date_debut at [50:29]
  compiled code at target/run/travaux_angers/models/gold/fct_travaux_stats_monthly.sql
[0m01:02:04.987921 [info ] [MainThread]: 
[0m01:02:04.988645 [info ] [MainThread]:   compiled code at target/compiled/travaux_angers/models/gold/fct_travaux_stats_monthly.sql
[0m01:02:04.989418 [info ] [MainThread]: 
[0m01:02:04.990223 [info ] [MainThread]: Done. PASS=1 WARN=0 ERROR=1 SKIP=0 NO-OP=0 TOTAL=2
[0m01:02:04.992321 [debug] [MainThread]: Resource report: {"command_name": "run", "command_success": false, "command_wall_clock_time": 15.279981, "process_in_blocks": "0", "process_kernel_time": 0.922783, "process_mem_max_rss": "413556", "process_out_blocks": "4272", "process_user_time": 12.290259}
[0m01:02:04.993350 [debug] [MainThread]: Command `dbt run` failed at 01:02:04.993146 after 15.28 seconds
[0m01:02:04.994046 [debug] [MainThread]: Sending event: {'category': 'dbt', 'action': 'invocation', 'label': 'end', 'context': [<snowplow_tracker.self_describing_json.SelfDescribingJson object at 0x7f8d262bf710>, <snowplow_tracker.self_describing_json.SelfDescribingJson object at 0x7f8d26da5ca0>, <snowplow_tracker.self_describing_json.SelfDescribingJson object at 0x7f8d26da4d40>]}
[0m01:02:04.994774 [debug] [MainThread]: Flushing usage events
[0m01:02:05.409279 [debug] [MainThread]: An error was encountered while trying to flush usage events
[0m01:04:25.508394 [debug] [MainThread]: Sending event: {'category': 'dbt', 'action': 'invocation', 'label': 'start', 'context': [<snowplow_tracker.self_describing_json.SelfDescribingJson object at 0x7f6506369c40>, <snowplow_tracker.self_describing_json.SelfDescribingJson object at 0x7f65063697c0>, <snowplow_tracker.self_describing_json.SelfDescribingJson object at 0x7f65048ff2f0>]}


============================== 01:04:25.519971 | 90fa234d-0abd-48e9-aab6-b5614a595531 ==============================
[0m01:04:25.519971 [info ] [MainThread]: Running with dbt=1.10.7
[0m01:04:25.521417 [debug] [MainThread]: running dbt with arguments {'printer_width': '80', 'indirect_selection': 'eager', 'write_json': 'True', 'log_cache_events': 'False', 'partial_parse': 'True', 'cache_selected_only': 'False', 'warn_error': 'None', 'debug': 'False', 'profiles_dir': '/usr/ELT_Travaux_Angers/dbt', 'log_path': '/usr/ELT_Travaux_Angers/dbt/logs', 'version_check': 'True', 'fail_fast': 'False', 'use_colors': 'True', 'use_experimental_parser': 'False', 'no_print': 'None', 'quiet': 'False', 'empty': 'False', 'log_format': 'default', 'static_parser': 'True', 'introspect': 'True', 'warn_error_options': 'WarnErrorOptionsV2(error=[], warn=[], silence=[])', 'target_path': 'None', 'invocation_command': 'dbt run --select fct_travaux_stats_monthly', 'send_anonymous_usage_stats': 'True'}
[0m01:04:33.825430 [debug] [MainThread]: Sending event: {'category': 'dbt', 'action': 'project_id', 'label': '90fa234d-0abd-48e9-aab6-b5614a595531', 'context': [<snowplow_tracker.self_describing_json.SelfDescribingJson object at 0x7f64cffdf290>]}
[0m01:04:33.958971 [debug] [MainThread]: Sending event: {'category': 'dbt', 'action': 'adapter_info', 'label': '90fa234d-0abd-48e9-aab6-b5614a595531', 'context': [<snowplow_tracker.self_describing_json.SelfDescribingJson object at 0x7f64d0c0a060>]}
[0m01:04:33.960781 [info ] [MainThread]: Registered adapter: bigquery=1.10.1
[0m01:04:34.249669 [debug] [MainThread]: checksum: 44f4b502e2ddc67beed4db71ce39b63f2d3b7fc0b96e49a69b096c8f6cc370bc, vars: {}, profile: , target: , version: 1.10.7
[0m01:04:34.535118 [debug] [MainThread]: Partial parsing enabled: 0 files deleted, 0 files added, 1 files changed.
[0m01:04:34.536587 [debug] [MainThread]: Partial parsing: updated file: travaux_angers://models/gold/fct_travaux_stats_monthly.sql
[0m01:04:35.173231 [debug] [MainThread]: Sending event: {'category': 'dbt', 'action': 'load_project', 'label': '90fa234d-0abd-48e9-aab6-b5614a595531', 'context': [<snowplow_tracker.self_describing_json.SelfDescribingJson object at 0x7f64cfa0a210>]}
[0m01:04:35.462704 [debug] [MainThread]: Wrote artifact WritableManifest to /usr/ELT_Travaux_Angers/dbt/target/manifest.json
[0m01:04:35.467745 [debug] [MainThread]: Wrote artifact SemanticManifest to /usr/ELT_Travaux_Angers/dbt/target/semantic_manifest.json
[0m01:04:35.512562 [debug] [MainThread]: Sending event: {'category': 'dbt', 'action': 'resource_counts', 'label': '90fa234d-0abd-48e9-aab6-b5614a595531', 'context': [<snowplow_tracker.self_describing_json.SelfDescribingJson object at 0x7f64cfc3f5f0>]}
[0m01:04:35.514427 [info ] [MainThread]: Found 9 models, 1 analysis, 17 data tests, 1 source, 610 macros
[0m01:04:35.515463 [debug] [MainThread]: Sending event: {'category': 'dbt', 'action': 'runnable_timing', 'label': '90fa234d-0abd-48e9-aab6-b5614a595531', 'context': [<snowplow_tracker.self_describing_json.SelfDescribingJson object at 0x7f64cf9388f0>]}
[0m01:04:35.518832 [info ] [MainThread]: 
[0m01:04:35.519519 [info ] [MainThread]: Concurrency: 1 threads (target='dev')
[0m01:04:35.520013 [info ] [MainThread]: 
[0m01:04:35.521183 [debug] [MainThread]: Acquiring new bigquery connection 'master'
[0m01:04:35.523944 [debug] [ThreadPool]: Acquiring new bigquery connection 'list_my-project-travaux-angers'
[0m01:04:35.524842 [debug] [ThreadPool]: Opening a new connection, currently in state init
[0m01:04:36.108805 [debug] [ThreadPool]: Re-using an available connection from the pool (formerly list_my-project-travaux-angers, now list_my-project-travaux-angers_travaux_angers_bronze)
[0m01:04:36.109958 [debug] [ThreadPool]: Opening a new connection, currently in state closed
[0m01:04:36.589981 [debug] [ThreadPool]: Re-using an available connection from the pool (formerly list_my-project-travaux-angers_travaux_angers_bronze, now list_my-project-travaux-angers_travaux_angers)
[0m01:04:36.591767 [debug] [ThreadPool]: Opening a new connection, currently in state closed
[0m01:04:37.078271 [debug] [ThreadPool]: Re-using an available connection from the pool (formerly list_my-project-travaux-angers_travaux_angers, now list_my-project-travaux-angers_travaux_angers_gold)
[0m01:04:37.080426 [debug] [ThreadPool]: Opening a new connection, currently in state closed
[0m01:04:37.567409 [debug] [ThreadPool]: Re-using an available connection from the pool (formerly list_my-project-travaux-angers_travaux_angers_gold, now list_my-project-travaux-angers_travaux_angers_silver)
[0m01:04:37.570294 [debug] [ThreadPool]: Opening a new connection, currently in state closed
[0m01:04:38.180136 [debug] [MainThread]: Sending event: {'category': 'dbt', 'action': 'runnable_timing', 'label': '90fa234d-0abd-48e9-aab6-b5614a595531', 'context': [<snowplow_tracker.self_describing_json.SelfDescribingJson object at 0x7f64cfe658e0>]}
[0m01:04:38.181902 [debug] [MainThread]: Opening a new connection, currently in state init
[0m01:04:38.243685 [debug] [Thread-1 (]: Began running node model.travaux_angers.fct_travaux_stats_monthly
[0m01:04:38.244736 [info ] [Thread-1 (]: 1 of 1 START sql table model travaux_angers_gold.fct_travaux_stats_monthly ..... [RUN]
[0m01:04:38.245573 [debug] [Thread-1 (]: Re-using an available connection from the pool (formerly list_my-project-travaux-angers_travaux_angers_silver, now model.travaux_angers.fct_travaux_stats_monthly)
[0m01:04:38.246081 [debug] [Thread-1 (]: Began compiling node model.travaux_angers.fct_travaux_stats_monthly
[0m01:04:38.259043 [debug] [Thread-1 (]: Writing injected SQL for node "model.travaux_angers.fct_travaux_stats_monthly"
[0m01:04:38.260542 [debug] [Thread-1 (]: Began executing node model.travaux_angers.fct_travaux_stats_monthly
[0m01:04:38.326217 [debug] [Thread-1 (]: Writing runtime sql for node "model.travaux_angers.fct_travaux_stats_monthly"
[0m01:04:38.327868 [debug] [Thread-1 (]: On model.travaux_angers.fct_travaux_stats_monthly: /* {"app": "dbt", "dbt_version": "1.10.7", "profile_name": "travaux_angers", "target_name": "dev", "node_id": "model.travaux_angers.fct_travaux_stats_monthly"} */

  
    

    create or replace table `my-project-travaux-angers`.`travaux_angers_gold`.`fct_travaux_stats_monthly`
      
    
    

    
    OPTIONS()
    as (
      WITH travaux_details AS (
    SELECT
        -- Clés et dimensions
        id,
        type as type_travaux,
        DATE_TRUNC(startat, MONTH) as mois,  -- Date mensuelle
        startat as date_debut,

        -- Métriques temporelles
        DATE_DIFF(endat, startat, DAY) as duree_jours,
        CASE
            WHEN CURRENT_TIMESTAMP() BETWEEN startat AND endat THEN 1
            ELSE 0
        END as est_en_cours,

        -- Géolocalisation
        coordinate_x as longitude,
        coordinate_y as latitude,

        -- Autres informations
        title as titre,
        description,
        address as adresse
    FROM `my-project-travaux-angers`.`travaux_angers`.`travaux_angers`
),

statistiques_mensuelles AS (
    SELECT
        mois,
        type_travaux,
        -- Métriques d'agrégation
        COUNT(DISTINCT id) as nombre_travaux,
        SUM(est_en_cours) as travaux_en_cours,
        AVG(duree_jours) as duree_moyenne_jours,
        MIN(duree_jours) as duree_min_jours,
        MAX(duree_jours) as duree_max_jours,
        -- Statistiques additionnelles mensuelles
        COUNT(DISTINCT DATE(date_debut)) as nombre_jours_avec_nouveaux_travaux,
        -- Coordonnées moyennes
        AVG(longitude) as longitude_moyenne,
        AVG(latitude) as latitude_moyenne,
        -- Liste des IDs pour jointure
        STRING_AGG(CAST(id as STRING), ',') as ids_travaux
    FROM travaux_details
    GROUP BY
        mois,
        type_travaux
)

SELECT
    -- Dimensions temporelles et type
    mois,
    type_travaux,
    ids_travaux,

    -- Métriques calculées
    nombre_travaux,
    travaux_en_cours,
    ROUND(duree_moyenne_jours, 1) as duree_moyenne_jours,
    duree_min_jours,
    duree_max_jours,
    nombre_jours_avec_nouveaux_travaux,

    -- Ratios et pourcentages
    SAFE_DIVIDE(travaux_en_cours, nombre_travaux) as ratio_actif,

    -- Position moyenne du groupe
    ST_GEOGPOINT(longitude_moyenne, latitude_moyenne) as position_representative,

    -- Horodatage
    CURRENT_TIMESTAMP() as _updated_at
FROM statistiques_mensuelles
ORDER BY
    mois DESC,
    nombre_travaux DESC
    );
  
[0m01:04:38.328715 [debug] [Thread-1 (]: Opening a new connection, currently in state closed
[0m01:04:39.271209 [debug] [Thread-1 (]: BigQuery adapter: https://console.cloud.google.com/bigquery?project=my-project-travaux-angers&j=bq:US:772479aa-a8a8-4173-9192-0426a9c788dc&page=queryresults
[0m01:04:39.510843 [error] [Thread-1 (]: BigQuery adapter: https://console.cloud.google.com/bigquery?project=my-project-travaux-angers&j=bq:US:772479aa-a8a8-4173-9192-0426a9c788dc&page=queryresults
[0m01:04:39.534943 [debug] [Thread-1 (]: Database Error in model fct_travaux_stats_monthly (models/gold/fct_travaux_stats_monthly.sql)
  Unrecognized name: coordinate_x at [30:9]
  compiled code at target/run/travaux_angers/models/gold/fct_travaux_stats_monthly.sql
[0m01:04:39.539613 [debug] [Thread-1 (]: Sending event: {'category': 'dbt', 'action': 'run_model', 'label': '90fa234d-0abd-48e9-aab6-b5614a595531', 'context': [<snowplow_tracker.self_describing_json.SelfDescribingJson object at 0x7f6505290bc0>]}
[0m01:04:39.541449 [error] [Thread-1 (]: 1 of 1 ERROR creating sql table model travaux_angers_gold.fct_travaux_stats_monthly  [[31mERROR[0m in 1.29s]
[0m01:04:39.543510 [debug] [Thread-1 (]: Finished running node model.travaux_angers.fct_travaux_stats_monthly
[0m01:04:39.545523 [debug] [Thread-4 (]: Marking all children of 'model.travaux_angers.fct_travaux_stats_monthly' to be skipped because of status 'error'.  Reason: Database Error in model fct_travaux_stats_monthly (models/gold/fct_travaux_stats_monthly.sql)
  Unrecognized name: coordinate_x at [30:9]
  compiled code at target/run/travaux_angers/models/gold/fct_travaux_stats_monthly.sql.
[0m01:04:39.550162 [debug] [MainThread]: Opening a new connection, currently in state closed
[0m01:04:39.621379 [debug] [MainThread]: Connection 'master' was properly closed.
[0m01:04:39.622180 [debug] [MainThread]: Connection 'model.travaux_angers.fct_travaux_stats_monthly' was properly closed.
[0m01:04:39.623277 [info ] [MainThread]: 
[0m01:04:39.623982 [info ] [MainThread]: Finished running 1 table model in 0 hours 0 minutes and 4.10 seconds (4.10s).
[0m01:04:39.626196 [debug] [MainThread]: Command end result
[0m01:04:39.690975 [debug] [MainThread]: Wrote artifact WritableManifest to /usr/ELT_Travaux_Angers/dbt/target/manifest.json
[0m01:04:39.695125 [debug] [MainThread]: Wrote artifact SemanticManifest to /usr/ELT_Travaux_Angers/dbt/target/semantic_manifest.json
[0m01:04:39.704719 [debug] [MainThread]: Wrote artifact RunExecutionResult to /usr/ELT_Travaux_Angers/dbt/target/run_results.json
[0m01:04:39.705248 [info ] [MainThread]: 
[0m01:04:39.705818 [info ] [MainThread]: [31mCompleted with 1 error, 0 partial successes, and 0 warnings:[0m
[0m01:04:39.706456 [info ] [MainThread]: 
[0m01:04:39.707251 [error] [MainThread]: [31mFailure in model fct_travaux_stats_monthly (models/gold/fct_travaux_stats_monthly.sql)[0m
[0m01:04:39.708391 [error] [MainThread]:   Database Error in model fct_travaux_stats_monthly (models/gold/fct_travaux_stats_monthly.sql)
  Unrecognized name: coordinate_x at [30:9]
  compiled code at target/run/travaux_angers/models/gold/fct_travaux_stats_monthly.sql
[0m01:04:39.709087 [info ] [MainThread]: 
[0m01:04:39.709848 [info ] [MainThread]:   compiled code at target/compiled/travaux_angers/models/gold/fct_travaux_stats_monthly.sql
[0m01:04:39.710614 [info ] [MainThread]: 
[0m01:04:39.711314 [info ] [MainThread]: Done. PASS=0 WARN=0 ERROR=1 SKIP=0 NO-OP=0 TOTAL=1
[0m01:04:39.716086 [debug] [MainThread]: Resource report: {"command_name": "run", "command_success": false, "command_wall_clock_time": 14.321024, "process_in_blocks": "0", "process_kernel_time": 3.546631, "process_mem_max_rss": "408868", "process_out_blocks": "4248", "process_user_time": 12.43847}
[0m01:04:39.717333 [debug] [MainThread]: Command `dbt run` failed at 01:04:39.717042 after 14.32 seconds
[0m01:04:39.717960 [debug] [MainThread]: Sending event: {'category': 'dbt', 'action': 'invocation', 'label': 'end', 'context': [<snowplow_tracker.self_describing_json.SelfDescribingJson object at 0x7f6504ea9c70>, <snowplow_tracker.self_describing_json.SelfDescribingJson object at 0x7f65043bfbf0>, <snowplow_tracker.self_describing_json.SelfDescribingJson object at 0x7f65043bef00>]}
[0m01:04:39.719191 [debug] [MainThread]: Flushing usage events
[0m01:04:40.167946 [debug] [MainThread]: An error was encountered while trying to flush usage events
[0m01:06:43.901318 [debug] [MainThread]: Sending event: {'category': 'dbt', 'action': 'invocation', 'label': 'start', 'context': [<snowplow_tracker.self_describing_json.SelfDescribingJson object at 0x7f191944c4d0>, <snowplow_tracker.self_describing_json.SelfDescribingJson object at 0x7f1918f543e0>, <snowplow_tracker.self_describing_json.SelfDescribingJson object at 0x7f191b608410>]}


============================== 01:06:43.906492 | 8e3749f2-3fe2-4a28-a5b5-144be6b9754b ==============================
[0m01:06:43.906492 [info ] [MainThread]: Running with dbt=1.10.7
[0m01:06:43.908092 [debug] [MainThread]: running dbt with arguments {'printer_width': '80', 'indirect_selection': 'eager', 'write_json': 'True', 'log_cache_events': 'False', 'partial_parse': 'True', 'cache_selected_only': 'False', 'profiles_dir': '/usr/ELT_Travaux_Angers/dbt', 'debug': 'False', 'version_check': 'True', 'log_path': '/usr/ELT_Travaux_Angers/dbt/logs', 'warn_error': 'None', 'fail_fast': 'False', 'use_colors': 'True', 'use_experimental_parser': 'False', 'empty': 'False', 'quiet': 'False', 'no_print': 'None', 'log_format': 'default', 'static_parser': 'True', 'warn_error_options': 'WarnErrorOptionsV2(error=[], warn=[], silence=[])', 'introspect': 'True', 'target_path': 'None', 'invocation_command': 'dbt run --select fct_travaux_stats_monthly', 'send_anonymous_usage_stats': 'True'}
[0m01:06:49.880465 [debug] [MainThread]: Sending event: {'category': 'dbt', 'action': 'project_id', 'label': '8e3749f2-3fe2-4a28-a5b5-144be6b9754b', 'context': [<snowplow_tracker.self_describing_json.SelfDescribingJson object at 0x7f18e4a26330>]}
[0m01:06:50.016857 [debug] [MainThread]: Sending event: {'category': 'dbt', 'action': 'adapter_info', 'label': '8e3749f2-3fe2-4a28-a5b5-144be6b9754b', 'context': [<snowplow_tracker.self_describing_json.SelfDescribingJson object at 0x7f19192202c0>]}
[0m01:06:50.018507 [info ] [MainThread]: Registered adapter: bigquery=1.10.1
[0m01:06:50.365200 [debug] [MainThread]: checksum: 44f4b502e2ddc67beed4db71ce39b63f2d3b7fc0b96e49a69b096c8f6cc370bc, vars: {}, profile: , target: , version: 1.10.7
[0m01:06:50.651699 [debug] [MainThread]: Partial parsing enabled: 0 files deleted, 0 files added, 1 files changed.
[0m01:06:50.653282 [debug] [MainThread]: Partial parsing: updated file: travaux_angers://models/gold/fct_travaux_stats_monthly.sql
[0m01:06:51.262341 [debug] [MainThread]: Sending event: {'category': 'dbt', 'action': 'load_project', 'label': '8e3749f2-3fe2-4a28-a5b5-144be6b9754b', 'context': [<snowplow_tracker.self_describing_json.SelfDescribingJson object at 0x7f18e2a460c0>]}
[0m01:06:51.488724 [debug] [MainThread]: Wrote artifact WritableManifest to /usr/ELT_Travaux_Angers/dbt/target/manifest.json
[0m01:06:51.492291 [debug] [MainThread]: Wrote artifact SemanticManifest to /usr/ELT_Travaux_Angers/dbt/target/semantic_manifest.json
[0m01:06:51.530308 [debug] [MainThread]: Sending event: {'category': 'dbt', 'action': 'resource_counts', 'label': '8e3749f2-3fe2-4a28-a5b5-144be6b9754b', 'context': [<snowplow_tracker.self_describing_json.SelfDescribingJson object at 0x7f18e4683c20>]}
[0m01:06:51.531828 [info ] [MainThread]: Found 9 models, 1 analysis, 17 data tests, 1 source, 610 macros
[0m01:06:51.532756 [debug] [MainThread]: Sending event: {'category': 'dbt', 'action': 'runnable_timing', 'label': '8e3749f2-3fe2-4a28-a5b5-144be6b9754b', 'context': [<snowplow_tracker.self_describing_json.SelfDescribingJson object at 0x7f18e44c6ba0>]}
[0m01:06:51.535415 [info ] [MainThread]: 
[0m01:06:51.536018 [info ] [MainThread]: Concurrency: 1 threads (target='dev')
[0m01:06:51.536669 [info ] [MainThread]: 
[0m01:06:51.538443 [debug] [MainThread]: Acquiring new bigquery connection 'master'
[0m01:06:51.540609 [debug] [ThreadPool]: Acquiring new bigquery connection 'list_my-project-travaux-angers'
[0m01:06:51.541225 [debug] [ThreadPool]: Opening a new connection, currently in state init
[0m01:06:52.075514 [debug] [ThreadPool]: Re-using an available connection from the pool (formerly list_my-project-travaux-angers, now list_my-project-travaux-angers_travaux_angers_silver)
[0m01:06:52.076283 [debug] [ThreadPool]: Opening a new connection, currently in state closed
[0m01:06:52.559600 [debug] [ThreadPool]: Re-using an available connection from the pool (formerly list_my-project-travaux-angers_travaux_angers_silver, now list_my-project-travaux-angers_travaux_angers_bronze)
[0m01:06:52.561434 [debug] [ThreadPool]: Opening a new connection, currently in state closed
[0m01:06:53.013255 [debug] [ThreadPool]: Re-using an available connection from the pool (formerly list_my-project-travaux-angers_travaux_angers_bronze, now list_my-project-travaux-angers_travaux_angers)
[0m01:06:53.014792 [debug] [ThreadPool]: Opening a new connection, currently in state closed
[0m01:06:53.545204 [debug] [ThreadPool]: Re-using an available connection from the pool (formerly list_my-project-travaux-angers_travaux_angers, now list_my-project-travaux-angers_travaux_angers_gold)
[0m01:06:53.546378 [debug] [ThreadPool]: Opening a new connection, currently in state closed
[0m01:06:53.993677 [debug] [MainThread]: Sending event: {'category': 'dbt', 'action': 'runnable_timing', 'label': '8e3749f2-3fe2-4a28-a5b5-144be6b9754b', 'context': [<snowplow_tracker.self_describing_json.SelfDescribingJson object at 0x7f18e4bd45c0>]}
[0m01:06:53.995132 [debug] [MainThread]: Opening a new connection, currently in state init
[0m01:06:54.080174 [debug] [Thread-1 (]: Began running node model.travaux_angers.fct_travaux_stats_monthly
[0m01:06:54.081722 [info ] [Thread-1 (]: 1 of 1 START sql table model travaux_angers_gold.fct_travaux_stats_monthly ..... [RUN]
[0m01:06:54.082974 [debug] [Thread-1 (]: Re-using an available connection from the pool (formerly list_my-project-travaux-angers_travaux_angers_gold, now model.travaux_angers.fct_travaux_stats_monthly)
[0m01:06:54.083831 [debug] [Thread-1 (]: Began compiling node model.travaux_angers.fct_travaux_stats_monthly
[0m01:06:54.106464 [debug] [Thread-1 (]: Writing injected SQL for node "model.travaux_angers.fct_travaux_stats_monthly"
[0m01:06:54.110309 [debug] [Thread-1 (]: Began executing node model.travaux_angers.fct_travaux_stats_monthly
[0m01:06:54.255421 [debug] [Thread-1 (]: Writing runtime sql for node "model.travaux_angers.fct_travaux_stats_monthly"
[0m01:06:54.261551 [debug] [Thread-1 (]: On model.travaux_angers.fct_travaux_stats_monthly: /* {"app": "dbt", "dbt_version": "1.10.7", "profile_name": "travaux_angers", "target_name": "dev", "node_id": "model.travaux_angers.fct_travaux_stats_monthly"} */

  
    

    create or replace table `my-project-travaux-angers`.`travaux_angers_gold`.`fct_travaux_stats_monthly`
      
    
    

    
    OPTIONS()
    as (
      WITH travaux_details AS (
    SELECT
        -- Clés et dimensions
        id,
        type as type_travaux,
        DATE_TRUNC(date_debut, MONTH) as mois,  -- Date mensuelle
        date_debut,
        date_fin,

        -- Métriques temporelles
        DATE_DIFF(date_fin, date_debut, DAY) as duree_jours,
        CASE
            WHEN CURRENT_TIMESTAMP() BETWEEN date_debut AND date_fin THEN 1
            ELSE 0
        END as est_en_cours,

        -- Géolocalisation
        longitude,
        latitude,

        -- Autres informations
        titre,
        description,
        adresse
    FROM `my-project-travaux-angers`.`travaux_angers_silver`.`stg_travaux_angers`
),

statistiques_mensuelles AS (
    SELECT
        mois,
        type_travaux,
        -- Métriques d'agrégation
        COUNT(DISTINCT id) as nombre_travaux,
        SUM(est_en_cours) as travaux_en_cours,
        AVG(duree_jours) as duree_moyenne_jours,
        MIN(duree_jours) as duree_min_jours,
        MAX(duree_jours) as duree_max_jours,
        -- Statistiques additionnelles mensuelles
        COUNT(DISTINCT DATE(date_debut)) as nombre_jours_avec_nouveaux_travaux,
        -- Coordonnées moyennes
        AVG(longitude) as longitude_moyenne,
        AVG(latitude) as latitude_moyenne,
        -- Liste des IDs pour jointure
        STRING_AGG(CAST(id as STRING), ',') as ids_travaux
    FROM travaux_details
    GROUP BY
        mois,
        type_travaux
)

SELECT
    -- Dimensions temporelles et type
    mois,
    type_travaux,
    ids_travaux,

    -- Métriques calculées
    nombre_travaux,
    travaux_en_cours,
    ROUND(duree_moyenne_jours, 1) as duree_moyenne_jours,
    duree_min_jours,
    duree_max_jours,
    nombre_jours_avec_nouveaux_travaux,

    -- Ratios et pourcentages
    SAFE_DIVIDE(travaux_en_cours, nombre_travaux) as ratio_actif,

    -- Position moyenne du groupe
    ST_GEOGPOINT(longitude_moyenne, latitude_moyenne) as position_representative,

    -- Horodatage
    CURRENT_TIMESTAMP() as _updated_at
FROM statistiques_mensuelles
ORDER BY
    mois DESC,
    nombre_travaux DESC
    );
  
[0m01:06:54.264174 [debug] [Thread-1 (]: Opening a new connection, currently in state closed
[0m01:06:55.264113 [debug] [Thread-1 (]: BigQuery adapter: https://console.cloud.google.com/bigquery?project=my-project-travaux-angers&j=bq:US:48cad55b-dc3e-42f1-9c41-e18b7906efb7&page=queryresults
[0m01:06:57.808775 [debug] [Thread-1 (]: Sending event: {'category': 'dbt', 'action': 'run_model', 'label': '8e3749f2-3fe2-4a28-a5b5-144be6b9754b', 'context': [<snowplow_tracker.self_describing_json.SelfDescribingJson object at 0x7f1919b10a10>]}
[0m01:06:57.810874 [info ] [Thread-1 (]: 1 of 1 OK created sql table model travaux_angers_gold.fct_travaux_stats_monthly  [[32mCREATE TABLE (8.0 rows, 512.2 KiB processed)[0m in 3.72s]
[0m01:06:57.812625 [debug] [Thread-1 (]: Finished running node model.travaux_angers.fct_travaux_stats_monthly
[0m01:06:57.826491 [debug] [MainThread]: Opening a new connection, currently in state closed
[0m01:06:57.965949 [debug] [MainThread]: Connection 'master' was properly closed.
[0m01:06:57.967188 [debug] [MainThread]: Connection 'model.travaux_angers.fct_travaux_stats_monthly' was properly closed.
[0m01:06:57.968173 [info ] [MainThread]: 
[0m01:06:57.969296 [info ] [MainThread]: Finished running 1 table model in 0 hours 0 minutes and 6.43 seconds (6.43s).
[0m01:06:57.972688 [debug] [MainThread]: Command end result
[0m01:06:58.066265 [debug] [MainThread]: Wrote artifact WritableManifest to /usr/ELT_Travaux_Angers/dbt/target/manifest.json
[0m01:06:58.072953 [debug] [MainThread]: Wrote artifact SemanticManifest to /usr/ELT_Travaux_Angers/dbt/target/semantic_manifest.json
[0m01:06:58.091544 [debug] [MainThread]: Wrote artifact RunExecutionResult to /usr/ELT_Travaux_Angers/dbt/target/run_results.json
[0m01:06:58.092691 [info ] [MainThread]: 
[0m01:06:58.093851 [info ] [MainThread]: [32mCompleted successfully[0m
[0m01:06:58.094988 [info ] [MainThread]: 
[0m01:06:58.096631 [info ] [MainThread]: Done. PASS=1 WARN=0 ERROR=0 SKIP=0 NO-OP=0 TOTAL=1
[0m01:06:58.099540 [debug] [MainThread]: Resource report: {"command_name": "run", "command_success": true, "command_wall_clock_time": 14.29227, "process_in_blocks": "0", "process_kernel_time": 0.997111, "process_mem_max_rss": "410596", "process_out_blocks": "4248", "process_user_time": 12.5495}
[0m01:06:58.100721 [debug] [MainThread]: Command `dbt run` succeeded at 01:06:58.100479 after 14.29 seconds
[0m01:06:58.101512 [debug] [MainThread]: Sending event: {'category': 'dbt', 'action': 'invocation', 'label': 'end', 'context': [<snowplow_tracker.self_describing_json.SelfDescribingJson object at 0x7f191978a060>, <snowplow_tracker.self_describing_json.SelfDescribingJson object at 0x7f1918b79460>, <snowplow_tracker.self_describing_json.SelfDescribingJson object at 0x7f18e2a3f560>]}
[0m01:06:58.102198 [debug] [MainThread]: Flushing usage events
[0m01:06:58.555578 [debug] [MainThread]: An error was encountered while trying to flush usage events
[0m01:55:01.563844 [debug] [MainThread]: Sending event: {'category': 'dbt', 'action': 'invocation', 'label': 'start', 'context': [<snowplow_tracker.self_describing_json.SelfDescribingJson object at 0x7f69151dcfb0>, <snowplow_tracker.self_describing_json.SelfDescribingJson object at 0x7f6914295fd0>, <snowplow_tracker.self_describing_json.SelfDescribingJson object at 0x7f6915fff080>]}


============================== 01:55:01.570356 | d1bb803e-33af-42a9-8b67-2b5a85ee50fe ==============================
[0m01:55:01.570356 [info ] [MainThread]: Running with dbt=1.10.7
[0m01:55:01.571378 [debug] [MainThread]: running dbt with arguments {'printer_width': '80', 'indirect_selection': 'eager', 'log_cache_events': 'False', 'write_json': 'True', 'partial_parse': 'True', 'cache_selected_only': 'False', 'warn_error': 'None', 'debug': 'False', 'version_check': 'True', 'log_path': '/usr/ELT_Travaux_Angers/dbt/logs', 'profiles_dir': '/usr/ELT_Travaux_Angers/dbt', 'fail_fast': 'False', 'use_colors': 'True', 'use_experimental_parser': 'False', 'empty': 'None', 'quiet': 'False', 'no_print': 'None', 'warn_error_options': 'WarnErrorOptionsV2(error=[], warn=[], silence=[])', 'static_parser': 'True', 'log_format': 'default', 'invocation_command': 'dbt deps', 'target_path': 'None', 'introspect': 'True', 'send_anonymous_usage_stats': 'True'}
[0m01:55:02.259259 [debug] [MainThread]: Sending event: {'category': 'dbt', 'action': 'project_id', 'label': 'd1bb803e-33af-42a9-8b67-2b5a85ee50fe', 'context': [<snowplow_tracker.self_describing_json.SelfDescribingJson object at 0x7f69132f6330>]}
[0m01:55:02.418354 [debug] [MainThread]: Set downloads directory='/tmp/dbt-downloads-jii32pcp'
[0m01:55:02.419520 [debug] [MainThread]: Making package index registry request: GET https://hub.getdbt.com/api/v1/index.json
[0m01:55:02.528005 [debug] [MainThread]: Response from registry index: GET https://hub.getdbt.com/api/v1/index.json 200
[0m01:55:02.531244 [debug] [MainThread]: Making package registry request: GET https://hub.getdbt.com/api/v1/dbt-labs/dbt_utils.json
[0m01:55:02.608039 [debug] [MainThread]: Response from registry: GET https://hub.getdbt.com/api/v1/dbt-labs/dbt_utils.json 200
[0m01:55:02.630356 [info ] [MainThread]: Installing dbt-labs/dbt_utils
[0m01:55:02.991035 [info ] [MainThread]: Installed from version 1.1.1
[0m01:55:02.991894 [info ] [MainThread]: Updated version available: 1.3.0
[0m01:55:02.992771 [debug] [MainThread]: Sending event: {'category': 'dbt', 'action': 'package', 'label': 'd1bb803e-33af-42a9-8b67-2b5a85ee50fe', 'property_': 'install', 'context': [<snowplow_tracker.self_describing_json.SelfDescribingJson object at 0x7f691347a7b0>, <snowplow_tracker.self_describing_json.SelfDescribingJson object at 0x7f6913478650>]}
[0m01:55:02.993300 [info ] [MainThread]: 
[0m01:55:02.993832 [info ] [MainThread]: Updates available for packages: ['dbt-labs/dbt_utils']                 
Update your versions in packages.yml, then run dbt deps
[0m01:55:02.995484 [debug] [MainThread]: Resource report: {"command_name": "deps", "command_success": true, "command_wall_clock_time": 1.5531727, "process_in_blocks": "30144", "process_kernel_time": 2.051196, "process_mem_max_rss": "128384", "process_out_blocks": "2232", "process_user_time": 6.492135}
[0m01:55:02.996159 [debug] [MainThread]: Command `dbt deps` succeeded at 01:55:02.995967 after 1.55 seconds
[0m01:55:02.996829 [debug] [MainThread]: Sending event: {'category': 'dbt', 'action': 'invocation', 'label': 'end', 'context': [<snowplow_tracker.self_describing_json.SelfDescribingJson object at 0x7f6913b0a240>, <snowplow_tracker.self_describing_json.SelfDescribingJson object at 0x7f6913b0aff0>, <snowplow_tracker.self_describing_json.SelfDescribingJson object at 0x7f6913b0ae70>]}
[0m01:55:02.997482 [debug] [MainThread]: Flushing usage events
[0m01:55:03.414974 [debug] [MainThread]: An error was encountered while trying to flush usage events
[0m01:55:10.471702 [debug] [MainThread]: Sending event: {'category': 'dbt', 'action': 'invocation', 'label': 'start', 'context': [<snowplow_tracker.self_describing_json.SelfDescribingJson object at 0x7f49eec4af60>, <snowplow_tracker.self_describing_json.SelfDescribingJson object at 0x7f49ecc1cbc0>, <snowplow_tracker.self_describing_json.SelfDescribingJson object at 0x7f49eec4af30>]}


============================== 01:55:10.477134 | 7ba249fa-c2ab-4108-b8b7-e47c0458e2b6 ==============================
[0m01:55:10.477134 [info ] [MainThread]: Running with dbt=1.10.7
[0m01:55:10.478057 [debug] [MainThread]: running dbt with arguments {'printer_width': '80', 'indirect_selection': 'eager', 'write_json': 'True', 'log_cache_events': 'False', 'partial_parse': 'True', 'cache_selected_only': 'False', 'warn_error': 'None', 'debug': 'False', 'version_check': 'True', 'log_path': '/usr/ELT_Travaux_Angers/dbt/logs', 'profiles_dir': '/usr/ELT_Travaux_Angers/dbt', 'fail_fast': 'False', 'use_colors': 'True', 'use_experimental_parser': 'False', 'no_print': 'None', 'quiet': 'False', 'empty': 'False', 'log_format': 'default', 'introspect': 'True', 'invocation_command': 'dbt run', 'static_parser': 'True', 'target_path': 'None', 'warn_error_options': 'WarnErrorOptionsV2(error=[], warn=[], silence=[])', 'send_anonymous_usage_stats': 'True'}
[0m01:55:29.272827 [debug] [MainThread]: Sending event: {'category': 'dbt', 'action': 'project_id', 'label': '7ba249fa-c2ab-4108-b8b7-e47c0458e2b6', 'context': [<snowplow_tracker.self_describing_json.SelfDescribingJson object at 0x7f49b7377bf0>]}
[0m01:55:29.521162 [debug] [MainThread]: Sending event: {'category': 'dbt', 'action': 'adapter_info', 'label': '7ba249fa-c2ab-4108-b8b7-e47c0458e2b6', 'context': [<snowplow_tracker.self_describing_json.SelfDescribingJson object at 0x7f49b7c21b50>]}
[0m01:55:29.522411 [info ] [MainThread]: Registered adapter: bigquery=1.10.1
[0m01:55:29.968135 [debug] [MainThread]: checksum: 44f4b502e2ddc67beed4db71ce39b63f2d3b7fc0b96e49a69b096c8f6cc370bc, vars: {}, profile: , target: , version: 1.10.7
[0m01:55:30.645264 [debug] [MainThread]: Partial parsing enabled: 0 files deleted, 0 files added, 1 files changed.
[0m01:55:30.647296 [debug] [MainThread]: Partial parsing: updated file: travaux_angers://models/gold/fct_travaux_stats_monthly.sql
[0m01:55:31.941969 [debug] [MainThread]: Sending event: {'category': 'dbt', 'action': 'load_project', 'label': '7ba249fa-c2ab-4108-b8b7-e47c0458e2b6', 'context': [<snowplow_tracker.self_describing_json.SelfDescribingJson object at 0x7f49b6e5fd70>]}
[0m01:55:32.235499 [debug] [MainThread]: Wrote artifact WritableManifest to /usr/ELT_Travaux_Angers/dbt/target/manifest.json
[0m01:55:32.239554 [debug] [MainThread]: Wrote artifact SemanticManifest to /usr/ELT_Travaux_Angers/dbt/target/semantic_manifest.json
[0m01:55:32.289107 [debug] [MainThread]: Sending event: {'category': 'dbt', 'action': 'resource_counts', 'label': '7ba249fa-c2ab-4108-b8b7-e47c0458e2b6', 'context': [<snowplow_tracker.self_describing_json.SelfDescribingJson object at 0x7f49b5507b90>]}
[0m01:55:32.290047 [info ] [MainThread]: Found 9 models, 1 analysis, 17 data tests, 1 source, 610 macros
[0m01:55:32.290693 [debug] [MainThread]: Sending event: {'category': 'dbt', 'action': 'runnable_timing', 'label': '7ba249fa-c2ab-4108-b8b7-e47c0458e2b6', 'context': [<snowplow_tracker.self_describing_json.SelfDescribingJson object at 0x7f49b6ea9bb0>]}
[0m01:55:32.294685 [info ] [MainThread]: 
[0m01:55:32.295389 [info ] [MainThread]: Concurrency: 1 threads (target='dev')
[0m01:55:32.295938 [info ] [MainThread]: 
[0m01:55:32.296804 [debug] [MainThread]: Acquiring new bigquery connection 'master'
[0m01:55:32.309283 [debug] [ThreadPool]: Acquiring new bigquery connection 'list_my-project-travaux-angers'
[0m01:55:32.312602 [debug] [ThreadPool]: Opening a new connection, currently in state init
[0m01:55:32.896419 [debug] [ThreadPool]: Opening a new connection, currently in state closed
[0m01:55:33.435680 [debug] [ThreadPool]: Opening a new connection, currently in state closed
[0m01:55:33.917430 [debug] [ThreadPool]: Opening a new connection, currently in state closed
[0m01:55:34.410374 [debug] [ThreadPool]: Re-using an available connection from the pool (formerly list_my-project-travaux-angers, now list_my-project-travaux-angers_travaux_angers_silver)
[0m01:55:34.411500 [debug] [ThreadPool]: Opening a new connection, currently in state closed
[0m01:55:34.901912 [debug] [ThreadPool]: Re-using an available connection from the pool (formerly list_my-project-travaux-angers_travaux_angers_silver, now list_my-project-travaux-angers_travaux_angers_bronze)
[0m01:55:34.904170 [debug] [ThreadPool]: Opening a new connection, currently in state closed
[0m01:55:35.507779 [debug] [ThreadPool]: Re-using an available connection from the pool (formerly list_my-project-travaux-angers_travaux_angers_bronze, now list_my-project-travaux-angers_travaux_angers_gold)
[0m01:55:35.509747 [debug] [ThreadPool]: Opening a new connection, currently in state closed
[0m01:55:36.020947 [debug] [ThreadPool]: Re-using an available connection from the pool (formerly list_my-project-travaux-angers_travaux_angers_gold, now list_my-project-travaux-angers_travaux_angers)
[0m01:55:36.023618 [debug] [ThreadPool]: Opening a new connection, currently in state closed
[0m01:55:36.594855 [debug] [MainThread]: Sending event: {'category': 'dbt', 'action': 'runnable_timing', 'label': '7ba249fa-c2ab-4108-b8b7-e47c0458e2b6', 'context': [<snowplow_tracker.self_describing_json.SelfDescribingJson object at 0x7f49b6f48350>]}
[0m01:55:36.596246 [debug] [MainThread]: Opening a new connection, currently in state init
[0m01:55:36.689221 [debug] [Thread-1 (]: Began running node model.travaux_angers.analyse_types
[0m01:55:36.690746 [info ] [Thread-1 (]: 1 of 9 START sql view model travaux_angers.analyse_types ....................... [RUN]
[0m01:55:36.692043 [debug] [Thread-1 (]: Re-using an available connection from the pool (formerly list_my-project-travaux-angers_travaux_angers, now model.travaux_angers.analyse_types)
[0m01:55:36.692941 [debug] [Thread-1 (]: Began compiling node model.travaux_angers.analyse_types
[0m01:55:36.719284 [debug] [Thread-1 (]: Writing injected SQL for node "model.travaux_angers.analyse_types"
[0m01:55:36.723937 [debug] [Thread-1 (]: Began executing node model.travaux_angers.analyse_types
[0m01:55:36.805982 [debug] [Thread-1 (]: Writing runtime sql for node "model.travaux_angers.analyse_types"
[0m01:55:36.808989 [debug] [Thread-1 (]: On model.travaux_angers.analyse_types: /* {"app": "dbt", "dbt_version": "1.10.7", "profile_name": "travaux_angers", "target_name": "dev", "node_id": "model.travaux_angers.analyse_types"} */


  create or replace view `my-project-travaux-angers`.`travaux_angers`.`analyse_types`
  OPTIONS()
  as 

SELECT
    type as type_travaux,
    COUNT(*) as nombre_total,
    COUNT(DISTINCT DATE_TRUNC(startat, MONTH)) as nombre_mois_distincts
FROM `my-project-travaux-angers`.`travaux_angers`.`travaux_angers`
GROUP BY type
ORDER BY nombre_total DESC;


[0m01:55:36.810190 [debug] [Thread-1 (]: Opening a new connection, currently in state closed
[0m01:55:37.589158 [debug] [Thread-1 (]: BigQuery adapter: https://console.cloud.google.com/bigquery?project=my-project-travaux-angers&j=bq:US:56a223c4-f4de-4445-9259-b1bfeef35d3d&page=queryresults
[0m01:55:38.922392 [debug] [Thread-1 (]: Sending event: {'category': 'dbt', 'action': 'run_model', 'label': '7ba249fa-c2ab-4108-b8b7-e47c0458e2b6', 'context': [<snowplow_tracker.self_describing_json.SelfDescribingJson object at 0x7f49b552b800>]}
[0m01:55:38.924109 [info ] [Thread-1 (]: 1 of 9 OK created sql view model travaux_angers.analyse_types .................. [[32mCREATE VIEW (0 processed)[0m in 2.23s]
[0m01:55:38.925529 [debug] [Thread-1 (]: Finished running node model.travaux_angers.analyse_types
[0m01:55:38.926257 [debug] [Thread-1 (]: Began running node model.travaux_angers.check_columns
[0m01:55:38.927567 [info ] [Thread-1 (]: 2 of 9 START sql view model travaux_angers.check_columns ....................... [RUN]
[0m01:55:38.928733 [debug] [Thread-1 (]: Re-using an available connection from the pool (formerly model.travaux_angers.analyse_types, now model.travaux_angers.check_columns)
[0m01:55:38.929471 [debug] [Thread-1 (]: Began compiling node model.travaux_angers.check_columns
[0m01:55:38.936058 [debug] [Thread-1 (]: Writing injected SQL for node "model.travaux_angers.check_columns"
[0m01:55:38.938056 [debug] [Thread-1 (]: Began executing node model.travaux_angers.check_columns
[0m01:55:38.944231 [debug] [Thread-1 (]: Writing runtime sql for node "model.travaux_angers.check_columns"
[0m01:55:38.945297 [debug] [Thread-1 (]: On model.travaux_angers.check_columns: /* {"app": "dbt", "dbt_version": "1.10.7", "profile_name": "travaux_angers", "target_name": "dev", "node_id": "model.travaux_angers.check_columns"} */


  create or replace view `my-project-travaux-angers`.`travaux_angers`.`check_columns`
  OPTIONS()
  as 

SELECT *
FROM `my-project-travaux-angers`.`travaux_angers`.`travaux_angers`
LIMIT 1;


[0m01:55:38.946644 [debug] [Thread-1 (]: Opening a new connection, currently in state closed
[0m01:55:39.663887 [debug] [Thread-1 (]: BigQuery adapter: https://console.cloud.google.com/bigquery?project=my-project-travaux-angers&j=bq:US:3e62cf15-68c2-4952-a76d-f48836a5f448&page=queryresults
[0m01:55:40.189139 [debug] [Thread-1 (]: Sending event: {'category': 'dbt', 'action': 'run_model', 'label': '7ba249fa-c2ab-4108-b8b7-e47c0458e2b6', 'context': [<snowplow_tracker.self_describing_json.SelfDescribingJson object at 0x7f49b4085940>]}
[0m01:55:40.200456 [info ] [Thread-1 (]: 2 of 9 OK created sql view model travaux_angers.check_columns .................. [[32mCREATE VIEW (0 processed)[0m in 1.26s]
[0m01:55:40.202194 [debug] [Thread-1 (]: Finished running node model.travaux_angers.check_columns
[0m01:55:40.203149 [debug] [Thread-1 (]: Began running node model.travaux_angers.check_source
[0m01:55:40.204534 [info ] [Thread-1 (]: 3 of 9 START sql view model travaux_angers.check_source ........................ [RUN]
[0m01:55:40.205627 [debug] [Thread-1 (]: Re-using an available connection from the pool (formerly model.travaux_angers.check_columns, now model.travaux_angers.check_source)
[0m01:55:40.214674 [debug] [Thread-1 (]: Began compiling node model.travaux_angers.check_source
[0m01:55:40.233549 [debug] [Thread-1 (]: Writing injected SQL for node "model.travaux_angers.check_source"
[0m01:55:40.238358 [debug] [Thread-1 (]: Began executing node model.travaux_angers.check_source
[0m01:55:40.245447 [debug] [Thread-1 (]: Writing runtime sql for node "model.travaux_angers.check_source"
[0m01:55:40.253699 [debug] [Thread-1 (]: On model.travaux_angers.check_source: /* {"app": "dbt", "dbt_version": "1.10.7", "profile_name": "travaux_angers", "target_name": "dev", "node_id": "model.travaux_angers.check_source"} */


  create or replace view `my-project-travaux-angers`.`travaux_angers`.`check_source`
  OPTIONS()
  as 

SELECT
    column_name,
    data_type
FROM `my-project-travaux-angers`.`travaux_angers`.`travaux_angers`.INFORMATION_SCHEMA.COLUMNS
WHERE table_name = 'travaux_angers'
ORDER BY ordinal_position;


[0m01:55:40.254934 [debug] [Thread-1 (]: Opening a new connection, currently in state closed
[0m01:55:40.759597 [debug] [Thread-1 (]: BigQuery adapter: https://console.cloud.google.com/bigquery?project=my-project-travaux-angers&j=bq:US:09534762-6cbc-4f75-9e07-309e07db83ef&page=queryresults
[0m01:55:40.761137 [error] [Thread-1 (]: BigQuery adapter: https://console.cloud.google.com/bigquery?project=my-project-travaux-angers&j=bq:US:09534762-6cbc-4f75-9e07-309e07db83ef&page=queryresults
[0m01:55:40.808483 [debug] [Thread-1 (]: Database Error in model check_source (models/check_source.sql)
  Invalid project ID 'my-project-travaux-angers.travaux_angers'. Project IDs must contain 6-63 lowercase letters, digits, or dashes. Some project IDs also include domain name separated by a colon. IDs must start with a letter and may not end with a dash.
  compiled code at target/run/travaux_angers/models/check_source.sql
[0m01:55:40.809769 [debug] [Thread-1 (]: Sending event: {'category': 'dbt', 'action': 'run_model', 'label': '7ba249fa-c2ab-4108-b8b7-e47c0458e2b6', 'context': [<snowplow_tracker.self_describing_json.SelfDescribingJson object at 0x7f49b754aea0>]}
[0m01:55:40.814776 [error] [Thread-1 (]: 3 of 9 ERROR creating sql view model travaux_angers.check_source ............... [[31mERROR[0m in 0.60s]
[0m01:55:40.816523 [debug] [Thread-1 (]: Finished running node model.travaux_angers.check_source
[0m01:55:40.817410 [debug] [Thread-1 (]: Began running node model.travaux_angers.fct_travaux_stats_monthly
[0m01:55:40.818430 [debug] [Thread-4 (]: Marking all children of 'model.travaux_angers.check_source' to be skipped because of status 'error'.  Reason: Database Error in model check_source (models/check_source.sql)
  Invalid project ID 'my-project-travaux-angers.travaux_angers'. Project IDs must contain 6-63 lowercase letters, digits, or dashes. Some project IDs also include domain name separated by a colon. IDs must start with a letter and may not end with a dash.
  compiled code at target/run/travaux_angers/models/check_source.sql.
[0m01:55:40.819845 [info ] [Thread-1 (]: 4 of 9 START sql table model travaux_angers_gold.fct_travaux_stats_monthly ..... [RUN]
[0m01:55:40.822751 [debug] [Thread-1 (]: Re-using an available connection from the pool (formerly model.travaux_angers.check_source, now model.travaux_angers.fct_travaux_stats_monthly)
[0m01:55:40.823681 [debug] [Thread-1 (]: Began compiling node model.travaux_angers.fct_travaux_stats_monthly
[0m01:55:40.831187 [debug] [Thread-1 (]: Writing injected SQL for node "model.travaux_angers.fct_travaux_stats_monthly"
[0m01:55:40.833083 [debug] [Thread-1 (]: Began executing node model.travaux_angers.fct_travaux_stats_monthly
[0m01:55:40.865116 [debug] [Thread-1 (]: Opening a new connection, currently in state closed
[0m01:55:41.411833 [debug] [Thread-1 (]: Writing runtime sql for node "model.travaux_angers.fct_travaux_stats_monthly"
[0m01:55:41.413651 [debug] [Thread-1 (]: On model.travaux_angers.fct_travaux_stats_monthly: /* {"app": "dbt", "dbt_version": "1.10.7", "profile_name": "travaux_angers", "target_name": "dev", "node_id": "model.travaux_angers.fct_travaux_stats_monthly"} */

  
    

    create or replace table `my-project-travaux-angers`.`travaux_angers_gold`.`fct_travaux_stats_monthly`
      
    
    

    
    OPTIONS()
    as (
      WITH travaux_details AS (
    SELECT
        -- Clés et dimensions
        id,
        type as type_travaux,
        DATE_TRUNC(startat, MONTH) as mois,  -- Date mensuelle
        startat as date_debut,

        -- Métriques temporelles
        DATE_DIFF(endat, startat, DAY) as duree_jours,
        CASE
            WHEN CURRENT_TIMESTAMP() BETWEEN startat AND endat THEN 1
            ELSE 0
        END as est_en_cours,

        -- Géolocalisation
        coordinate_x as longitude,
        coordinate_y as latitude,

        -- Autres informations
        title as titre,
        description,
        address as adresse
    FROM `my-project-travaux-angers`.`travaux_angers`.`travaux_angers`
),

statistiques_mensuelles AS (
    SELECT
        mois,
        type_travaux,
        -- Métriques d'agrégation
        COUNT(DISTINCT id) as nombre_travaux,
        SUM(est_en_cours) as travaux_en_cours,
        AVG(duree_jours) as duree_moyenne_jours,
        MIN(duree_jours) as duree_min_jours,
        MAX(duree_jours) as duree_max_jours,
        -- Statistiques additionnelles mensuelles
        COUNT(DISTINCT DATE(date_debut)) as nombre_jours_avec_nouveaux_travaux,
        -- Coordonnées moyennes
        AVG(longitude) as longitude_moyenne,
        AVG(latitude) as latitude_moyenne,
        -- Liste des IDs pour jointure
        STRING_AGG(CAST(id as STRING), ',') as ids_travaux
    FROM travaux_details
    GROUP BY
        mois,
        type_travaux
)

SELECT
    -- Dimensions temporelles et type
    mois,
    type_travaux,
    ids_travaux,

    -- Métriques calculées
    nombre_travaux,
    travaux_en_cours,
    ROUND(duree_moyenne_jours, 1) as duree_moyenne_jours,
    duree_min_jours,
    duree_max_jours,
    nombre_jours_avec_nouveaux_travaux,

    -- Ratios et pourcentages
    SAFE_DIVIDE(travaux_en_cours, nombre_travaux) as ratio_actif,

    -- Position moyenne du groupe
    ST_GEOGPOINT(longitude_moyenne, latitude_moyenne) as position_representative,

    -- Horodatage
    CURRENT_TIMESTAMP() as _updated_at
FROM statistiques_mensuelles
ORDER BY
    mois DESC,
    nombre_travaux DESC
    );
  
[0m01:55:41.982624 [debug] [Thread-1 (]: BigQuery adapter: https://console.cloud.google.com/bigquery?project=my-project-travaux-angers&j=bq:US:bff18d19-8e1a-45cd-be66-0dbb37c45795&page=queryresults
[0m01:55:43.111466 [error] [Thread-1 (]: BigQuery adapter: https://console.cloud.google.com/bigquery?project=my-project-travaux-angers&j=bq:US:bff18d19-8e1a-45cd-be66-0dbb37c45795&page=queryresults
[0m01:55:43.142340 [debug] [Thread-1 (]: Database Error in model fct_travaux_stats_monthly (models/gold/fct_travaux_stats_monthly.sql)
  Unrecognized name: coordinate_x at [30:9]
  compiled code at target/run/travaux_angers/models/gold/fct_travaux_stats_monthly.sql
[0m01:55:43.143498 [debug] [Thread-1 (]: Sending event: {'category': 'dbt', 'action': 'run_model', 'label': '7ba249fa-c2ab-4108-b8b7-e47c0458e2b6', 'context': [<snowplow_tracker.self_describing_json.SelfDescribingJson object at 0x7f49b42072c0>]}
[0m01:55:43.144511 [error] [Thread-1 (]: 4 of 9 ERROR creating sql table model travaux_angers_gold.fct_travaux_stats_monthly  [[31mERROR[0m in 2.32s]
[0m01:55:43.145476 [debug] [Thread-1 (]: Finished running node model.travaux_angers.fct_travaux_stats_monthly
[0m01:55:43.146133 [debug] [Thread-1 (]: Began running node model.travaux_angers.src_travaux_angers
[0m01:55:43.146854 [debug] [Thread-4 (]: Marking all children of 'model.travaux_angers.fct_travaux_stats_monthly' to be skipped because of status 'error'.  Reason: Database Error in model fct_travaux_stats_monthly (models/gold/fct_travaux_stats_monthly.sql)
  Unrecognized name: coordinate_x at [30:9]
  compiled code at target/run/travaux_angers/models/gold/fct_travaux_stats_monthly.sql.
[0m01:55:43.147586 [info ] [Thread-1 (]: 5 of 9 START sql view model travaux_angers_bronze.src_travaux_angers ........... [RUN]
[0m01:55:43.148761 [debug] [Thread-1 (]: Re-using an available connection from the pool (formerly model.travaux_angers.fct_travaux_stats_monthly, now model.travaux_angers.src_travaux_angers)
[0m01:55:43.149229 [debug] [Thread-1 (]: Began compiling node model.travaux_angers.src_travaux_angers
[0m01:55:43.155678 [debug] [Thread-1 (]: Writing injected SQL for node "model.travaux_angers.src_travaux_angers"
[0m01:55:43.158647 [debug] [Thread-1 (]: Began executing node model.travaux_angers.src_travaux_angers
[0m01:55:43.163876 [debug] [Thread-1 (]: Writing runtime sql for node "model.travaux_angers.src_travaux_angers"
[0m01:55:43.165303 [debug] [Thread-1 (]: On model.travaux_angers.src_travaux_angers: /* {"app": "dbt", "dbt_version": "1.10.7", "profile_name": "travaux_angers", "target_name": "dev", "node_id": "model.travaux_angers.src_travaux_angers"} */


  create or replace view `my-project-travaux-angers`.`travaux_angers_bronze`.`src_travaux_angers`
  OPTIONS()
  as -- bronze/src_travaux_angers.sql
-- Source brute des données de travaux
SELECT
    *,
    CURRENT_TIMESTAMP() as _loaded_at
FROM `my-project-travaux-angers`.`travaux_angers`.`travaux_angers`;


[0m01:55:43.165935 [debug] [Thread-1 (]: Opening a new connection, currently in state closed
[0m01:55:43.827923 [debug] [Thread-1 (]: BigQuery adapter: https://console.cloud.google.com/bigquery?project=my-project-travaux-angers&j=bq:US:f7908be1-3198-44ca-8826-01eda472e4f6&page=queryresults
[0m01:55:44.300411 [debug] [Thread-1 (]: Sending event: {'category': 'dbt', 'action': 'run_model', 'label': '7ba249fa-c2ab-4108-b8b7-e47c0458e2b6', 'context': [<snowplow_tracker.self_describing_json.SelfDescribingJson object at 0x7f49b6f0b290>]}
[0m01:55:44.301648 [info ] [Thread-1 (]: 5 of 9 OK created sql view model travaux_angers_bronze.src_travaux_angers ...... [[32mCREATE VIEW (0 processed)[0m in 1.15s]
[0m01:55:44.302567 [debug] [Thread-1 (]: Finished running node model.travaux_angers.src_travaux_angers
[0m01:55:44.304356 [debug] [Thread-1 (]: Began running node model.travaux_angers.stg_travaux_angers
[0m01:55:44.305041 [info ] [Thread-1 (]: 6 of 9 START sql table model travaux_angers_silver.stg_travaux_angers .......... [RUN]
[0m01:55:44.305686 [debug] [Thread-1 (]: Re-using an available connection from the pool (formerly model.travaux_angers.src_travaux_angers, now model.travaux_angers.stg_travaux_angers)
[0m01:55:44.306172 [debug] [Thread-1 (]: Began compiling node model.travaux_angers.stg_travaux_angers
[0m01:55:44.311797 [debug] [Thread-1 (]: Writing injected SQL for node "model.travaux_angers.stg_travaux_angers"
[0m01:55:44.314018 [debug] [Thread-1 (]: Began executing node model.travaux_angers.stg_travaux_angers
[0m01:55:44.317422 [debug] [Thread-1 (]: Opening a new connection, currently in state closed
[0m01:55:44.721592 [debug] [Thread-1 (]: Writing runtime sql for node "model.travaux_angers.stg_travaux_angers"
[0m01:55:44.723406 [debug] [Thread-1 (]: On model.travaux_angers.stg_travaux_angers: /* {"app": "dbt", "dbt_version": "1.10.7", "profile_name": "travaux_angers", "target_name": "dev", "node_id": "model.travaux_angers.stg_travaux_angers"} */

  
    

    create or replace table `my-project-travaux-angers`.`travaux_angers_silver`.`stg_travaux_angers`
      
    
    

    
    OPTIONS()
    as (
      -- silver/stg_travaux_angers.sql
-- Données nettoyées et standardisées
WITH source AS (
    SELECT * FROM `my-project-travaux-angers`.`travaux_angers_bronze`.`src_travaux_angers`
)

SELECT
    -- Informations de base
    id,
    title as titre,
    description,
    address as adresse,

    -- Dates et durée
    TIMESTAMP(startat) as date_debut,
    TIMESTAMP(endat) as date_fin,

    -- Informations sur le trafic et le type
    traffic as impact_trafic,
    type,

    -- Coordonnées géographiques (extraites du geo_point_2d)
    CAST(JSON_EXTRACT(geo_point_2d, '$.lon') as FLOAT64) as longitude,
    CAST(JSON_EXTRACT(geo_point_2d, '$.lat') as FLOAT64) as latitude,

    -- Informations de contact
    contact,
    email,

    -- Métadonnées
    istramway as est_tramway,
    idparking as id_parking,

    -- Horodatage de mise à jour
    CURRENT_TIMESTAMP() as _updated_at
FROM source
    );
  
[0m01:55:45.391673 [debug] [Thread-1 (]: BigQuery adapter: https://console.cloud.google.com/bigquery?project=my-project-travaux-angers&j=bq:US:0621e7b5-a7ce-4094-9d44-7b3e63bb9cb2&page=queryresults
[0m01:55:47.588130 [debug] [Thread-1 (]: Sending event: {'category': 'dbt', 'action': 'run_model', 'label': '7ba249fa-c2ab-4108-b8b7-e47c0458e2b6', 'context': [<snowplow_tracker.self_describing_json.SelfDescribingJson object at 0x7f49ed93bbf0>]}
[0m01:55:47.589711 [info ] [Thread-1 (]: 6 of 9 OK created sql table model travaux_angers_silver.stg_travaux_angers ..... [[32mCREATE TABLE (12.2k rows, 3.8 MiB processed)[0m in 3.28s]
[0m01:55:47.590765 [debug] [Thread-1 (]: Finished running node model.travaux_angers.stg_travaux_angers
[0m01:55:47.592605 [debug] [Thread-1 (]: Began running node model.travaux_angers.dim_travaux_details
[0m01:55:47.593382 [info ] [Thread-1 (]: 7 of 9 START sql table model travaux_angers_gold.dim_travaux_details ........... [RUN]
[0m01:55:47.594140 [debug] [Thread-1 (]: Re-using an available connection from the pool (formerly model.travaux_angers.stg_travaux_angers, now model.travaux_angers.dim_travaux_details)
[0m01:55:47.594607 [debug] [Thread-1 (]: Began compiling node model.travaux_angers.dim_travaux_details
[0m01:55:47.600260 [debug] [Thread-1 (]: Writing injected SQL for node "model.travaux_angers.dim_travaux_details"
[0m01:55:47.601490 [debug] [Thread-1 (]: Began executing node model.travaux_angers.dim_travaux_details
[0m01:55:47.608348 [debug] [Thread-1 (]: Opening a new connection, currently in state closed
[0m01:55:48.077269 [debug] [Thread-1 (]: Writing runtime sql for node "model.travaux_angers.dim_travaux_details"
[0m01:55:48.078785 [debug] [Thread-1 (]: On model.travaux_angers.dim_travaux_details: /* {"app": "dbt", "dbt_version": "1.10.7", "profile_name": "travaux_angers", "target_name": "dev", "node_id": "model.travaux_angers.dim_travaux_details"} */

  
    

    create or replace table `my-project-travaux-angers`.`travaux_angers_gold`.`dim_travaux_details`
      
    
    

    
    OPTIONS()
    as (
      -- Modèle pour la visualisation des travaux actifs et leurs caractéristiques
WITH travaux_enrichis AS (
    SELECT
        *,
        TIMESTAMP_DIFF(date_fin, date_debut, DAY) as duree_jours,
        CASE
            WHEN CURRENT_TIMESTAMP() BETWEEN date_debut AND date_fin THEN 'En cours'
            WHEN CURRENT_TIMESTAMP() < date_debut THEN 'À venir'
            ELSE 'Terminé'
        END as statut
    FROM `my-project-travaux-angers`.`travaux_angers_silver`.`stg_travaux_angers`
)

SELECT
    id,
    titre,
    date_debut,
    date_fin,
    duree_jours,
    longitude,
    latitude,
    type as type_travaux,
    description,
    adresse,
    statut,
    est_tramway,
    id_parking,
    contact,
    email,
    _updated_at,
    -- Création d'une géométrie pour la visualisation cartographique
    ST_GEOGPOINT(longitude, latitude) as position
FROM travaux_enrichis
    );
  
[0m01:55:49.268239 [debug] [Thread-1 (]: BigQuery adapter: https://console.cloud.google.com/bigquery?project=my-project-travaux-angers&j=bq:US:1a1eb290-184f-4a3b-8277-cd56b70ea70e&page=queryresults
[0m01:55:51.729002 [debug] [Thread-1 (]: Sending event: {'category': 'dbt', 'action': 'run_model', 'label': '7ba249fa-c2ab-4108-b8b7-e47c0458e2b6', 'context': [<snowplow_tracker.self_describing_json.SelfDescribingJson object at 0x7f49b40c60f0>]}
[0m01:55:51.730552 [info ] [Thread-1 (]: 7 of 9 OK created sql table model travaux_angers_gold.dim_travaux_details ...... [[32mCREATE TABLE (12.2k rows, 3.5 MiB processed)[0m in 4.13s]
[0m01:55:51.731933 [debug] [Thread-1 (]: Finished running node model.travaux_angers.dim_travaux_details
[0m01:55:51.732810 [debug] [Thread-1 (]: Began running node model.travaux_angers.fct_travaux_stats
[0m01:55:51.734015 [info ] [Thread-1 (]: 8 of 9 START sql table model travaux_angers_gold.fct_travaux_stats ............. [RUN]
[0m01:55:51.734947 [debug] [Thread-1 (]: Re-using an available connection from the pool (formerly model.travaux_angers.dim_travaux_details, now model.travaux_angers.fct_travaux_stats)
[0m01:55:51.735702 [debug] [Thread-1 (]: Began compiling node model.travaux_angers.fct_travaux_stats
[0m01:55:51.743585 [debug] [Thread-1 (]: Writing injected SQL for node "model.travaux_angers.fct_travaux_stats"
[0m01:55:51.745559 [debug] [Thread-1 (]: Began executing node model.travaux_angers.fct_travaux_stats
[0m01:55:51.752661 [debug] [Thread-1 (]: Opening a new connection, currently in state closed
[0m01:55:52.170356 [debug] [Thread-1 (]: Writing runtime sql for node "model.travaux_angers.fct_travaux_stats"
[0m01:55:52.172672 [debug] [Thread-1 (]: On model.travaux_angers.fct_travaux_stats: /* {"app": "dbt", "dbt_version": "1.10.7", "profile_name": "travaux_angers", "target_name": "dev", "node_id": "model.travaux_angers.fct_travaux_stats"} */

  
    

    create or replace table `my-project-travaux-angers`.`travaux_angers_gold`.`fct_travaux_stats`
      
    
    

    
    OPTIONS()
    as (
      -- Modèle pour les analyses temporelles et les statistiques

WITH travaux_details AS (
    SELECT
        -- Clés et dimensions
        id,
        type as type_travaux,
        DATE_TRUNC(date_debut, DAY) as jour,  -- Changement à une granularité journalière

        -- Métriques temporelles
        DATE_DIFF(date_fin, date_debut, DAY) as duree_jours,
        CASE
            WHEN CURRENT_TIMESTAMP() BETWEEN date_debut AND date_fin THEN 1
            ELSE 0
        END as est_en_cours,

        -- Géolocalisation
        longitude,
        latitude,

        -- Autres informations
        titre,
        description,
        adresse
    FROM `my-project-travaux-angers`.`travaux_angers_silver`.`stg_travaux_angers`
),

statistiques_agregees AS (
    SELECT
        jour,
        type_travaux,
        -- Métriques d'agrégation
        COUNT(DISTINCT id) as nombre_travaux,
        SUM(est_en_cours) as travaux_en_cours,
        AVG(duree_jours) as duree_moyenne_jours,
        MIN(duree_jours) as duree_min_jours,
        MAX(duree_jours) as duree_max_jours,
        -- Coordonnées moyennes
        AVG(longitude) as longitude_moyenne,
        AVG(latitude) as latitude_moyenne,
        -- Liste des IDs pour jointure
        STRING_AGG(CAST(id as STRING), ',') as ids_travaux
    FROM travaux_details
    GROUP BY
        jour,
        type_travaux
)

SELECT
    -- Dimensions temporelles et type
    jour,
    type_travaux,
    ids_travaux,

    -- Métriques calculées
    nombre_travaux,
    travaux_en_cours,
    ROUND(duree_moyenne_jours, 1) as duree_moyenne_jours,
    duree_min_jours,
    duree_max_jours,

    -- Ratios et pourcentages
    SAFE_DIVIDE(travaux_en_cours, nombre_travaux) as ratio_actif,

    -- Position moyenne du groupe
    ST_GEOGPOINT(longitude_moyenne, latitude_moyenne) as position_representative,

    -- Horodatage
    CURRENT_TIMESTAMP() as _updated_at
FROM statistiques_agregees
ORDER BY
    jour DESC,
    nombre_travaux DESC
    );
  
[0m01:55:52.706413 [debug] [Thread-1 (]: BigQuery adapter: https://console.cloud.google.com/bigquery?project=my-project-travaux-angers&j=bq:US:18faef66-d99c-4983-ae9d-92098339f31f&page=queryresults
[0m01:55:55.280985 [debug] [Thread-1 (]: Sending event: {'category': 'dbt', 'action': 'run_model', 'label': '7ba249fa-c2ab-4108-b8b7-e47c0458e2b6', 'context': [<snowplow_tracker.self_describing_json.SelfDescribingJson object at 0x7f49b406e7b0>]}
[0m01:55:55.282699 [info ] [Thread-1 (]: 8 of 9 OK created sql table model travaux_angers_gold.fct_travaux_stats ........ [[32mCREATE TABLE (31.0 rows, 557.7 KiB processed)[0m in 3.55s]
[0m01:55:55.283787 [debug] [Thread-1 (]: Finished running node model.travaux_angers.fct_travaux_stats
[0m01:55:55.285033 [debug] [Thread-1 (]: Began running node model.travaux_angers.fct_travaux_stats_daily
[0m01:55:55.286458 [info ] [Thread-1 (]: 9 of 9 START sql table model travaux_angers_gold.fct_travaux_stats_daily ....... [RUN]
[0m01:55:55.287561 [debug] [Thread-1 (]: Re-using an available connection from the pool (formerly model.travaux_angers.fct_travaux_stats, now model.travaux_angers.fct_travaux_stats_daily)
[0m01:55:55.288411 [debug] [Thread-1 (]: Began compiling node model.travaux_angers.fct_travaux_stats_daily
[0m01:55:55.296552 [debug] [Thread-1 (]: Writing injected SQL for node "model.travaux_angers.fct_travaux_stats_daily"
[0m01:55:55.298380 [debug] [Thread-1 (]: Began executing node model.travaux_angers.fct_travaux_stats_daily
[0m01:55:55.302316 [debug] [Thread-1 (]: Opening a new connection, currently in state closed
[0m01:55:55.771974 [debug] [Thread-1 (]: Writing runtime sql for node "model.travaux_angers.fct_travaux_stats_daily"
[0m01:55:55.775629 [debug] [Thread-1 (]: On model.travaux_angers.fct_travaux_stats_daily: /* {"app": "dbt", "dbt_version": "1.10.7", "profile_name": "travaux_angers", "target_name": "dev", "node_id": "model.travaux_angers.fct_travaux_stats_daily"} */

  
    

    create or replace table `my-project-travaux-angers`.`travaux_angers_gold`.`fct_travaux_stats_daily`
      
    
    

    
    OPTIONS()
    as (
      WITH travaux_details AS (
    SELECT
        -- Clés et dimensions
        id,
        type as type_travaux,
        DATE(date_debut) as jour,  -- Date journalière

        -- Métriques temporelles
        DATE_DIFF(date_fin, date_debut, DAY) as duree_jours,
        CASE
            WHEN CURRENT_TIMESTAMP() BETWEEN date_debut AND date_fin THEN 1
            ELSE 0
        END as est_en_cours,

        -- Géolocalisation
        longitude,
        latitude,

        -- Autres informations
        titre,
        description,
        adresse
    FROM `my-project-travaux-angers`.`travaux_angers_silver`.`stg_travaux_angers`
),

statistiques_journalieres AS (
    SELECT
        jour,
        type_travaux,
        -- Métriques d'agrégation
        COUNT(DISTINCT id) as nombre_travaux,
        SUM(est_en_cours) as travaux_en_cours,
        AVG(duree_jours) as duree_moyenne_jours,
        MIN(duree_jours) as duree_min_jours,
        MAX(duree_jours) as duree_max_jours,
        -- Coordonnées moyennes
        AVG(longitude) as longitude_moyenne,
        AVG(latitude) as latitude_moyenne,
        -- Liste des IDs pour jointure
        STRING_AGG(CAST(id as STRING), ',') as ids_travaux
    FROM travaux_details
    GROUP BY
        jour,
        type_travaux
)

SELECT
    -- Dimensions temporelles et type
    jour,
    type_travaux,
    ids_travaux,

    -- Métriques calculées
    nombre_travaux,
    travaux_en_cours,
    ROUND(duree_moyenne_jours, 1) as duree_moyenne_jours,
    duree_min_jours,
    duree_max_jours,

    -- Ratios et pourcentages
    SAFE_DIVIDE(travaux_en_cours, nombre_travaux) as ratio_actif,

    -- Position moyenne du groupe
    ST_GEOGPOINT(longitude_moyenne, latitude_moyenne) as position_representative,

    -- Horodatage
    CURRENT_TIMESTAMP() as _updated_at
FROM statistiques_journalieres
ORDER BY
    jour DESC,
    nombre_travaux DESC
    );
  
[0m01:55:56.288565 [debug] [Thread-1 (]: BigQuery adapter: https://console.cloud.google.com/bigquery?project=my-project-travaux-angers&j=bq:US:32e435c9-f3a4-425e-b2f7-544043ec0135&page=queryresults
[0m01:55:58.867249 [debug] [Thread-1 (]: Sending event: {'category': 'dbt', 'action': 'run_model', 'label': '7ba249fa-c2ab-4108-b8b7-e47c0458e2b6', 'context': [<snowplow_tracker.self_describing_json.SelfDescribingJson object at 0x7f49b7603950>]}
[0m01:55:58.868726 [info ] [Thread-1 (]: 9 of 9 OK created sql table model travaux_angers_gold.fct_travaux_stats_daily .. [[32mCREATE TABLE (31.0 rows, 557.7 KiB processed)[0m in 3.58s]
[0m01:55:58.869773 [debug] [Thread-1 (]: Finished running node model.travaux_angers.fct_travaux_stats_daily
[0m01:55:58.872253 [debug] [MainThread]: Opening a new connection, currently in state closed
[0m01:55:58.942073 [debug] [MainThread]: Connection 'master' was properly closed.
[0m01:55:58.944551 [debug] [MainThread]: Connection 'model.travaux_angers.fct_travaux_stats_daily' was properly closed.
[0m01:55:58.945782 [info ] [MainThread]: 
[0m01:55:58.946653 [info ] [MainThread]: Finished running 5 table models, 4 view models in 0 hours 0 minutes and 26.65 seconds (26.65s).
[0m01:55:58.950468 [debug] [MainThread]: Command end result
[0m01:55:59.107951 [debug] [MainThread]: Wrote artifact WritableManifest to /usr/ELT_Travaux_Angers/dbt/target/manifest.json
[0m01:55:59.114622 [debug] [MainThread]: Wrote artifact SemanticManifest to /usr/ELT_Travaux_Angers/dbt/target/semantic_manifest.json
[0m01:55:59.131938 [debug] [MainThread]: Wrote artifact RunExecutionResult to /usr/ELT_Travaux_Angers/dbt/target/run_results.json
[0m01:55:59.132898 [info ] [MainThread]: 
[0m01:55:59.133922 [info ] [MainThread]: [31mCompleted with 2 errors, 0 partial successes, and 0 warnings:[0m
[0m01:55:59.134729 [info ] [MainThread]: 
[0m01:55:59.135706 [error] [MainThread]: [31mFailure in model check_source (models/check_source.sql)[0m
[0m01:55:59.136554 [error] [MainThread]:   Database Error in model check_source (models/check_source.sql)
  Invalid project ID 'my-project-travaux-angers.travaux_angers'. Project IDs must contain 6-63 lowercase letters, digits, or dashes. Some project IDs also include domain name separated by a colon. IDs must start with a letter and may not end with a dash.
  compiled code at target/run/travaux_angers/models/check_source.sql
[0m01:55:59.137281 [info ] [MainThread]: 
[0m01:55:59.138084 [info ] [MainThread]:   compiled code at target/compiled/travaux_angers/models/check_source.sql
[0m01:55:59.138939 [info ] [MainThread]: 
[0m01:55:59.139696 [error] [MainThread]: [31mFailure in model fct_travaux_stats_monthly (models/gold/fct_travaux_stats_monthly.sql)[0m
[0m01:55:59.141713 [error] [MainThread]:   Database Error in model fct_travaux_stats_monthly (models/gold/fct_travaux_stats_monthly.sql)
  Unrecognized name: coordinate_x at [30:9]
  compiled code at target/run/travaux_angers/models/gold/fct_travaux_stats_monthly.sql
[0m01:55:59.142523 [info ] [MainThread]: 
[0m01:55:59.143191 [info ] [MainThread]:   compiled code at target/compiled/travaux_angers/models/gold/fct_travaux_stats_monthly.sql
[0m01:55:59.143948 [info ] [MainThread]: 
[0m01:55:59.144836 [info ] [MainThread]: Done. PASS=7 WARN=0 ERROR=2 SKIP=0 NO-OP=0 TOTAL=9
[0m01:55:59.146187 [debug] [MainThread]: Resource report: {"command_name": "run", "command_success": false, "command_wall_clock_time": 48.666416, "process_in_blocks": "153760", "process_kernel_time": 10.851537, "process_mem_max_rss": "456132", "process_out_blocks": "4472", "process_user_time": 19.216053}
[0m01:55:59.147023 [debug] [MainThread]: Command `dbt run` failed at 01:55:59.146823 after 48.67 seconds
[0m01:55:59.147815 [debug] [MainThread]: Sending event: {'category': 'dbt', 'action': 'invocation', 'label': 'end', 'context': [<snowplow_tracker.self_describing_json.SelfDescribingJson object at 0x7f49ed29e5a0>, <snowplow_tracker.self_describing_json.SelfDescribingJson object at 0x7f49b53a95b0>, <snowplow_tracker.self_describing_json.SelfDescribingJson object at 0x7f49eca113a0>]}
[0m01:55:59.148520 [debug] [MainThread]: Flushing usage events
[0m01:55:59.646817 [debug] [MainThread]: An error was encountered while trying to flush usage events
[0m02:07:12.083893 [debug] [MainThread]: Sending event: {'category': 'dbt', 'action': 'invocation', 'label': 'start', 'context': [<snowplow_tracker.self_describing_json.SelfDescribingJson object at 0x7f38842e6990>, <snowplow_tracker.self_describing_json.SelfDescribingJson object at 0x7f3882a21af0>, <snowplow_tracker.self_describing_json.SelfDescribingJson object at 0x7f388214e6c0>]}


============================== 02:07:12.090402 | b0b47d8f-b6f8-4b82-8e13-7269f7449657 ==============================
[0m02:07:12.090402 [info ] [MainThread]: Running with dbt=1.10.7
[0m02:07:12.092444 [debug] [MainThread]: running dbt with arguments {'printer_width': '80', 'indirect_selection': 'eager', 'write_json': 'True', 'log_cache_events': 'False', 'partial_parse': 'True', 'cache_selected_only': 'False', 'warn_error': 'None', 'debug': 'False', 'profiles_dir': '/usr/ELT_Travaux_Angers/dbt', 'log_path': '/usr/ELT_Travaux_Angers/dbt/logs', 'fail_fast': 'False', 'version_check': 'True', 'use_colors': 'True', 'use_experimental_parser': 'False', 'empty': 'None', 'quiet': 'False', 'no_print': 'None', 'log_format': 'default', 'invocation_command': 'dbt deps', 'static_parser': 'True', 'introspect': 'True', 'target_path': 'None', 'warn_error_options': 'WarnErrorOptionsV2(error=[], warn=[], silence=[])', 'send_anonymous_usage_stats': 'True'}
[0m02:07:12.413102 [debug] [MainThread]: Sending event: {'category': 'dbt', 'action': 'project_id', 'label': 'b0b47d8f-b6f8-4b82-8e13-7269f7449657', 'context': [<snowplow_tracker.self_describing_json.SelfDescribingJson object at 0x7f3881776240>]}
[0m02:07:12.607787 [debug] [MainThread]: Set downloads directory='/tmp/dbt-downloads-2n4ejsn4'
[0m02:07:12.608560 [debug] [MainThread]: Making package index registry request: GET https://hub.getdbt.com/api/v1/index.json
[0m02:07:12.698183 [debug] [MainThread]: Response from registry index: GET https://hub.getdbt.com/api/v1/index.json 200
[0m02:07:12.699520 [debug] [MainThread]: Making package registry request: GET https://hub.getdbt.com/api/v1/dbt-labs/dbt_utils.json
[0m02:07:12.764021 [debug] [MainThread]: Response from registry: GET https://hub.getdbt.com/api/v1/dbt-labs/dbt_utils.json 200
[0m02:07:12.769426 [info ] [MainThread]: Installing dbt-labs/dbt_utils
[0m02:07:13.143603 [info ] [MainThread]: Installed from version 1.1.1
[0m02:07:13.144165 [info ] [MainThread]: Updated version available: 1.3.0
[0m02:07:13.144579 [debug] [MainThread]: Sending event: {'category': 'dbt', 'action': 'package', 'label': 'b0b47d8f-b6f8-4b82-8e13-7269f7449657', 'property_': 'install', 'context': [<snowplow_tracker.self_describing_json.SelfDescribingJson object at 0x7f3881708b90>, <snowplow_tracker.self_describing_json.SelfDescribingJson object at 0x7f388170bd10>]}
[0m02:07:13.144974 [info ] [MainThread]: 
[0m02:07:13.145341 [info ] [MainThread]: Updates available for packages: ['dbt-labs/dbt_utils']                 
Update your versions in packages.yml, then run dbt deps
[0m02:07:13.146766 [debug] [MainThread]: Resource report: {"command_name": "deps", "command_success": true, "command_wall_clock_time": 1.1512741, "process_in_blocks": "0", "process_kernel_time": 1.361433, "process_mem_max_rss": "128484", "process_out_blocks": "2232", "process_user_time": 3.854058}
[0m02:07:13.147254 [debug] [MainThread]: Command `dbt deps` succeeded at 02:07:13.147157 after 1.15 seconds
[0m02:07:13.147578 [debug] [MainThread]: Sending event: {'category': 'dbt', 'action': 'invocation', 'label': 'end', 'context': [<snowplow_tracker.self_describing_json.SelfDescribingJson object at 0x7f38815d5310>, <snowplow_tracker.self_describing_json.SelfDescribingJson object at 0x7f38817a6ed0>, <snowplow_tracker.self_describing_json.SelfDescribingJson object at 0x7f3881de8d40>]}
[0m02:07:13.147932 [debug] [MainThread]: Flushing usage events
[0m02:07:13.567054 [debug] [MainThread]: An error was encountered while trying to flush usage events
[0m02:07:17.309096 [debug] [MainThread]: Sending event: {'category': 'dbt', 'action': 'invocation', 'label': 'start', 'context': [<snowplow_tracker.self_describing_json.SelfDescribingJson object at 0x7f0316efe300>, <snowplow_tracker.self_describing_json.SelfDescribingJson object at 0x7f031773ffb0>, <snowplow_tracker.self_describing_json.SelfDescribingJson object at 0x7f0317cc3050>]}


============================== 02:07:17.313529 | 534d1f4c-63e1-422e-9109-92894486c508 ==============================
[0m02:07:17.313529 [info ] [MainThread]: Running with dbt=1.10.7
[0m02:07:17.316795 [debug] [MainThread]: running dbt with arguments {'printer_width': '80', 'indirect_selection': 'eager', 'write_json': 'True', 'log_cache_events': 'False', 'partial_parse': 'True', 'cache_selected_only': 'False', 'warn_error': 'None', 'debug': 'False', 'version_check': 'True', 'log_path': '/usr/ELT_Travaux_Angers/dbt/logs', 'fail_fast': 'False', 'profiles_dir': '/usr/ELT_Travaux_Angers/dbt', 'use_colors': 'True', 'use_experimental_parser': 'False', 'no_print': 'None', 'quiet': 'False', 'empty': 'False', 'warn_error_options': 'WarnErrorOptionsV2(error=[], warn=[], silence=[])', 'introspect': 'True', 'static_parser': 'True', 'log_format': 'default', 'target_path': 'None', 'invocation_command': 'dbt run', 'send_anonymous_usage_stats': 'True'}
[0m02:07:29.718833 [debug] [MainThread]: Sending event: {'category': 'dbt', 'action': 'project_id', 'label': '534d1f4c-63e1-422e-9109-92894486c508', 'context': [<snowplow_tracker.self_describing_json.SelfDescribingJson object at 0x7f02e1939010>]}
[0m02:07:29.825149 [debug] [MainThread]: Sending event: {'category': 'dbt', 'action': 'adapter_info', 'label': '534d1f4c-63e1-422e-9109-92894486c508', 'context': [<snowplow_tracker.self_describing_json.SelfDescribingJson object at 0x7f02e23e57f0>]}
[0m02:07:29.826042 [info ] [MainThread]: Registered adapter: bigquery=1.10.1
[0m02:07:30.109683 [debug] [MainThread]: checksum: 44f4b502e2ddc67beed4db71ce39b63f2d3b7fc0b96e49a69b096c8f6cc370bc, vars: {}, profile: , target: , version: 1.10.7
[0m02:07:30.452138 [debug] [MainThread]: Partial parsing enabled: 0 files deleted, 0 files added, 0 files changed.
[0m02:07:30.452736 [debug] [MainThread]: Partial parsing enabled, no changes found, skipping parsing
[0m02:07:30.520997 [debug] [MainThread]: Sending event: {'category': 'dbt', 'action': 'load_project', 'label': '534d1f4c-63e1-422e-9109-92894486c508', 'context': [<snowplow_tracker.self_describing_json.SelfDescribingJson object at 0x7f02e1920590>]}
[0m02:07:30.662457 [debug] [MainThread]: Wrote artifact WritableManifest to /usr/ELT_Travaux_Angers/dbt/target/manifest.json
[0m02:07:30.664883 [debug] [MainThread]: Wrote artifact SemanticManifest to /usr/ELT_Travaux_Angers/dbt/target/semantic_manifest.json
[0m02:07:30.696829 [debug] [MainThread]: Sending event: {'category': 'dbt', 'action': 'resource_counts', 'label': '534d1f4c-63e1-422e-9109-92894486c508', 'context': [<snowplow_tracker.self_describing_json.SelfDescribingJson object at 0x7f02e182dd60>]}
[0m02:07:30.697727 [info ] [MainThread]: Found 9 models, 1 analysis, 17 data tests, 1 source, 610 macros
[0m02:07:30.698246 [debug] [MainThread]: Sending event: {'category': 'dbt', 'action': 'runnable_timing', 'label': '534d1f4c-63e1-422e-9109-92894486c508', 'context': [<snowplow_tracker.self_describing_json.SelfDescribingJson object at 0x7f02e1a220f0>]}
[0m02:07:30.702345 [info ] [MainThread]: 
[0m02:07:30.703138 [info ] [MainThread]: Concurrency: 1 threads (target='dev')
[0m02:07:30.703984 [info ] [MainThread]: 
[0m02:07:30.704647 [debug] [MainThread]: Acquiring new bigquery connection 'master'
[0m02:07:30.712952 [debug] [ThreadPool]: Acquiring new bigquery connection 'list_my-project-travaux-angers'
[0m02:07:30.714035 [debug] [ThreadPool]: Opening a new connection, currently in state init
[0m02:07:31.206714 [debug] [ThreadPool]: Opening a new connection, currently in state closed
[0m02:07:31.669010 [debug] [ThreadPool]: Opening a new connection, currently in state closed
[0m02:07:32.142841 [debug] [ThreadPool]: Opening a new connection, currently in state closed
[0m02:07:32.622708 [debug] [ThreadPool]: Re-using an available connection from the pool (formerly list_my-project-travaux-angers, now list_my-project-travaux-angers_travaux_angers)
[0m02:07:32.623268 [debug] [ThreadPool]: Opening a new connection, currently in state closed
[0m02:07:33.048292 [debug] [ThreadPool]: Re-using an available connection from the pool (formerly list_my-project-travaux-angers_travaux_angers, now list_my-project-travaux-angers_travaux_angers_bronze)
[0m02:07:33.050357 [debug] [ThreadPool]: Opening a new connection, currently in state closed
[0m02:07:33.500735 [debug] [ThreadPool]: Re-using an available connection from the pool (formerly list_my-project-travaux-angers_travaux_angers_bronze, now list_my-project-travaux-angers_travaux_angers_silver)
[0m02:07:33.501304 [debug] [ThreadPool]: Opening a new connection, currently in state closed
[0m02:07:33.903994 [debug] [ThreadPool]: Re-using an available connection from the pool (formerly list_my-project-travaux-angers_travaux_angers_silver, now list_my-project-travaux-angers_travaux_angers_gold)
[0m02:07:33.904520 [debug] [ThreadPool]: Opening a new connection, currently in state closed
[0m02:07:34.312668 [debug] [MainThread]: Sending event: {'category': 'dbt', 'action': 'runnable_timing', 'label': '534d1f4c-63e1-422e-9109-92894486c508', 'context': [<snowplow_tracker.self_describing_json.SelfDescribingJson object at 0x7f02e1d47ec0>]}
[0m02:07:34.313391 [debug] [MainThread]: Opening a new connection, currently in state init
[0m02:07:34.360123 [debug] [Thread-1 (]: Began running node model.travaux_angers.analyse_types
[0m02:07:34.360810 [info ] [Thread-1 (]: 1 of 9 START sql view model travaux_angers.analyse_types ....................... [RUN]
[0m02:07:34.361351 [debug] [Thread-1 (]: Re-using an available connection from the pool (formerly list_my-project-travaux-angers_travaux_angers_gold, now model.travaux_angers.analyse_types)
[0m02:07:34.361735 [debug] [Thread-1 (]: Began compiling node model.travaux_angers.analyse_types
[0m02:07:34.372728 [debug] [Thread-1 (]: Writing injected SQL for node "model.travaux_angers.analyse_types"
[0m02:07:34.375243 [debug] [Thread-1 (]: Began executing node model.travaux_angers.analyse_types
[0m02:07:34.408551 [debug] [Thread-1 (]: Writing runtime sql for node "model.travaux_angers.analyse_types"
[0m02:07:34.409347 [debug] [Thread-1 (]: On model.travaux_angers.analyse_types: /* {"app": "dbt", "dbt_version": "1.10.7", "profile_name": "travaux_angers", "target_name": "dev", "node_id": "model.travaux_angers.analyse_types"} */


  create or replace view `my-project-travaux-angers`.`travaux_angers`.`analyse_types`
  OPTIONS()
  as 

SELECT
    type as type_travaux,
    COUNT(*) as nombre_total,
    COUNT(DISTINCT DATE_TRUNC(startat, MONTH)) as nombre_mois_distincts
FROM `my-project-travaux-angers`.`travaux_angers`.`travaux_angers`
GROUP BY type
ORDER BY nombre_total DESC;


[0m02:07:34.409778 [debug] [Thread-1 (]: Opening a new connection, currently in state closed
[0m02:07:35.076147 [debug] [Thread-1 (]: BigQuery adapter: https://console.cloud.google.com/bigquery?project=my-project-travaux-angers&j=bq:US:29982576-badf-4d3b-a74c-7a5d4d775d09&page=queryresults
[0m02:07:35.741481 [debug] [Thread-1 (]: Sending event: {'category': 'dbt', 'action': 'run_model', 'label': '534d1f4c-63e1-422e-9109-92894486c508', 'context': [<snowplow_tracker.self_describing_json.SelfDescribingJson object at 0x7f02e496e600>]}
[0m02:07:35.742778 [info ] [Thread-1 (]: 1 of 9 OK created sql view model travaux_angers.analyse_types .................. [[32mCREATE VIEW (0 processed)[0m in 1.38s]
[0m02:07:35.743649 [debug] [Thread-1 (]: Finished running node model.travaux_angers.analyse_types
[0m02:07:35.744154 [debug] [Thread-1 (]: Began running node model.travaux_angers.check_columns
[0m02:07:35.745023 [info ] [Thread-1 (]: 2 of 9 START sql view model travaux_angers.check_columns ....................... [RUN]
[0m02:07:35.745617 [debug] [Thread-1 (]: Re-using an available connection from the pool (formerly model.travaux_angers.analyse_types, now model.travaux_angers.check_columns)
[0m02:07:35.746034 [debug] [Thread-1 (]: Began compiling node model.travaux_angers.check_columns
[0m02:07:35.752037 [debug] [Thread-1 (]: Writing injected SQL for node "model.travaux_angers.check_columns"
[0m02:07:35.753568 [debug] [Thread-1 (]: Began executing node model.travaux_angers.check_columns
[0m02:07:35.758504 [debug] [Thread-1 (]: Writing runtime sql for node "model.travaux_angers.check_columns"
[0m02:07:35.760239 [debug] [Thread-1 (]: On model.travaux_angers.check_columns: /* {"app": "dbt", "dbt_version": "1.10.7", "profile_name": "travaux_angers", "target_name": "dev", "node_id": "model.travaux_angers.check_columns"} */


  create or replace view `my-project-travaux-angers`.`travaux_angers`.`check_columns`
  OPTIONS()
  as 

SELECT *
FROM `my-project-travaux-angers`.`travaux_angers`.`travaux_angers`
LIMIT 1;


[0m02:07:35.761439 [debug] [Thread-1 (]: Opening a new connection, currently in state closed
[0m02:07:36.408109 [debug] [Thread-1 (]: BigQuery adapter: https://console.cloud.google.com/bigquery?project=my-project-travaux-angers&j=bq:US:191c009e-3545-4caf-bf33-7029ba29a3b3&page=queryresults
[0m02:07:36.889110 [debug] [Thread-1 (]: Sending event: {'category': 'dbt', 'action': 'run_model', 'label': '534d1f4c-63e1-422e-9109-92894486c508', 'context': [<snowplow_tracker.self_describing_json.SelfDescribingJson object at 0x7f02daf8eab0>]}
[0m02:07:36.890012 [info ] [Thread-1 (]: 2 of 9 OK created sql view model travaux_angers.check_columns .................. [[32mCREATE VIEW (0 processed)[0m in 1.14s]
[0m02:07:36.890819 [debug] [Thread-1 (]: Finished running node model.travaux_angers.check_columns
[0m02:07:36.891339 [debug] [Thread-1 (]: Began running node model.travaux_angers.check_source
[0m02:07:36.892112 [info ] [Thread-1 (]: 3 of 9 START sql view model travaux_angers.check_source ........................ [RUN]
[0m02:07:36.892717 [debug] [Thread-1 (]: Re-using an available connection from the pool (formerly model.travaux_angers.check_columns, now model.travaux_angers.check_source)
[0m02:07:36.893137 [debug] [Thread-1 (]: Began compiling node model.travaux_angers.check_source
[0m02:07:36.897866 [debug] [Thread-1 (]: Writing injected SQL for node "model.travaux_angers.check_source"
[0m02:07:36.899598 [debug] [Thread-1 (]: Began executing node model.travaux_angers.check_source
[0m02:07:36.903827 [debug] [Thread-1 (]: Writing runtime sql for node "model.travaux_angers.check_source"
[0m02:07:36.904940 [debug] [Thread-1 (]: On model.travaux_angers.check_source: /* {"app": "dbt", "dbt_version": "1.10.7", "profile_name": "travaux_angers", "target_name": "dev", "node_id": "model.travaux_angers.check_source"} */


  create or replace view `my-project-travaux-angers`.`travaux_angers`.`check_source`
  OPTIONS()
  as 

SELECT
    column_name,
    data_type
FROM `my-project-travaux-angers`.`travaux_angers`.`travaux_angers`.INFORMATION_SCHEMA.COLUMNS
WHERE table_name = 'travaux_angers'
ORDER BY ordinal_position;


[0m02:07:36.905406 [debug] [Thread-1 (]: Opening a new connection, currently in state closed
[0m02:07:37.357394 [debug] [Thread-1 (]: BigQuery adapter: https://console.cloud.google.com/bigquery?project=my-project-travaux-angers&j=bq:US:d6f9d829-08d4-4220-986c-34924a49fbff&page=queryresults
[0m02:07:37.358184 [error] [Thread-1 (]: BigQuery adapter: https://console.cloud.google.com/bigquery?project=my-project-travaux-angers&j=bq:US:d6f9d829-08d4-4220-986c-34924a49fbff&page=queryresults
[0m02:07:37.374893 [debug] [Thread-1 (]: Database Error in model check_source (models/check_source.sql)
  Invalid project ID 'my-project-travaux-angers.travaux_angers'. Project IDs must contain 6-63 lowercase letters, digits, or dashes. Some project IDs also include domain name separated by a colon. IDs must start with a letter and may not end with a dash.
  compiled code at target/run/travaux_angers/models/check_source.sql
[0m02:07:37.375764 [debug] [Thread-1 (]: Sending event: {'category': 'dbt', 'action': 'run_model', 'label': '534d1f4c-63e1-422e-9109-92894486c508', 'context': [<snowplow_tracker.self_describing_json.SelfDescribingJson object at 0x7f02daf39f70>]}
[0m02:07:37.376466 [error] [Thread-1 (]: 3 of 9 ERROR creating sql view model travaux_angers.check_source ............... [[31mERROR[0m in 0.48s]
[0m02:07:37.377131 [debug] [Thread-1 (]: Finished running node model.travaux_angers.check_source
[0m02:07:37.377563 [debug] [Thread-1 (]: Began running node model.travaux_angers.fct_travaux_stats_monthly
[0m02:07:37.378051 [info ] [Thread-1 (]: 4 of 9 START sql table model travaux_angers_gold.fct_travaux_stats_monthly ..... [RUN]
[0m02:07:37.378538 [debug] [Thread-1 (]: Re-using an available connection from the pool (formerly model.travaux_angers.check_source, now model.travaux_angers.fct_travaux_stats_monthly)
[0m02:07:37.378918 [debug] [Thread-1 (]: Began compiling node model.travaux_angers.fct_travaux_stats_monthly
[0m02:07:37.382507 [debug] [Thread-1 (]: Writing injected SQL for node "model.travaux_angers.fct_travaux_stats_monthly"
[0m02:07:37.383462 [debug] [Thread-4 (]: Marking all children of 'model.travaux_angers.check_source' to be skipped because of status 'error'.  Reason: Database Error in model check_source (models/check_source.sql)
  Invalid project ID 'my-project-travaux-angers.travaux_angers'. Project IDs must contain 6-63 lowercase letters, digits, or dashes. Some project IDs also include domain name separated by a colon. IDs must start with a letter and may not end with a dash.
  compiled code at target/run/travaux_angers/models/check_source.sql.
[0m02:07:37.385234 [debug] [Thread-1 (]: Began executing node model.travaux_angers.fct_travaux_stats_monthly
[0m02:07:37.397454 [debug] [Thread-1 (]: Opening a new connection, currently in state closed
[0m02:07:37.840222 [debug] [Thread-1 (]: Writing runtime sql for node "model.travaux_angers.fct_travaux_stats_monthly"
[0m02:07:37.842043 [debug] [Thread-1 (]: On model.travaux_angers.fct_travaux_stats_monthly: /* {"app": "dbt", "dbt_version": "1.10.7", "profile_name": "travaux_angers", "target_name": "dev", "node_id": "model.travaux_angers.fct_travaux_stats_monthly"} */

  
    

    create or replace table `my-project-travaux-angers`.`travaux_angers_gold`.`fct_travaux_stats_monthly`
      
    
    

    
    OPTIONS()
    as (
      WITH travaux_details AS (
    SELECT
        -- Clés et dimensions
        id,
        type as type_travaux,
        DATE_TRUNC(startat, MONTH) as mois,  -- Date mensuelle
        startat as date_debut,

        -- Métriques temporelles
        DATE_DIFF(endat, startat, DAY) as duree_jours,
        CASE
            WHEN CURRENT_TIMESTAMP() BETWEEN startat AND endat THEN 1
            ELSE 0
        END as est_en_cours,

        -- Géolocalisation
        coordinate_x as longitude,
        coordinate_y as latitude,

        -- Autres informations
        title as titre,
        description,
        address as adresse
    FROM `my-project-travaux-angers`.`travaux_angers`.`travaux_angers`
),

statistiques_mensuelles AS (
    SELECT
        mois,
        type_travaux,
        -- Métriques d'agrégation
        COUNT(DISTINCT id) as nombre_travaux,
        SUM(est_en_cours) as travaux_en_cours,
        AVG(duree_jours) as duree_moyenne_jours,
        MIN(duree_jours) as duree_min_jours,
        MAX(duree_jours) as duree_max_jours,
        -- Statistiques additionnelles mensuelles
        COUNT(DISTINCT DATE(date_debut)) as nombre_jours_avec_nouveaux_travaux,
        -- Coordonnées moyennes
        AVG(longitude) as longitude_moyenne,
        AVG(latitude) as latitude_moyenne,
        -- Liste des IDs pour jointure
        STRING_AGG(CAST(id as STRING), ',') as ids_travaux
    FROM travaux_details
    GROUP BY
        mois,
        type_travaux
)

SELECT
    -- Dimensions temporelles et type
    mois,
    type_travaux,
    ids_travaux,

    -- Métriques calculées
    nombre_travaux,
    travaux_en_cours,
    ROUND(duree_moyenne_jours, 1) as duree_moyenne_jours,
    duree_min_jours,
    duree_max_jours,
    nombre_jours_avec_nouveaux_travaux,

    -- Ratios et pourcentages
    SAFE_DIVIDE(travaux_en_cours, nombre_travaux) as ratio_actif,

    -- Position moyenne du groupe
    ST_GEOGPOINT(longitude_moyenne, latitude_moyenne) as position_representative,

    -- Horodatage
    CURRENT_TIMESTAMP() as _updated_at
FROM statistiques_mensuelles
ORDER BY
    mois DESC,
    nombre_travaux DESC
    );
  
[0m02:07:38.473816 [debug] [Thread-1 (]: BigQuery adapter: https://console.cloud.google.com/bigquery?project=my-project-travaux-angers&j=bq:US:96ecbe3f-6e87-487c-8b96-c73d7b308025&page=queryresults
[0m02:07:38.922531 [error] [Thread-1 (]: BigQuery adapter: https://console.cloud.google.com/bigquery?project=my-project-travaux-angers&j=bq:US:96ecbe3f-6e87-487c-8b96-c73d7b308025&page=queryresults
[0m02:07:38.941468 [debug] [Thread-1 (]: Database Error in model fct_travaux_stats_monthly (models/gold/fct_travaux_stats_monthly.sql)
  Unrecognized name: coordinate_x at [30:9]
  compiled code at target/run/travaux_angers/models/gold/fct_travaux_stats_monthly.sql
[0m02:07:38.943581 [debug] [Thread-1 (]: Sending event: {'category': 'dbt', 'action': 'run_model', 'label': '534d1f4c-63e1-422e-9109-92894486c508', 'context': [<snowplow_tracker.self_describing_json.SelfDescribingJson object at 0x7f02daeb1760>]}
[0m02:07:38.944836 [error] [Thread-1 (]: 4 of 9 ERROR creating sql table model travaux_angers_gold.fct_travaux_stats_monthly  [[31mERROR[0m in 1.56s]
[0m02:07:38.946371 [debug] [Thread-1 (]: Finished running node model.travaux_angers.fct_travaux_stats_monthly
[0m02:07:38.947161 [debug] [Thread-1 (]: Began running node model.travaux_angers.src_travaux_angers
[0m02:07:38.948047 [debug] [Thread-4 (]: Marking all children of 'model.travaux_angers.fct_travaux_stats_monthly' to be skipped because of status 'error'.  Reason: Database Error in model fct_travaux_stats_monthly (models/gold/fct_travaux_stats_monthly.sql)
  Unrecognized name: coordinate_x at [30:9]
  compiled code at target/run/travaux_angers/models/gold/fct_travaux_stats_monthly.sql.
[0m02:07:38.949071 [info ] [Thread-1 (]: 5 of 9 START sql view model travaux_angers_bronze.src_travaux_angers ........... [RUN]
[0m02:07:38.950472 [debug] [Thread-1 (]: Re-using an available connection from the pool (formerly model.travaux_angers.fct_travaux_stats_monthly, now model.travaux_angers.src_travaux_angers)
[0m02:07:38.950921 [debug] [Thread-1 (]: Began compiling node model.travaux_angers.src_travaux_angers
[0m02:07:38.957237 [debug] [Thread-1 (]: Writing injected SQL for node "model.travaux_angers.src_travaux_angers"
[0m02:07:38.959458 [debug] [Thread-1 (]: Began executing node model.travaux_angers.src_travaux_angers
[0m02:07:38.964769 [debug] [Thread-1 (]: Writing runtime sql for node "model.travaux_angers.src_travaux_angers"
[0m02:07:38.966239 [debug] [Thread-1 (]: On model.travaux_angers.src_travaux_angers: /* {"app": "dbt", "dbt_version": "1.10.7", "profile_name": "travaux_angers", "target_name": "dev", "node_id": "model.travaux_angers.src_travaux_angers"} */


  create or replace view `my-project-travaux-angers`.`travaux_angers_bronze`.`src_travaux_angers`
  OPTIONS()
  as -- bronze/src_travaux_angers.sql
-- Source brute des données de travaux
SELECT
    *,
    CURRENT_TIMESTAMP() as _loaded_at
FROM `my-project-travaux-angers`.`travaux_angers`.`travaux_angers`;


[0m02:07:38.967082 [debug] [Thread-1 (]: Opening a new connection, currently in state closed
[0m02:07:39.656221 [debug] [Thread-1 (]: BigQuery adapter: https://console.cloud.google.com/bigquery?project=my-project-travaux-angers&j=bq:US:46a31024-b825-4167-8a37-3c63a461adfa&page=queryresults
[0m02:07:40.075148 [debug] [Thread-1 (]: Sending event: {'category': 'dbt', 'action': 'run_model', 'label': '534d1f4c-63e1-422e-9109-92894486c508', 'context': [<snowplow_tracker.self_describing_json.SelfDescribingJson object at 0x7f02e182d640>]}
[0m02:07:40.076016 [info ] [Thread-1 (]: 5 of 9 OK created sql view model travaux_angers_bronze.src_travaux_angers ...... [[32mCREATE VIEW (0 processed)[0m in 1.12s]
[0m02:07:40.076822 [debug] [Thread-1 (]: Finished running node model.travaux_angers.src_travaux_angers
[0m02:07:40.078482 [debug] [Thread-1 (]: Began running node model.travaux_angers.stg_travaux_angers
[0m02:07:40.079089 [info ] [Thread-1 (]: 6 of 9 START sql table model travaux_angers_silver.stg_travaux_angers .......... [RUN]
[0m02:07:40.079651 [debug] [Thread-1 (]: Re-using an available connection from the pool (formerly model.travaux_angers.src_travaux_angers, now model.travaux_angers.stg_travaux_angers)
[0m02:07:40.080076 [debug] [Thread-1 (]: Began compiling node model.travaux_angers.stg_travaux_angers
[0m02:07:40.083711 [debug] [Thread-1 (]: Writing injected SQL for node "model.travaux_angers.stg_travaux_angers"
[0m02:07:40.085669 [debug] [Thread-1 (]: Began executing node model.travaux_angers.stg_travaux_angers
[0m02:07:40.090117 [debug] [Thread-1 (]: Opening a new connection, currently in state closed
[0m02:07:40.477323 [debug] [Thread-1 (]: Writing runtime sql for node "model.travaux_angers.stg_travaux_angers"
[0m02:07:40.478591 [debug] [Thread-1 (]: On model.travaux_angers.stg_travaux_angers: /* {"app": "dbt", "dbt_version": "1.10.7", "profile_name": "travaux_angers", "target_name": "dev", "node_id": "model.travaux_angers.stg_travaux_angers"} */

  
    

    create or replace table `my-project-travaux-angers`.`travaux_angers_silver`.`stg_travaux_angers`
      
    
    

    
    OPTIONS()
    as (
      -- silver/stg_travaux_angers.sql
-- Données nettoyées et standardisées
WITH source AS (
    SELECT * FROM `my-project-travaux-angers`.`travaux_angers_bronze`.`src_travaux_angers`
)

SELECT
    -- Informations de base
    id,
    title as titre,
    description,
    address as adresse,

    -- Dates et durée
    TIMESTAMP(startat) as date_debut,
    TIMESTAMP(endat) as date_fin,

    -- Informations sur le trafic et le type
    traffic as impact_trafic,
    type,

    -- Coordonnées géographiques (extraites du geo_point_2d)
    CAST(JSON_EXTRACT(geo_point_2d, '$.lon') as FLOAT64) as longitude,
    CAST(JSON_EXTRACT(geo_point_2d, '$.lat') as FLOAT64) as latitude,

    -- Informations de contact
    contact,
    email,

    -- Métadonnées
    istramway as est_tramway,
    idparking as id_parking,

    -- Horodatage de mise à jour
    CURRENT_TIMESTAMP() as _updated_at
FROM source
    );
  
[0m02:07:41.133762 [debug] [Thread-1 (]: BigQuery adapter: https://console.cloud.google.com/bigquery?project=my-project-travaux-angers&j=bq:US:0d0fcbc8-4f27-402f-b1ff-0d8296b48775&page=queryresults
[0m02:07:43.419144 [debug] [Thread-1 (]: Sending event: {'category': 'dbt', 'action': 'run_model', 'label': '534d1f4c-63e1-422e-9109-92894486c508', 'context': [<snowplow_tracker.self_describing_json.SelfDescribingJson object at 0x7f02daec39b0>]}
[0m02:07:43.420128 [info ] [Thread-1 (]: 6 of 9 OK created sql table model travaux_angers_silver.stg_travaux_angers ..... [[32mCREATE TABLE (13.1k rows, 4.2 MiB processed)[0m in 3.34s]
[0m02:07:43.420907 [debug] [Thread-1 (]: Finished running node model.travaux_angers.stg_travaux_angers
[0m02:07:43.422933 [debug] [Thread-1 (]: Began running node model.travaux_angers.dim_travaux_details
[0m02:07:43.423527 [info ] [Thread-1 (]: 7 of 9 START sql table model travaux_angers_gold.dim_travaux_details ........... [RUN]
[0m02:07:43.424051 [debug] [Thread-1 (]: Re-using an available connection from the pool (formerly model.travaux_angers.stg_travaux_angers, now model.travaux_angers.dim_travaux_details)
[0m02:07:43.424386 [debug] [Thread-1 (]: Began compiling node model.travaux_angers.dim_travaux_details
[0m02:07:43.428812 [debug] [Thread-1 (]: Writing injected SQL for node "model.travaux_angers.dim_travaux_details"
[0m02:07:43.430064 [debug] [Thread-1 (]: Began executing node model.travaux_angers.dim_travaux_details
[0m02:07:43.433075 [debug] [Thread-1 (]: Opening a new connection, currently in state closed
[0m02:07:43.808201 [debug] [Thread-1 (]: Writing runtime sql for node "model.travaux_angers.dim_travaux_details"
[0m02:07:43.810287 [debug] [Thread-1 (]: On model.travaux_angers.dim_travaux_details: /* {"app": "dbt", "dbt_version": "1.10.7", "profile_name": "travaux_angers", "target_name": "dev", "node_id": "model.travaux_angers.dim_travaux_details"} */

  
    

    create or replace table `my-project-travaux-angers`.`travaux_angers_gold`.`dim_travaux_details`
      
    
    

    
    OPTIONS()
    as (
      -- Modèle pour la visualisation des travaux actifs et leurs caractéristiques
WITH travaux_enrichis AS (
    SELECT
        *,
        TIMESTAMP_DIFF(date_fin, date_debut, DAY) as duree_jours,
        CASE
            WHEN CURRENT_TIMESTAMP() BETWEEN date_debut AND date_fin THEN 'En cours'
            WHEN CURRENT_TIMESTAMP() < date_debut THEN 'À venir'
            ELSE 'Terminé'
        END as statut
    FROM `my-project-travaux-angers`.`travaux_angers_silver`.`stg_travaux_angers`
)

SELECT
    id,
    titre,
    date_debut,
    date_fin,
    duree_jours,
    longitude,
    latitude,
    type as type_travaux,
    description,
    adresse,
    statut,
    est_tramway,
    id_parking,
    contact,
    email,
    _updated_at,
    -- Création d'une géométrie pour la visualisation cartographique
    ST_GEOGPOINT(longitude, latitude) as position
FROM travaux_enrichis
    );
  
[0m02:07:44.308247 [debug] [Thread-1 (]: BigQuery adapter: https://console.cloud.google.com/bigquery?project=my-project-travaux-angers&j=bq:US:0454ec1a-7ef1-4cf2-b27e-cb93d4393383&page=queryresults
[0m02:07:46.806297 [debug] [Thread-1 (]: Sending event: {'category': 'dbt', 'action': 'run_model', 'label': '534d1f4c-63e1-422e-9109-92894486c508', 'context': [<snowplow_tracker.self_describing_json.SelfDescribingJson object at 0x7f02daeb3290>]}
[0m02:07:46.807979 [info ] [Thread-1 (]: 7 of 9 OK created sql table model travaux_angers_gold.dim_travaux_details ...... [[32mCREATE TABLE (13.1k rows, 3.8 MiB processed)[0m in 3.38s]
[0m02:07:46.809248 [debug] [Thread-1 (]: Finished running node model.travaux_angers.dim_travaux_details
[0m02:07:46.810090 [debug] [Thread-1 (]: Began running node model.travaux_angers.fct_travaux_stats
[0m02:07:46.811303 [info ] [Thread-1 (]: 8 of 9 START sql table model travaux_angers_gold.fct_travaux_stats ............. [RUN]
[0m02:07:46.812257 [debug] [Thread-1 (]: Re-using an available connection from the pool (formerly model.travaux_angers.dim_travaux_details, now model.travaux_angers.fct_travaux_stats)
[0m02:07:46.813105 [debug] [Thread-1 (]: Began compiling node model.travaux_angers.fct_travaux_stats
[0m02:07:46.818486 [debug] [Thread-1 (]: Writing injected SQL for node "model.travaux_angers.fct_travaux_stats"
[0m02:07:46.821128 [debug] [Thread-1 (]: Began executing node model.travaux_angers.fct_travaux_stats
[0m02:07:46.823994 [debug] [Thread-1 (]: Opening a new connection, currently in state closed
[0m02:07:47.307275 [debug] [Thread-1 (]: Writing runtime sql for node "model.travaux_angers.fct_travaux_stats"
[0m02:07:47.308561 [debug] [Thread-1 (]: On model.travaux_angers.fct_travaux_stats: /* {"app": "dbt", "dbt_version": "1.10.7", "profile_name": "travaux_angers", "target_name": "dev", "node_id": "model.travaux_angers.fct_travaux_stats"} */

  
    

    create or replace table `my-project-travaux-angers`.`travaux_angers_gold`.`fct_travaux_stats`
      
    
    

    
    OPTIONS()
    as (
      -- Modèle pour les analyses temporelles et les statistiques

WITH travaux_details AS (
    SELECT
        -- Clés et dimensions
        id,
        type as type_travaux,
        DATE_TRUNC(date_debut, DAY) as jour,  -- Changement à une granularité journalière

        -- Métriques temporelles
        DATE_DIFF(date_fin, date_debut, DAY) as duree_jours,
        CASE
            WHEN CURRENT_TIMESTAMP() BETWEEN date_debut AND date_fin THEN 1
            ELSE 0
        END as est_en_cours,

        -- Géolocalisation
        longitude,
        latitude,

        -- Autres informations
        titre,
        description,
        adresse
    FROM `my-project-travaux-angers`.`travaux_angers_silver`.`stg_travaux_angers`
),

statistiques_agregees AS (
    SELECT
        jour,
        type_travaux,
        -- Métriques d'agrégation
        COUNT(DISTINCT id) as nombre_travaux,
        SUM(est_en_cours) as travaux_en_cours,
        AVG(duree_jours) as duree_moyenne_jours,
        MIN(duree_jours) as duree_min_jours,
        MAX(duree_jours) as duree_max_jours,
        -- Coordonnées moyennes
        AVG(longitude) as longitude_moyenne,
        AVG(latitude) as latitude_moyenne,
        -- Liste des IDs pour jointure
        STRING_AGG(CAST(id as STRING), ',') as ids_travaux
    FROM travaux_details
    GROUP BY
        jour,
        type_travaux
)

SELECT
    -- Dimensions temporelles et type
    jour,
    type_travaux,
    ids_travaux,

    -- Métriques calculées
    nombre_travaux,
    travaux_en_cours,
    ROUND(duree_moyenne_jours, 1) as duree_moyenne_jours,
    duree_min_jours,
    duree_max_jours,

    -- Ratios et pourcentages
    SAFE_DIVIDE(travaux_en_cours, nombre_travaux) as ratio_actif,

    -- Position moyenne du groupe
    ST_GEOGPOINT(longitude_moyenne, latitude_moyenne) as position_representative,

    -- Horodatage
    CURRENT_TIMESTAMP() as _updated_at
FROM statistiques_agregees
ORDER BY
    jour DESC,
    nombre_travaux DESC
    );
  
[0m02:07:47.823836 [debug] [Thread-1 (]: BigQuery adapter: https://console.cloud.google.com/bigquery?project=my-project-travaux-angers&j=bq:US:8ee4a2ce-493c-4a1f-bae8-a232a4f10d9a&page=queryresults
[0m02:07:50.639410 [debug] [Thread-1 (]: Sending event: {'category': 'dbt', 'action': 'run_model', 'label': '534d1f4c-63e1-422e-9109-92894486c508', 'context': [<snowplow_tracker.self_describing_json.SelfDescribingJson object at 0x7f02dad6f470>]}
[0m02:07:50.640407 [info ] [Thread-1 (]: 8 of 9 OK created sql table model travaux_angers_gold.fct_travaux_stats ........ [[32mCREATE TABLE (31.0 rows, 603.1 KiB processed)[0m in 3.83s]
[0m02:07:50.641176 [debug] [Thread-1 (]: Finished running node model.travaux_angers.fct_travaux_stats
[0m02:07:50.641592 [debug] [Thread-1 (]: Began running node model.travaux_angers.fct_travaux_stats_daily
[0m02:07:50.642129 [info ] [Thread-1 (]: 9 of 9 START sql table model travaux_angers_gold.fct_travaux_stats_daily ....... [RUN]
[0m02:07:50.642692 [debug] [Thread-1 (]: Re-using an available connection from the pool (formerly model.travaux_angers.fct_travaux_stats, now model.travaux_angers.fct_travaux_stats_daily)
[0m02:07:50.643069 [debug] [Thread-1 (]: Began compiling node model.travaux_angers.fct_travaux_stats_daily
[0m02:07:50.647740 [debug] [Thread-1 (]: Writing injected SQL for node "model.travaux_angers.fct_travaux_stats_daily"
[0m02:07:50.649348 [debug] [Thread-1 (]: Began executing node model.travaux_angers.fct_travaux_stats_daily
[0m02:07:50.652001 [debug] [Thread-1 (]: Opening a new connection, currently in state closed
[0m02:07:51.045376 [debug] [Thread-1 (]: Writing runtime sql for node "model.travaux_angers.fct_travaux_stats_daily"
[0m02:07:51.047124 [debug] [Thread-1 (]: On model.travaux_angers.fct_travaux_stats_daily: /* {"app": "dbt", "dbt_version": "1.10.7", "profile_name": "travaux_angers", "target_name": "dev", "node_id": "model.travaux_angers.fct_travaux_stats_daily"} */

  
    

    create or replace table `my-project-travaux-angers`.`travaux_angers_gold`.`fct_travaux_stats_daily`
      
    
    

    
    OPTIONS()
    as (
      WITH travaux_details AS (
    SELECT
        -- Clés et dimensions
        id,
        type as type_travaux,
        DATE(date_debut) as jour,  -- Date journalière

        -- Métriques temporelles
        DATE_DIFF(date_fin, date_debut, DAY) as duree_jours,
        CASE
            WHEN CURRENT_TIMESTAMP() BETWEEN date_debut AND date_fin THEN 1
            ELSE 0
        END as est_en_cours,

        -- Géolocalisation
        longitude,
        latitude,

        -- Autres informations
        titre,
        description,
        adresse
    FROM `my-project-travaux-angers`.`travaux_angers_silver`.`stg_travaux_angers`
),

statistiques_journalieres AS (
    SELECT
        jour,
        type_travaux,
        -- Métriques d'agrégation
        COUNT(DISTINCT id) as nombre_travaux,
        SUM(est_en_cours) as travaux_en_cours,
        AVG(duree_jours) as duree_moyenne_jours,
        MIN(duree_jours) as duree_min_jours,
        MAX(duree_jours) as duree_max_jours,
        -- Coordonnées moyennes
        AVG(longitude) as longitude_moyenne,
        AVG(latitude) as latitude_moyenne,
        -- Liste des IDs pour jointure
        STRING_AGG(CAST(id as STRING), ',') as ids_travaux
    FROM travaux_details
    GROUP BY
        jour,
        type_travaux
)

SELECT
    -- Dimensions temporelles et type
    jour,
    type_travaux,
    ids_travaux,

    -- Métriques calculées
    nombre_travaux,
    travaux_en_cours,
    ROUND(duree_moyenne_jours, 1) as duree_moyenne_jours,
    duree_min_jours,
    duree_max_jours,

    -- Ratios et pourcentages
    SAFE_DIVIDE(travaux_en_cours, nombre_travaux) as ratio_actif,

    -- Position moyenne du groupe
    ST_GEOGPOINT(longitude_moyenne, latitude_moyenne) as position_representative,

    -- Horodatage
    CURRENT_TIMESTAMP() as _updated_at
FROM statistiques_journalieres
ORDER BY
    jour DESC,
    nombre_travaux DESC
    );
  
[0m02:07:51.567295 [debug] [Thread-1 (]: BigQuery adapter: https://console.cloud.google.com/bigquery?project=my-project-travaux-angers&j=bq:US:756d2d62-84bf-4836-8f7c-a4c9e142d3e8&page=queryresults
[0m02:07:54.332691 [debug] [Thread-1 (]: Sending event: {'category': 'dbt', 'action': 'run_model', 'label': '534d1f4c-63e1-422e-9109-92894486c508', 'context': [<snowplow_tracker.self_describing_json.SelfDescribingJson object at 0x7f02e1355430>]}
[0m02:07:54.333839 [info ] [Thread-1 (]: 9 of 9 OK created sql table model travaux_angers_gold.fct_travaux_stats_daily .. [[32mCREATE TABLE (31.0 rows, 603.1 KiB processed)[0m in 3.69s]
[0m02:07:54.334524 [debug] [Thread-1 (]: Finished running node model.travaux_angers.fct_travaux_stats_daily
[0m02:07:54.337181 [debug] [MainThread]: Opening a new connection, currently in state closed
[0m02:07:54.388827 [debug] [MainThread]: Connection 'master' was properly closed.
[0m02:07:54.390099 [debug] [MainThread]: Connection 'model.travaux_angers.fct_travaux_stats_daily' was properly closed.
[0m02:07:54.390666 [info ] [MainThread]: 
[0m02:07:54.391148 [info ] [MainThread]: Finished running 5 table models, 4 view models in 0 hours 0 minutes and 23.69 seconds (23.69s).
[0m02:07:54.392918 [debug] [MainThread]: Command end result
[0m02:07:54.428026 [debug] [MainThread]: Wrote artifact WritableManifest to /usr/ELT_Travaux_Angers/dbt/target/manifest.json
[0m02:07:54.430391 [debug] [MainThread]: Wrote artifact SemanticManifest to /usr/ELT_Travaux_Angers/dbt/target/semantic_manifest.json
[0m02:07:54.438609 [debug] [MainThread]: Wrote artifact RunExecutionResult to /usr/ELT_Travaux_Angers/dbt/target/run_results.json
[0m02:07:54.439103 [info ] [MainThread]: 
[0m02:07:54.439727 [info ] [MainThread]: [31mCompleted with 2 errors, 0 partial successes, and 0 warnings:[0m
[0m02:07:54.440153 [info ] [MainThread]: 
[0m02:07:54.440607 [error] [MainThread]: [31mFailure in model check_source (models/check_source.sql)[0m
[0m02:07:54.441017 [error] [MainThread]:   Database Error in model check_source (models/check_source.sql)
  Invalid project ID 'my-project-travaux-angers.travaux_angers'. Project IDs must contain 6-63 lowercase letters, digits, or dashes. Some project IDs also include domain name separated by a colon. IDs must start with a letter and may not end with a dash.
  compiled code at target/run/travaux_angers/models/check_source.sql
[0m02:07:54.441351 [info ] [MainThread]: 
[0m02:07:54.441638 [info ] [MainThread]:   compiled code at target/compiled/travaux_angers/models/check_source.sql
[0m02:07:54.441937 [info ] [MainThread]: 
[0m02:07:54.442297 [error] [MainThread]: [31mFailure in model fct_travaux_stats_monthly (models/gold/fct_travaux_stats_monthly.sql)[0m
[0m02:07:54.442627 [error] [MainThread]:   Database Error in model fct_travaux_stats_monthly (models/gold/fct_travaux_stats_monthly.sql)
  Unrecognized name: coordinate_x at [30:9]
  compiled code at target/run/travaux_angers/models/gold/fct_travaux_stats_monthly.sql
[0m02:07:54.442889 [info ] [MainThread]: 
[0m02:07:54.443213 [info ] [MainThread]:   compiled code at target/compiled/travaux_angers/models/gold/fct_travaux_stats_monthly.sql
[0m02:07:54.443481 [info ] [MainThread]: 
[0m02:07:54.443798 [info ] [MainThread]: Done. PASS=7 WARN=0 ERROR=2 SKIP=0 NO-OP=0 TOTAL=9
[0m02:07:54.444571 [debug] [MainThread]: Resource report: {"command_name": "run", "command_success": false, "command_wall_clock_time": 37.137096, "process_in_blocks": "0", "process_kernel_time": 8.754782, "process_mem_max_rss": "451596", "process_out_blocks": "3096", "process_user_time": 10.728114}
[0m02:07:54.445112 [debug] [MainThread]: Command `dbt run` failed at 02:07:54.444978 after 37.14 seconds
[0m02:07:54.445510 [debug] [MainThread]: Sending event: {'category': 'dbt', 'action': 'invocation', 'label': 'end', 'context': [<snowplow_tracker.self_describing_json.SelfDescribingJson object at 0x7f0317719b20>, <snowplow_tracker.self_describing_json.SelfDescribingJson object at 0x7f0317b3c7d0>, <snowplow_tracker.self_describing_json.SelfDescribingJson object at 0x7f0317b077a0>]}
[0m02:07:54.445858 [debug] [MainThread]: Flushing usage events
[0m02:07:55.038568 [debug] [MainThread]: An error was encountered while trying to flush usage events
[0m02:27:04.351555 [debug] [MainThread]: Sending event: {'category': 'dbt', 'action': 'invocation', 'label': 'start', 'context': [<snowplow_tracker.self_describing_json.SelfDescribingJson object at 0x7f50a97dea50>, <snowplow_tracker.self_describing_json.SelfDescribingJson object at 0x7f50a84c2060>, <snowplow_tracker.self_describing_json.SelfDescribingJson object at 0x7f50a7e26ab0>]}


============================== 02:27:04.357035 | 32add7f8-6450-471e-b40f-66e1dbba4cb0 ==============================
[0m02:27:04.357035 [info ] [MainThread]: Running with dbt=1.10.7
[0m02:27:04.357787 [debug] [MainThread]: running dbt with arguments {'printer_width': '80', 'indirect_selection': 'eager', 'write_json': 'True', 'log_cache_events': 'False', 'partial_parse': 'True', 'cache_selected_only': 'False', 'profiles_dir': '/usr/ELT_Travaux_Angers/dbt', 'fail_fast': 'False', 'warn_error': 'None', 'log_path': '/usr/ELT_Travaux_Angers/dbt/logs', 'version_check': 'True', 'debug': 'False', 'use_colors': 'True', 'use_experimental_parser': 'False', 'no_print': 'None', 'quiet': 'False', 'empty': 'None', 'log_format': 'default', 'invocation_command': 'dbt deps', 'static_parser': 'True', 'introspect': 'True', 'target_path': 'None', 'warn_error_options': 'WarnErrorOptionsV2(error=[], warn=[], silence=[])', 'send_anonymous_usage_stats': 'True'}
[0m02:27:04.619705 [debug] [MainThread]: Sending event: {'category': 'dbt', 'action': 'project_id', 'label': '32add7f8-6450-471e-b40f-66e1dbba4cb0', 'context': [<snowplow_tracker.self_describing_json.SelfDescribingJson object at 0x7f50a7a56f30>]}
[0m02:27:04.736063 [debug] [MainThread]: Set downloads directory='/tmp/dbt-downloads-qi17yi55'
[0m02:27:04.736595 [debug] [MainThread]: Making package index registry request: GET https://hub.getdbt.com/api/v1/index.json
[0m02:27:04.944536 [debug] [MainThread]: Response from registry index: GET https://hub.getdbt.com/api/v1/index.json 200
[0m02:27:04.946052 [debug] [MainThread]: Making package registry request: GET https://hub.getdbt.com/api/v1/dbt-labs/dbt_utils.json
[0m02:27:04.993003 [debug] [MainThread]: Response from registry: GET https://hub.getdbt.com/api/v1/dbt-labs/dbt_utils.json 200
[0m02:27:05.000637 [info ] [MainThread]: Installing dbt-labs/dbt_utils
[0m02:27:05.431141 [info ] [MainThread]: Installed from version 1.1.1
[0m02:27:05.432212 [info ] [MainThread]: Updated version available: 1.3.0
[0m02:27:05.433099 [debug] [MainThread]: Sending event: {'category': 'dbt', 'action': 'package', 'label': '32add7f8-6450-471e-b40f-66e1dbba4cb0', 'property_': 'install', 'context': [<snowplow_tracker.self_describing_json.SelfDescribingJson object at 0x7f50a78984a0>, <snowplow_tracker.self_describing_json.SelfDescribingJson object at 0x7f50a780cad0>]}
[0m02:27:05.433603 [info ] [MainThread]: 
[0m02:27:05.433980 [info ] [MainThread]: Updates available for packages: ['dbt-labs/dbt_utils']                 
Update your versions in packages.yml, then run dbt deps
[0m02:27:05.435902 [debug] [MainThread]: Resource report: {"command_name": "deps", "command_success": true, "command_wall_clock_time": 1.1795765, "process_in_blocks": "0", "process_kernel_time": 5.584046, "process_mem_max_rss": "128488", "process_out_blocks": "2224", "process_user_time": 4.989355}
[0m02:27:05.436936 [debug] [MainThread]: Command `dbt deps` succeeded at 02:27:05.436697 after 1.18 seconds
[0m02:27:05.437592 [debug] [MainThread]: Sending event: {'category': 'dbt', 'action': 'invocation', 'label': 'end', 'context': [<snowplow_tracker.self_describing_json.SelfDescribingJson object at 0x7f50a8898c50>, <snowplow_tracker.self_describing_json.SelfDescribingJson object at 0x7f50a7fc6c60>, <snowplow_tracker.self_describing_json.SelfDescribingJson object at 0x7f50a7985fa0>]}
[0m02:27:05.438236 [debug] [MainThread]: Flushing usage events
[0m02:27:05.863409 [debug] [MainThread]: An error was encountered while trying to flush usage events
[0m02:27:09.955615 [debug] [MainThread]: Sending event: {'category': 'dbt', 'action': 'invocation', 'label': 'start', 'context': [<snowplow_tracker.self_describing_json.SelfDescribingJson object at 0x7f89648d33e0>, <snowplow_tracker.self_describing_json.SelfDescribingJson object at 0x7f8961a5e8d0>, <snowplow_tracker.self_describing_json.SelfDescribingJson object at 0x7f8961a5e780>]}


============================== 02:27:09.958771 | 6e2ab097-8b82-4748-933e-1e0af139883b ==============================
[0m02:27:09.958771 [info ] [MainThread]: Running with dbt=1.10.7
[0m02:27:09.959327 [debug] [MainThread]: running dbt with arguments {'printer_width': '80', 'indirect_selection': 'eager', 'write_json': 'True', 'log_cache_events': 'False', 'partial_parse': 'True', 'cache_selected_only': 'False', 'warn_error': 'None', 'debug': 'False', 'profiles_dir': '/usr/ELT_Travaux_Angers/dbt', 'log_path': '/usr/ELT_Travaux_Angers/dbt/logs', 'version_check': 'True', 'fail_fast': 'False', 'use_colors': 'True', 'use_experimental_parser': 'False', 'empty': 'False', 'quiet': 'False', 'no_print': 'None', 'log_format': 'default', 'static_parser': 'True', 'warn_error_options': 'WarnErrorOptionsV2(error=[], warn=[], silence=[])', 'invocation_command': 'dbt run', 'target_path': 'None', 'introspect': 'True', 'send_anonymous_usage_stats': 'True'}
[0m02:27:20.861066 [debug] [MainThread]: Sending event: {'category': 'dbt', 'action': 'project_id', 'label': '6e2ab097-8b82-4748-933e-1e0af139883b', 'context': [<snowplow_tracker.self_describing_json.SelfDescribingJson object at 0x7f892cf76600>]}
[0m02:27:20.982426 [debug] [MainThread]: Sending event: {'category': 'dbt', 'action': 'adapter_info', 'label': '6e2ab097-8b82-4748-933e-1e0af139883b', 'context': [<snowplow_tracker.self_describing_json.SelfDescribingJson object at 0x7f89624d3b00>]}
[0m02:27:20.983343 [info ] [MainThread]: Registered adapter: bigquery=1.10.1
[0m02:27:21.207093 [debug] [MainThread]: checksum: 44f4b502e2ddc67beed4db71ce39b63f2d3b7fc0b96e49a69b096c8f6cc370bc, vars: {}, profile: , target: , version: 1.10.7
[0m02:27:21.509862 [debug] [MainThread]: Partial parsing enabled: 0 files deleted, 0 files added, 0 files changed.
[0m02:27:21.510495 [debug] [MainThread]: Partial parsing enabled, no changes found, skipping parsing
[0m02:27:21.596945 [debug] [MainThread]: Sending event: {'category': 'dbt', 'action': 'load_project', 'label': '6e2ab097-8b82-4748-933e-1e0af139883b', 'context': [<snowplow_tracker.self_describing_json.SelfDescribingJson object at 0x7f896293c9b0>]}
[0m02:27:21.801294 [debug] [MainThread]: Wrote artifact WritableManifest to /usr/ELT_Travaux_Angers/dbt/target/manifest.json
[0m02:27:21.804248 [debug] [MainThread]: Wrote artifact SemanticManifest to /usr/ELT_Travaux_Angers/dbt/target/semantic_manifest.json
[0m02:27:21.831174 [debug] [MainThread]: Sending event: {'category': 'dbt', 'action': 'resource_counts', 'label': '6e2ab097-8b82-4748-933e-1e0af139883b', 'context': [<snowplow_tracker.self_describing_json.SelfDescribingJson object at 0x7f892c364a10>]}
[0m02:27:21.831840 [info ] [MainThread]: Found 9 models, 1 analysis, 17 data tests, 1 source, 610 macros
[0m02:27:21.832256 [debug] [MainThread]: Sending event: {'category': 'dbt', 'action': 'runnable_timing', 'label': '6e2ab097-8b82-4748-933e-1e0af139883b', 'context': [<snowplow_tracker.self_describing_json.SelfDescribingJson object at 0x7f892c32d2b0>]}
[0m02:27:21.835630 [info ] [MainThread]: 
[0m02:27:21.836168 [info ] [MainThread]: Concurrency: 1 threads (target='dev')
[0m02:27:21.836548 [info ] [MainThread]: 
[0m02:27:21.837104 [debug] [MainThread]: Acquiring new bigquery connection 'master'
[0m02:27:21.843689 [debug] [ThreadPool]: Acquiring new bigquery connection 'list_my-project-travaux-angers'
[0m02:27:21.844495 [debug] [ThreadPool]: Opening a new connection, currently in state init
[0m02:27:22.294961 [debug] [ThreadPool]: Opening a new connection, currently in state closed
[0m02:27:22.726742 [debug] [ThreadPool]: Opening a new connection, currently in state closed
[0m02:27:23.161600 [debug] [ThreadPool]: Opening a new connection, currently in state closed
[0m02:27:23.592639 [debug] [ThreadPool]: Re-using an available connection from the pool (formerly list_my-project-travaux-angers, now list_my-project-travaux-angers_travaux_angers_silver)
[0m02:27:23.593478 [debug] [ThreadPool]: Opening a new connection, currently in state closed
[0m02:27:23.982790 [debug] [ThreadPool]: Re-using an available connection from the pool (formerly list_my-project-travaux-angers_travaux_angers_silver, now list_my-project-travaux-angers_travaux_angers_gold)
[0m02:27:23.984226 [debug] [ThreadPool]: Opening a new connection, currently in state closed
[0m02:27:24.361430 [debug] [ThreadPool]: Re-using an available connection from the pool (formerly list_my-project-travaux-angers_travaux_angers_gold, now list_my-project-travaux-angers_travaux_angers_bronze)
[0m02:27:24.363481 [debug] [ThreadPool]: Opening a new connection, currently in state closed
[0m02:27:24.765156 [debug] [ThreadPool]: Re-using an available connection from the pool (formerly list_my-project-travaux-angers_travaux_angers_bronze, now list_my-project-travaux-angers_travaux_angers)
[0m02:27:24.766359 [debug] [ThreadPool]: Opening a new connection, currently in state closed
[0m02:27:25.168190 [debug] [MainThread]: Sending event: {'category': 'dbt', 'action': 'runnable_timing', 'label': '6e2ab097-8b82-4748-933e-1e0af139883b', 'context': [<snowplow_tracker.self_describing_json.SelfDescribingJson object at 0x7f892c8b8260>]}
[0m02:27:25.168883 [debug] [MainThread]: Opening a new connection, currently in state init
[0m02:27:25.222379 [debug] [Thread-1 (]: Began running node model.travaux_angers.analyse_types
[0m02:27:25.223185 [info ] [Thread-1 (]: 1 of 9 START sql view model travaux_angers.analyse_types ....................... [RUN]
[0m02:27:25.223731 [debug] [Thread-1 (]: Re-using an available connection from the pool (formerly list_my-project-travaux-angers_travaux_angers, now model.travaux_angers.analyse_types)
[0m02:27:25.224090 [debug] [Thread-1 (]: Began compiling node model.travaux_angers.analyse_types
[0m02:27:25.236996 [debug] [Thread-1 (]: Writing injected SQL for node "model.travaux_angers.analyse_types"
[0m02:27:25.239000 [debug] [Thread-1 (]: Began executing node model.travaux_angers.analyse_types
[0m02:27:25.280770 [debug] [Thread-1 (]: Writing runtime sql for node "model.travaux_angers.analyse_types"
[0m02:27:25.281682 [debug] [Thread-1 (]: On model.travaux_angers.analyse_types: /* {"app": "dbt", "dbt_version": "1.10.7", "profile_name": "travaux_angers", "target_name": "dev", "node_id": "model.travaux_angers.analyse_types"} */


  create or replace view `my-project-travaux-angers`.`travaux_angers`.`analyse_types`
  OPTIONS()
  as 

SELECT
    type as type_travaux,
    COUNT(*) as nombre_total,
    COUNT(DISTINCT DATE_TRUNC(startat, MONTH)) as nombre_mois_distincts
FROM `my-project-travaux-angers`.`travaux_angers`.`travaux_angers`
GROUP BY type
ORDER BY nombre_total DESC;


[0m02:27:25.282840 [debug] [Thread-1 (]: Opening a new connection, currently in state closed
[0m02:27:25.901351 [debug] [Thread-1 (]: BigQuery adapter: https://console.cloud.google.com/bigquery?project=my-project-travaux-angers&j=bq:US:7756d5dc-8de8-4635-8471-db462360ed9b&page=queryresults
[0m02:27:26.483534 [debug] [Thread-1 (]: Sending event: {'category': 'dbt', 'action': 'run_model', 'label': '6e2ab097-8b82-4748-933e-1e0af139883b', 'context': [<snowplow_tracker.self_describing_json.SelfDescribingJson object at 0x7f892f6ebd70>]}
[0m02:27:26.485044 [info ] [Thread-1 (]: 1 of 9 OK created sql view model travaux_angers.analyse_types .................. [[32mCREATE VIEW (0 processed)[0m in 1.26s]
[0m02:27:26.485988 [debug] [Thread-1 (]: Finished running node model.travaux_angers.analyse_types
[0m02:27:26.486617 [debug] [Thread-1 (]: Began running node model.travaux_angers.check_columns
[0m02:27:26.487399 [info ] [Thread-1 (]: 2 of 9 START sql view model travaux_angers.check_columns ....................... [RUN]
[0m02:27:26.487938 [debug] [Thread-1 (]: Re-using an available connection from the pool (formerly model.travaux_angers.analyse_types, now model.travaux_angers.check_columns)
[0m02:27:26.488281 [debug] [Thread-1 (]: Began compiling node model.travaux_angers.check_columns
[0m02:27:26.493771 [debug] [Thread-1 (]: Writing injected SQL for node "model.travaux_angers.check_columns"
[0m02:27:26.494755 [debug] [Thread-1 (]: Began executing node model.travaux_angers.check_columns
[0m02:27:26.499708 [debug] [Thread-1 (]: Writing runtime sql for node "model.travaux_angers.check_columns"
[0m02:27:26.500676 [debug] [Thread-1 (]: On model.travaux_angers.check_columns: /* {"app": "dbt", "dbt_version": "1.10.7", "profile_name": "travaux_angers", "target_name": "dev", "node_id": "model.travaux_angers.check_columns"} */


  create or replace view `my-project-travaux-angers`.`travaux_angers`.`check_columns`
  OPTIONS()
  as 

SELECT *
FROM `my-project-travaux-angers`.`travaux_angers`.`travaux_angers`
LIMIT 1;


[0m02:27:26.502228 [debug] [Thread-1 (]: Opening a new connection, currently in state closed
[0m02:27:27.097364 [debug] [Thread-1 (]: BigQuery adapter: https://console.cloud.google.com/bigquery?project=my-project-travaux-angers&j=bq:US:559e8707-899f-4429-81be-d0f5cc014641&page=queryresults
[0m02:27:27.572557 [debug] [Thread-1 (]: Sending event: {'category': 'dbt', 'action': 'run_model', 'label': '6e2ab097-8b82-4748-933e-1e0af139883b', 'context': [<snowplow_tracker.self_describing_json.SelfDescribingJson object at 0x7f8929f3b9b0>]}
[0m02:27:27.573374 [info ] [Thread-1 (]: 2 of 9 OK created sql view model travaux_angers.check_columns .................. [[32mCREATE VIEW (0 processed)[0m in 1.08s]
[0m02:27:27.574018 [debug] [Thread-1 (]: Finished running node model.travaux_angers.check_columns
[0m02:27:27.575117 [debug] [Thread-1 (]: Began running node model.travaux_angers.check_source
[0m02:27:27.575893 [info ] [Thread-1 (]: 3 of 9 START sql view model travaux_angers.check_source ........................ [RUN]
[0m02:27:27.576617 [debug] [Thread-1 (]: Re-using an available connection from the pool (formerly model.travaux_angers.check_columns, now model.travaux_angers.check_source)
[0m02:27:27.576982 [debug] [Thread-1 (]: Began compiling node model.travaux_angers.check_source
[0m02:27:27.580894 [debug] [Thread-1 (]: Writing injected SQL for node "model.travaux_angers.check_source"
[0m02:27:27.581704 [debug] [Thread-1 (]: Began executing node model.travaux_angers.check_source
[0m02:27:27.585129 [debug] [Thread-1 (]: Writing runtime sql for node "model.travaux_angers.check_source"
[0m02:27:27.586330 [debug] [Thread-1 (]: On model.travaux_angers.check_source: /* {"app": "dbt", "dbt_version": "1.10.7", "profile_name": "travaux_angers", "target_name": "dev", "node_id": "model.travaux_angers.check_source"} */


  create or replace view `my-project-travaux-angers`.`travaux_angers`.`check_source`
  OPTIONS()
  as 

SELECT
    column_name,
    data_type
FROM `my-project-travaux-angers`.`travaux_angers`.`travaux_angers`.INFORMATION_SCHEMA.COLUMNS
WHERE table_name = 'travaux_angers'
ORDER BY ordinal_position;


[0m02:27:27.586743 [debug] [Thread-1 (]: Opening a new connection, currently in state closed
[0m02:27:28.014550 [debug] [Thread-1 (]: BigQuery adapter: https://console.cloud.google.com/bigquery?project=my-project-travaux-angers&j=bq:US:6d50b2f8-5fc6-4422-86b7-f9d8ec4864b4&page=queryresults
[0m02:27:28.015655 [error] [Thread-1 (]: BigQuery adapter: https://console.cloud.google.com/bigquery?project=my-project-travaux-angers&j=bq:US:6d50b2f8-5fc6-4422-86b7-f9d8ec4864b4&page=queryresults
[0m02:27:28.035436 [debug] [Thread-1 (]: Database Error in model check_source (models/check_source.sql)
  Invalid project ID 'my-project-travaux-angers.travaux_angers'. Project IDs must contain 6-63 lowercase letters, digits, or dashes. Some project IDs also include domain name separated by a colon. IDs must start with a letter and may not end with a dash.
  compiled code at target/run/travaux_angers/models/check_source.sql
[0m02:27:28.036277 [debug] [Thread-1 (]: Sending event: {'category': 'dbt', 'action': 'run_model', 'label': '6e2ab097-8b82-4748-933e-1e0af139883b', 'context': [<snowplow_tracker.self_describing_json.SelfDescribingJson object at 0x7f892c37fcb0>]}
[0m02:27:28.036963 [error] [Thread-1 (]: 3 of 9 ERROR creating sql view model travaux_angers.check_source ............... [[31mERROR[0m in 0.46s]
[0m02:27:28.037597 [debug] [Thread-1 (]: Finished running node model.travaux_angers.check_source
[0m02:27:28.038021 [debug] [Thread-1 (]: Began running node model.travaux_angers.fct_travaux_stats_monthly
[0m02:27:28.038855 [debug] [Thread-4 (]: Marking all children of 'model.travaux_angers.check_source' to be skipped because of status 'error'.  Reason: Database Error in model check_source (models/check_source.sql)
  Invalid project ID 'my-project-travaux-angers.travaux_angers'. Project IDs must contain 6-63 lowercase letters, digits, or dashes. Some project IDs also include domain name separated by a colon. IDs must start with a letter and may not end with a dash.
  compiled code at target/run/travaux_angers/models/check_source.sql.
[0m02:27:28.039712 [info ] [Thread-1 (]: 4 of 9 START sql table model travaux_angers_gold.fct_travaux_stats_monthly ..... [RUN]
[0m02:27:28.041034 [debug] [Thread-1 (]: Re-using an available connection from the pool (formerly model.travaux_angers.check_source, now model.travaux_angers.fct_travaux_stats_monthly)
[0m02:27:28.042160 [debug] [Thread-1 (]: Began compiling node model.travaux_angers.fct_travaux_stats_monthly
[0m02:27:28.045961 [debug] [Thread-1 (]: Writing injected SQL for node "model.travaux_angers.fct_travaux_stats_monthly"
[0m02:27:28.046959 [debug] [Thread-1 (]: Began executing node model.travaux_angers.fct_travaux_stats_monthly
[0m02:27:28.061335 [debug] [Thread-1 (]: Opening a new connection, currently in state closed
[0m02:27:28.474827 [debug] [Thread-1 (]: Writing runtime sql for node "model.travaux_angers.fct_travaux_stats_monthly"
[0m02:27:28.475878 [debug] [Thread-1 (]: On model.travaux_angers.fct_travaux_stats_monthly: /* {"app": "dbt", "dbt_version": "1.10.7", "profile_name": "travaux_angers", "target_name": "dev", "node_id": "model.travaux_angers.fct_travaux_stats_monthly"} */

  
    

    create or replace table `my-project-travaux-angers`.`travaux_angers_gold`.`fct_travaux_stats_monthly`
      
    
    

    
    OPTIONS()
    as (
      WITH travaux_details AS (
    SELECT
        -- Clés et dimensions
        id,
        type as type_travaux,
        DATE_TRUNC(startat, MONTH) as mois,  -- Date mensuelle
        startat as date_debut,

        -- Métriques temporelles
        DATE_DIFF(endat, startat, DAY) as duree_jours,
        CASE
            WHEN CURRENT_TIMESTAMP() BETWEEN startat AND endat THEN 1
            ELSE 0
        END as est_en_cours,

        -- Géolocalisation
        coordinate_x as longitude,
        coordinate_y as latitude,

        -- Autres informations
        title as titre,
        description,
        address as adresse
    FROM `my-project-travaux-angers`.`travaux_angers`.`travaux_angers`
),

statistiques_mensuelles AS (
    SELECT
        mois,
        type_travaux,
        -- Métriques d'agrégation
        COUNT(DISTINCT id) as nombre_travaux,
        SUM(est_en_cours) as travaux_en_cours,
        AVG(duree_jours) as duree_moyenne_jours,
        MIN(duree_jours) as duree_min_jours,
        MAX(duree_jours) as duree_max_jours,
        -- Statistiques additionnelles mensuelles
        COUNT(DISTINCT DATE(date_debut)) as nombre_jours_avec_nouveaux_travaux,
        -- Coordonnées moyennes
        AVG(longitude) as longitude_moyenne,
        AVG(latitude) as latitude_moyenne,
        -- Liste des IDs pour jointure
        STRING_AGG(CAST(id as STRING), ',') as ids_travaux
    FROM travaux_details
    GROUP BY
        mois,
        type_travaux
)

SELECT
    -- Dimensions temporelles et type
    mois,
    type_travaux,
    ids_travaux,

    -- Métriques calculées
    nombre_travaux,
    travaux_en_cours,
    ROUND(duree_moyenne_jours, 1) as duree_moyenne_jours,
    duree_min_jours,
    duree_max_jours,
    nombre_jours_avec_nouveaux_travaux,

    -- Ratios et pourcentages
    SAFE_DIVIDE(travaux_en_cours, nombre_travaux) as ratio_actif,

    -- Position moyenne du groupe
    ST_GEOGPOINT(longitude_moyenne, latitude_moyenne) as position_representative,

    -- Horodatage
    CURRENT_TIMESTAMP() as _updated_at
FROM statistiques_mensuelles
ORDER BY
    mois DESC,
    nombre_travaux DESC
    );
  
[0m02:27:29.125235 [debug] [Thread-1 (]: BigQuery adapter: https://console.cloud.google.com/bigquery?project=my-project-travaux-angers&j=bq:US:8bbab92b-ff26-4285-8d1c-51a7d82d7a18&page=queryresults
[0m02:27:29.358450 [error] [Thread-1 (]: BigQuery adapter: https://console.cloud.google.com/bigquery?project=my-project-travaux-angers&j=bq:US:8bbab92b-ff26-4285-8d1c-51a7d82d7a18&page=queryresults
[0m02:27:29.361729 [debug] [Thread-1 (]: Database Error in model fct_travaux_stats_monthly (models/gold/fct_travaux_stats_monthly.sql)
  Unrecognized name: coordinate_x at [30:9]
  compiled code at target/run/travaux_angers/models/gold/fct_travaux_stats_monthly.sql
[0m02:27:29.362281 [debug] [Thread-1 (]: Sending event: {'category': 'dbt', 'action': 'run_model', 'label': '6e2ab097-8b82-4748-933e-1e0af139883b', 'context': [<snowplow_tracker.self_describing_json.SelfDescribingJson object at 0x7f8929e52e10>]}
[0m02:27:29.363100 [error] [Thread-1 (]: 4 of 9 ERROR creating sql table model travaux_angers_gold.fct_travaux_stats_monthly  [[31mERROR[0m in 1.32s]
[0m02:27:29.363691 [debug] [Thread-1 (]: Finished running node model.travaux_angers.fct_travaux_stats_monthly
[0m02:27:29.364082 [debug] [Thread-1 (]: Began running node model.travaux_angers.src_travaux_angers
[0m02:27:29.364565 [info ] [Thread-1 (]: 5 of 9 START sql view model travaux_angers_bronze.src_travaux_angers ........... [RUN]
[0m02:27:29.365061 [debug] [Thread-1 (]: Re-using an available connection from the pool (formerly model.travaux_angers.fct_travaux_stats_monthly, now model.travaux_angers.src_travaux_angers)
[0m02:27:29.365636 [debug] [Thread-1 (]: Began compiling node model.travaux_angers.src_travaux_angers
[0m02:27:29.371821 [debug] [Thread-4 (]: Marking all children of 'model.travaux_angers.fct_travaux_stats_monthly' to be skipped because of status 'error'.  Reason: Database Error in model fct_travaux_stats_monthly (models/gold/fct_travaux_stats_monthly.sql)
  Unrecognized name: coordinate_x at [30:9]
  compiled code at target/run/travaux_angers/models/gold/fct_travaux_stats_monthly.sql.
[0m02:27:29.373243 [debug] [Thread-1 (]: Writing injected SQL for node "model.travaux_angers.src_travaux_angers"
[0m02:27:29.375559 [debug] [Thread-1 (]: Began executing node model.travaux_angers.src_travaux_angers
[0m02:27:29.378785 [debug] [Thread-1 (]: Writing runtime sql for node "model.travaux_angers.src_travaux_angers"
[0m02:27:29.379538 [debug] [Thread-1 (]: On model.travaux_angers.src_travaux_angers: /* {"app": "dbt", "dbt_version": "1.10.7", "profile_name": "travaux_angers", "target_name": "dev", "node_id": "model.travaux_angers.src_travaux_angers"} */


  create or replace view `my-project-travaux-angers`.`travaux_angers_bronze`.`src_travaux_angers`
  OPTIONS()
  as -- bronze/src_travaux_angers.sql
-- Source brute des données de travaux
SELECT
    *,
    CURRENT_TIMESTAMP() as _loaded_at
FROM `my-project-travaux-angers`.`travaux_angers`.`travaux_angers`;


[0m02:27:29.379978 [debug] [Thread-1 (]: Opening a new connection, currently in state closed
[0m02:27:30.128514 [debug] [Thread-1 (]: BigQuery adapter: https://console.cloud.google.com/bigquery?project=my-project-travaux-angers&j=bq:US:be134e7b-1671-46b5-9182-5048e507ba49&page=queryresults
[0m02:27:30.534141 [debug] [Thread-1 (]: Sending event: {'category': 'dbt', 'action': 'run_model', 'label': '6e2ab097-8b82-4748-933e-1e0af139883b', 'context': [<snowplow_tracker.self_describing_json.SelfDescribingJson object at 0x7f8929e41cd0>]}
[0m02:27:30.534977 [info ] [Thread-1 (]: 5 of 9 OK created sql view model travaux_angers_bronze.src_travaux_angers ...... [[32mCREATE VIEW (0 processed)[0m in 1.17s]
[0m02:27:30.535651 [debug] [Thread-1 (]: Finished running node model.travaux_angers.src_travaux_angers
[0m02:27:30.536790 [debug] [Thread-1 (]: Began running node model.travaux_angers.stg_travaux_angers
[0m02:27:30.537342 [info ] [Thread-1 (]: 6 of 9 START sql table model travaux_angers_silver.stg_travaux_angers .......... [RUN]
[0m02:27:30.538167 [debug] [Thread-1 (]: Re-using an available connection from the pool (formerly model.travaux_angers.src_travaux_angers, now model.travaux_angers.stg_travaux_angers)
[0m02:27:30.538556 [debug] [Thread-1 (]: Began compiling node model.travaux_angers.stg_travaux_angers
[0m02:27:30.542037 [debug] [Thread-1 (]: Writing injected SQL for node "model.travaux_angers.stg_travaux_angers"
[0m02:27:30.542856 [debug] [Thread-1 (]: Began executing node model.travaux_angers.stg_travaux_angers
[0m02:27:30.546452 [debug] [Thread-1 (]: Opening a new connection, currently in state closed
[0m02:27:31.055346 [debug] [Thread-1 (]: Writing runtime sql for node "model.travaux_angers.stg_travaux_angers"
[0m02:27:31.056550 [debug] [Thread-1 (]: On model.travaux_angers.stg_travaux_angers: /* {"app": "dbt", "dbt_version": "1.10.7", "profile_name": "travaux_angers", "target_name": "dev", "node_id": "model.travaux_angers.stg_travaux_angers"} */

  
    

    create or replace table `my-project-travaux-angers`.`travaux_angers_silver`.`stg_travaux_angers`
      
    
    

    
    OPTIONS()
    as (
      -- silver/stg_travaux_angers.sql
-- Données nettoyées et standardisées
WITH source AS (
    SELECT * FROM `my-project-travaux-angers`.`travaux_angers_bronze`.`src_travaux_angers`
)

SELECT
    -- Informations de base
    id,
    title as titre,
    description,
    address as adresse,

    -- Dates et durée
    TIMESTAMP(startat) as date_debut,
    TIMESTAMP(endat) as date_fin,

    -- Informations sur le trafic et le type
    traffic as impact_trafic,
    type,

    -- Coordonnées géographiques (extraites du geo_point_2d)
    CAST(JSON_EXTRACT(geo_point_2d, '$.lon') as FLOAT64) as longitude,
    CAST(JSON_EXTRACT(geo_point_2d, '$.lat') as FLOAT64) as latitude,

    -- Informations de contact
    contact,
    email,

    -- Métadonnées
    istramway as est_tramway,
    idparking as id_parking,

    -- Horodatage de mise à jour
    CURRENT_TIMESTAMP() as _updated_at
FROM source
    );
  
[0m02:27:31.633368 [debug] [Thread-1 (]: BigQuery adapter: https://console.cloud.google.com/bigquery?project=my-project-travaux-angers&j=bq:US:ca4c0481-f97d-4d3b-9f16-1c649bf7d8f9&page=queryresults
[0m02:27:33.641871 [debug] [Thread-1 (]: Sending event: {'category': 'dbt', 'action': 'run_model', 'label': '6e2ab097-8b82-4748-933e-1e0af139883b', 'context': [<snowplow_tracker.self_describing_json.SelfDescribingJson object at 0x7f892a07ab70>]}
[0m02:27:33.642705 [info ] [Thread-1 (]: 6 of 9 OK created sql table model travaux_angers_silver.stg_travaux_angers ..... [[32mCREATE TABLE (14.1k rows, 4.5 MiB processed)[0m in 3.10s]
[0m02:27:33.643371 [debug] [Thread-1 (]: Finished running node model.travaux_angers.stg_travaux_angers
[0m02:27:33.644566 [debug] [Thread-1 (]: Began running node model.travaux_angers.dim_travaux_details
[0m02:27:33.645219 [info ] [Thread-1 (]: 7 of 9 START sql table model travaux_angers_gold.dim_travaux_details ........... [RUN]
[0m02:27:33.645727 [debug] [Thread-1 (]: Re-using an available connection from the pool (formerly model.travaux_angers.stg_travaux_angers, now model.travaux_angers.dim_travaux_details)
[0m02:27:33.646321 [debug] [Thread-1 (]: Began compiling node model.travaux_angers.dim_travaux_details
[0m02:27:33.649644 [debug] [Thread-1 (]: Writing injected SQL for node "model.travaux_angers.dim_travaux_details"
[0m02:27:33.650779 [debug] [Thread-1 (]: Began executing node model.travaux_angers.dim_travaux_details
[0m02:27:33.653370 [debug] [Thread-1 (]: Opening a new connection, currently in state closed
[0m02:27:34.041024 [debug] [Thread-1 (]: Writing runtime sql for node "model.travaux_angers.dim_travaux_details"
[0m02:27:34.042135 [debug] [Thread-1 (]: On model.travaux_angers.dim_travaux_details: /* {"app": "dbt", "dbt_version": "1.10.7", "profile_name": "travaux_angers", "target_name": "dev", "node_id": "model.travaux_angers.dim_travaux_details"} */

  
    

    create or replace table `my-project-travaux-angers`.`travaux_angers_gold`.`dim_travaux_details`
      
    
    

    
    OPTIONS()
    as (
      -- Modèle pour la visualisation des travaux actifs et leurs caractéristiques
WITH travaux_enrichis AS (
    SELECT
        *,
        TIMESTAMP_DIFF(date_fin, date_debut, DAY) as duree_jours,
        CASE
            WHEN CURRENT_TIMESTAMP() BETWEEN date_debut AND date_fin THEN 'En cours'
            WHEN CURRENT_TIMESTAMP() < date_debut THEN 'À venir'
            ELSE 'Terminé'
        END as statut
    FROM `my-project-travaux-angers`.`travaux_angers_silver`.`stg_travaux_angers`
)

SELECT
    id,
    titre,
    date_debut,
    date_fin,
    duree_jours,
    longitude,
    latitude,
    type as type_travaux,
    description,
    adresse,
    statut,
    est_tramway,
    id_parking,
    contact,
    email,
    _updated_at,
    -- Création d'une géométrie pour la visualisation cartographique
    ST_GEOGPOINT(longitude, latitude) as position
FROM travaux_enrichis
    );
  
[0m02:27:34.576084 [debug] [Thread-1 (]: BigQuery adapter: https://console.cloud.google.com/bigquery?project=my-project-travaux-angers&j=bq:US:d7daf3e9-7338-41a9-8118-9654e382820e&page=queryresults
[0m02:27:36.841413 [debug] [Thread-1 (]: Sending event: {'category': 'dbt', 'action': 'run_model', 'label': '6e2ab097-8b82-4748-933e-1e0af139883b', 'context': [<snowplow_tracker.self_describing_json.SelfDescribingJson object at 0x7f892a079b50>]}
[0m02:27:36.842229 [info ] [Thread-1 (]: 7 of 9 OK created sql table model travaux_angers_gold.dim_travaux_details ...... [[32mCREATE TABLE (14.1k rows, 4.1 MiB processed)[0m in 3.20s]
[0m02:27:36.842955 [debug] [Thread-1 (]: Finished running node model.travaux_angers.dim_travaux_details
[0m02:27:36.843402 [debug] [Thread-1 (]: Began running node model.travaux_angers.fct_travaux_stats
[0m02:27:36.844231 [info ] [Thread-1 (]: 8 of 9 START sql table model travaux_angers_gold.fct_travaux_stats ............. [RUN]
[0m02:27:36.844889 [debug] [Thread-1 (]: Re-using an available connection from the pool (formerly model.travaux_angers.dim_travaux_details, now model.travaux_angers.fct_travaux_stats)
[0m02:27:36.845410 [debug] [Thread-1 (]: Began compiling node model.travaux_angers.fct_travaux_stats
[0m02:27:36.849590 [debug] [Thread-1 (]: Writing injected SQL for node "model.travaux_angers.fct_travaux_stats"
[0m02:27:36.850584 [debug] [Thread-1 (]: Began executing node model.travaux_angers.fct_travaux_stats
[0m02:27:36.853713 [debug] [Thread-1 (]: Opening a new connection, currently in state closed
[0m02:27:37.261056 [debug] [Thread-1 (]: Writing runtime sql for node "model.travaux_angers.fct_travaux_stats"
[0m02:27:37.263119 [debug] [Thread-1 (]: On model.travaux_angers.fct_travaux_stats: /* {"app": "dbt", "dbt_version": "1.10.7", "profile_name": "travaux_angers", "target_name": "dev", "node_id": "model.travaux_angers.fct_travaux_stats"} */

  
    

    create or replace table `my-project-travaux-angers`.`travaux_angers_gold`.`fct_travaux_stats`
      
    
    

    
    OPTIONS()
    as (
      -- Modèle pour les analyses temporelles et les statistiques

WITH travaux_details AS (
    SELECT
        -- Clés et dimensions
        id,
        type as type_travaux,
        DATE_TRUNC(date_debut, DAY) as jour,  -- Changement à une granularité journalière

        -- Métriques temporelles
        DATE_DIFF(date_fin, date_debut, DAY) as duree_jours,
        CASE
            WHEN CURRENT_TIMESTAMP() BETWEEN date_debut AND date_fin THEN 1
            ELSE 0
        END as est_en_cours,

        -- Géolocalisation
        longitude,
        latitude,

        -- Autres informations
        titre,
        description,
        adresse
    FROM `my-project-travaux-angers`.`travaux_angers_silver`.`stg_travaux_angers`
),

statistiques_agregees AS (
    SELECT
        jour,
        type_travaux,
        -- Métriques d'agrégation
        COUNT(DISTINCT id) as nombre_travaux,
        SUM(est_en_cours) as travaux_en_cours,
        AVG(duree_jours) as duree_moyenne_jours,
        MIN(duree_jours) as duree_min_jours,
        MAX(duree_jours) as duree_max_jours,
        -- Coordonnées moyennes
        AVG(longitude) as longitude_moyenne,
        AVG(latitude) as latitude_moyenne,
        -- Liste des IDs pour jointure
        STRING_AGG(CAST(id as STRING), ',') as ids_travaux
    FROM travaux_details
    GROUP BY
        jour,
        type_travaux
)

SELECT
    -- Dimensions temporelles et type
    jour,
    type_travaux,
    ids_travaux,

    -- Métriques calculées
    nombre_travaux,
    travaux_en_cours,
    ROUND(duree_moyenne_jours, 1) as duree_moyenne_jours,
    duree_min_jours,
    duree_max_jours,

    -- Ratios et pourcentages
    SAFE_DIVIDE(travaux_en_cours, nombre_travaux) as ratio_actif,

    -- Position moyenne du groupe
    ST_GEOGPOINT(longitude_moyenne, latitude_moyenne) as position_representative,

    -- Horodatage
    CURRENT_TIMESTAMP() as _updated_at
FROM statistiques_agregees
ORDER BY
    jour DESC,
    nombre_travaux DESC
    );
  
[0m02:27:37.691339 [debug] [Thread-1 (]: BigQuery adapter: https://console.cloud.google.com/bigquery?project=my-project-travaux-angers&j=bq:US:20c66e47-7c35-4261-b60a-38bed9e60ec9&page=queryresults
[0m02:27:39.916293 [debug] [Thread-1 (]: Sending event: {'category': 'dbt', 'action': 'run_model', 'label': '6e2ab097-8b82-4748-933e-1e0af139883b', 'context': [<snowplow_tracker.self_describing_json.SelfDescribingJson object at 0x7f8929eaa900>]}
[0m02:27:39.917206 [info ] [Thread-1 (]: 8 of 9 OK created sql table model travaux_angers_gold.fct_travaux_stats ........ [[32mCREATE TABLE (31.0 rows, 648.5 KiB processed)[0m in 3.07s]
[0m02:27:39.917897 [debug] [Thread-1 (]: Finished running node model.travaux_angers.fct_travaux_stats
[0m02:27:39.918320 [debug] [Thread-1 (]: Began running node model.travaux_angers.fct_travaux_stats_daily
[0m02:27:39.918871 [info ] [Thread-1 (]: 9 of 9 START sql table model travaux_angers_gold.fct_travaux_stats_daily ....... [RUN]
[0m02:27:39.919974 [debug] [Thread-1 (]: Re-using an available connection from the pool (formerly model.travaux_angers.fct_travaux_stats, now model.travaux_angers.fct_travaux_stats_daily)
[0m02:27:39.920549 [debug] [Thread-1 (]: Began compiling node model.travaux_angers.fct_travaux_stats_daily
[0m02:27:39.924001 [debug] [Thread-1 (]: Writing injected SQL for node "model.travaux_angers.fct_travaux_stats_daily"
[0m02:27:39.925093 [debug] [Thread-1 (]: Began executing node model.travaux_angers.fct_travaux_stats_daily
[0m02:27:39.927377 [debug] [Thread-1 (]: Opening a new connection, currently in state closed
[0m02:27:40.322511 [debug] [Thread-1 (]: Writing runtime sql for node "model.travaux_angers.fct_travaux_stats_daily"
[0m02:27:40.323578 [debug] [Thread-1 (]: On model.travaux_angers.fct_travaux_stats_daily: /* {"app": "dbt", "dbt_version": "1.10.7", "profile_name": "travaux_angers", "target_name": "dev", "node_id": "model.travaux_angers.fct_travaux_stats_daily"} */

  
    

    create or replace table `my-project-travaux-angers`.`travaux_angers_gold`.`fct_travaux_stats_daily`
      
    
    

    
    OPTIONS()
    as (
      WITH travaux_details AS (
    SELECT
        -- Clés et dimensions
        id,
        type as type_travaux,
        DATE(date_debut) as jour,  -- Date journalière

        -- Métriques temporelles
        DATE_DIFF(date_fin, date_debut, DAY) as duree_jours,
        CASE
            WHEN CURRENT_TIMESTAMP() BETWEEN date_debut AND date_fin THEN 1
            ELSE 0
        END as est_en_cours,

        -- Géolocalisation
        longitude,
        latitude,

        -- Autres informations
        titre,
        description,
        adresse
    FROM `my-project-travaux-angers`.`travaux_angers_silver`.`stg_travaux_angers`
),

statistiques_journalieres AS (
    SELECT
        jour,
        type_travaux,
        -- Métriques d'agrégation
        COUNT(DISTINCT id) as nombre_travaux,
        SUM(est_en_cours) as travaux_en_cours,
        AVG(duree_jours) as duree_moyenne_jours,
        MIN(duree_jours) as duree_min_jours,
        MAX(duree_jours) as duree_max_jours,
        -- Coordonnées moyennes
        AVG(longitude) as longitude_moyenne,
        AVG(latitude) as latitude_moyenne,
        -- Liste des IDs pour jointure
        STRING_AGG(CAST(id as STRING), ',') as ids_travaux
    FROM travaux_details
    GROUP BY
        jour,
        type_travaux
)

SELECT
    -- Dimensions temporelles et type
    jour,
    type_travaux,
    ids_travaux,

    -- Métriques calculées
    nombre_travaux,
    travaux_en_cours,
    ROUND(duree_moyenne_jours, 1) as duree_moyenne_jours,
    duree_min_jours,
    duree_max_jours,

    -- Ratios et pourcentages
    SAFE_DIVIDE(travaux_en_cours, nombre_travaux) as ratio_actif,

    -- Position moyenne du groupe
    ST_GEOGPOINT(longitude_moyenne, latitude_moyenne) as position_representative,

    -- Horodatage
    CURRENT_TIMESTAMP() as _updated_at
FROM statistiques_journalieres
ORDER BY
    jour DESC,
    nombre_travaux DESC
    );
  
[0m02:27:40.785211 [debug] [Thread-1 (]: BigQuery adapter: https://console.cloud.google.com/bigquery?project=my-project-travaux-angers&j=bq:US:8db0bd49-c0a9-4aaf-9b2c-57798fae6699&page=queryresults
[0m02:27:43.047740 [debug] [Thread-1 (]: Sending event: {'category': 'dbt', 'action': 'run_model', 'label': '6e2ab097-8b82-4748-933e-1e0af139883b', 'context': [<snowplow_tracker.self_describing_json.SelfDescribingJson object at 0x7f892c2090d0>]}
[0m02:27:43.048581 [info ] [Thread-1 (]: 9 of 9 OK created sql table model travaux_angers_gold.fct_travaux_stats_daily .. [[32mCREATE TABLE (31.0 rows, 648.5 KiB processed)[0m in 3.13s]
[0m02:27:43.050084 [debug] [Thread-1 (]: Finished running node model.travaux_angers.fct_travaux_stats_daily
[0m02:27:43.052264 [debug] [MainThread]: Opening a new connection, currently in state closed
[0m02:27:43.094458 [debug] [MainThread]: Connection 'master' was properly closed.
[0m02:27:43.094956 [debug] [MainThread]: Connection 'model.travaux_angers.fct_travaux_stats_daily' was properly closed.
[0m02:27:43.095412 [info ] [MainThread]: 
[0m02:27:43.095795 [info ] [MainThread]: Finished running 5 table models, 4 view models in 0 hours 0 minutes and 21.26 seconds (21.26s).
[0m02:27:43.097361 [debug] [MainThread]: Command end result
[0m02:27:43.135003 [debug] [MainThread]: Wrote artifact WritableManifest to /usr/ELT_Travaux_Angers/dbt/target/manifest.json
[0m02:27:43.137055 [debug] [MainThread]: Wrote artifact SemanticManifest to /usr/ELT_Travaux_Angers/dbt/target/semantic_manifest.json
[0m02:27:43.143969 [debug] [MainThread]: Wrote artifact RunExecutionResult to /usr/ELT_Travaux_Angers/dbt/target/run_results.json
[0m02:27:43.144383 [info ] [MainThread]: 
[0m02:27:43.144816 [info ] [MainThread]: [31mCompleted with 2 errors, 0 partial successes, and 0 warnings:[0m
[0m02:27:43.145155 [info ] [MainThread]: 
[0m02:27:43.145552 [error] [MainThread]: [31mFailure in model check_source (models/check_source.sql)[0m
[0m02:27:43.145949 [error] [MainThread]:   Database Error in model check_source (models/check_source.sql)
  Invalid project ID 'my-project-travaux-angers.travaux_angers'. Project IDs must contain 6-63 lowercase letters, digits, or dashes. Some project IDs also include domain name separated by a colon. IDs must start with a letter and may not end with a dash.
  compiled code at target/run/travaux_angers/models/check_source.sql
[0m02:27:43.146231 [info ] [MainThread]: 
[0m02:27:43.146569 [info ] [MainThread]:   compiled code at target/compiled/travaux_angers/models/check_source.sql
[0m02:27:43.146848 [info ] [MainThread]: 
[0m02:27:43.147173 [error] [MainThread]: [31mFailure in model fct_travaux_stats_monthly (models/gold/fct_travaux_stats_monthly.sql)[0m
[0m02:27:43.147503 [error] [MainThread]:   Database Error in model fct_travaux_stats_monthly (models/gold/fct_travaux_stats_monthly.sql)
  Unrecognized name: coordinate_x at [30:9]
  compiled code at target/run/travaux_angers/models/gold/fct_travaux_stats_monthly.sql
[0m02:27:43.147770 [info ] [MainThread]: 
[0m02:27:43.148888 [info ] [MainThread]:   compiled code at target/compiled/travaux_angers/models/gold/fct_travaux_stats_monthly.sql
[0m02:27:43.149360 [info ] [MainThread]: 
[0m02:27:43.149746 [info ] [MainThread]: Done. PASS=7 WARN=0 ERROR=2 SKIP=0 NO-OP=0 TOTAL=9
[0m02:27:43.150372 [debug] [MainThread]: Resource report: {"command_name": "run", "command_success": false, "command_wall_clock_time": 33.184902, "process_in_blocks": "0", "process_kernel_time": 7.374143, "process_mem_max_rss": "449508", "process_out_blocks": "3088", "process_user_time": 10.945522}
[0m02:27:43.150903 [debug] [MainThread]: Command `dbt run` failed at 02:27:43.150787 after 33.19 seconds
[0m02:27:43.151332 [debug] [MainThread]: Sending event: {'category': 'dbt', 'action': 'invocation', 'label': 'end', 'context': [<snowplow_tracker.self_describing_json.SelfDescribingJson object at 0x7f8961abe210>, <snowplow_tracker.self_describing_json.SelfDescribingJson object at 0x7f892c7ed820>, <snowplow_tracker.self_describing_json.SelfDescribingJson object at 0x7f892f6ebd70>]}
[0m02:27:43.151749 [debug] [MainThread]: Flushing usage events
[0m02:27:43.676069 [debug] [MainThread]: An error was encountered while trying to flush usage events
[0m02:30:39.552911 [debug] [MainThread]: Sending event: {'category': 'dbt', 'action': 'invocation', 'label': 'start', 'context': [<snowplow_tracker.self_describing_json.SelfDescribingJson object at 0x7fd46a046cf0>, <snowplow_tracker.self_describing_json.SelfDescribingJson object at 0x7fd467d3b320>, <snowplow_tracker.self_describing_json.SelfDescribingJson object at 0x7fd4679fd400>]}


============================== 02:30:39.558409 | 9d31a250-bf40-4924-b5ec-f2fa77053fd1 ==============================
[0m02:30:39.558409 [info ] [MainThread]: Running with dbt=1.10.7
[0m02:30:39.559360 [debug] [MainThread]: running dbt with arguments {'printer_width': '80', 'indirect_selection': 'eager', 'write_json': 'True', 'log_cache_events': 'False', 'partial_parse': 'True', 'cache_selected_only': 'False', 'profiles_dir': '/usr/ELT_Travaux_Angers/dbt', 'debug': 'False', 'fail_fast': 'False', 'log_path': '/usr/ELT_Travaux_Angers/dbt/logs', 'version_check': 'True', 'warn_error': 'None', 'use_colors': 'True', 'use_experimental_parser': 'False', 'no_print': 'None', 'quiet': 'False', 'empty': 'None', 'log_format': 'default', 'invocation_command': 'dbt deps', 'introspect': 'True', 'static_parser': 'True', 'target_path': 'None', 'warn_error_options': 'WarnErrorOptionsV2(error=[], warn=[], silence=[])', 'send_anonymous_usage_stats': 'True'}
[0m02:30:39.777858 [debug] [MainThread]: Sending event: {'category': 'dbt', 'action': 'project_id', 'label': '9d31a250-bf40-4924-b5ec-f2fa77053fd1', 'context': [<snowplow_tracker.self_describing_json.SelfDescribingJson object at 0x7fd4684727b0>]}
[0m02:30:39.809106 [debug] [MainThread]: Set downloads directory='/tmp/dbt-downloads-2ws5b8ld'
[0m02:30:39.809625 [debug] [MainThread]: Making package index registry request: GET https://hub.getdbt.com/api/v1/index.json
[0m02:30:39.890874 [debug] [MainThread]: Response from registry index: GET https://hub.getdbt.com/api/v1/index.json 200
[0m02:30:39.891786 [debug] [MainThread]: Making package registry request: GET https://hub.getdbt.com/api/v1/dbt-labs/dbt_utils.json
[0m02:30:39.941054 [debug] [MainThread]: Response from registry: GET https://hub.getdbt.com/api/v1/dbt-labs/dbt_utils.json 200
[0m02:30:39.945082 [info ] [MainThread]: Installing dbt-labs/dbt_utils
[0m02:30:40.305410 [info ] [MainThread]: Installed from version 1.1.1
[0m02:30:40.305939 [info ] [MainThread]: Updated version available: 1.3.0
[0m02:30:40.306324 [debug] [MainThread]: Sending event: {'category': 'dbt', 'action': 'package', 'label': '9d31a250-bf40-4924-b5ec-f2fa77053fd1', 'property_': 'install', 'context': [<snowplow_tracker.self_describing_json.SelfDescribingJson object at 0x7fd467327ec0>, <snowplow_tracker.self_describing_json.SelfDescribingJson object at 0x7fd467326c60>]}
[0m02:30:40.306796 [info ] [MainThread]: 
[0m02:30:40.307122 [info ] [MainThread]: Updates available for packages: ['dbt-labs/dbt_utils']                 
Update your versions in packages.yml, then run dbt deps
[0m02:30:40.308184 [debug] [MainThread]: Resource report: {"command_name": "deps", "command_success": true, "command_wall_clock_time": 0.8464314, "process_in_blocks": "0", "process_kernel_time": 0.180302, "process_mem_max_rss": "128664", "process_out_blocks": "2232", "process_user_time": 3.676171}
[0m02:30:40.308677 [debug] [MainThread]: Command `dbt deps` succeeded at 02:30:40.308563 after 0.85 seconds
[0m02:30:40.309008 [debug] [MainThread]: Sending event: {'category': 'dbt', 'action': 'invocation', 'label': 'end', 'context': [<snowplow_tracker.self_describing_json.SelfDescribingJson object at 0x7fd467c0a5a0>, <snowplow_tracker.self_describing_json.SelfDescribingJson object at 0x7fd467fc3200>, <snowplow_tracker.self_describing_json.SelfDescribingJson object at 0x7fd4674bbb90>]}
[0m02:30:40.309320 [debug] [MainThread]: Flushing usage events
[0m02:30:40.713148 [debug] [MainThread]: An error was encountered while trying to flush usage events
[0m02:30:44.393339 [debug] [MainThread]: Sending event: {'category': 'dbt', 'action': 'invocation', 'label': 'start', 'context': [<snowplow_tracker.self_describing_json.SelfDescribingJson object at 0x7f92157557c0>, <snowplow_tracker.self_describing_json.SelfDescribingJson object at 0x7f92131e2de0>, <snowplow_tracker.self_describing_json.SelfDescribingJson object at 0x7f92131e0b30>]}


============================== 02:30:44.397066 | 4ed83b16-e345-4800-8cdf-4edd8bfff429 ==============================
[0m02:30:44.397066 [info ] [MainThread]: Running with dbt=1.10.7
[0m02:30:44.397693 [debug] [MainThread]: running dbt with arguments {'printer_width': '80', 'indirect_selection': 'eager', 'write_json': 'True', 'log_cache_events': 'False', 'partial_parse': 'True', 'cache_selected_only': 'False', 'profiles_dir': '/usr/ELT_Travaux_Angers/dbt', 'debug': 'False', 'fail_fast': 'False', 'log_path': '/usr/ELT_Travaux_Angers/dbt/logs', 'warn_error': 'None', 'version_check': 'True', 'use_colors': 'True', 'use_experimental_parser': 'False', 'no_print': 'None', 'quiet': 'False', 'empty': 'False', 'log_format': 'default', 'static_parser': 'True', 'invocation_command': 'dbt run', 'warn_error_options': 'WarnErrorOptionsV2(error=[], warn=[], silence=[])', 'target_path': 'None', 'introspect': 'True', 'send_anonymous_usage_stats': 'True'}
[0m02:30:47.741479 [debug] [MainThread]: Sending event: {'category': 'dbt', 'action': 'project_id', 'label': '4ed83b16-e345-4800-8cdf-4edd8bfff429', 'context': [<snowplow_tracker.self_describing_json.SelfDescribingJson object at 0x7f9212caf530>]}
[0m02:30:47.840919 [debug] [MainThread]: Sending event: {'category': 'dbt', 'action': 'adapter_info', 'label': '4ed83b16-e345-4800-8cdf-4edd8bfff429', 'context': [<snowplow_tracker.self_describing_json.SelfDescribingJson object at 0x7f9213c9f1d0>]}
[0m02:30:47.841733 [info ] [MainThread]: Registered adapter: bigquery=1.10.1
[0m02:30:48.031851 [debug] [MainThread]: checksum: 44f4b502e2ddc67beed4db71ce39b63f2d3b7fc0b96e49a69b096c8f6cc370bc, vars: {}, profile: , target: , version: 1.10.7
[0m02:30:48.176824 [debug] [MainThread]: Partial parsing enabled: 0 files deleted, 0 files added, 0 files changed.
[0m02:30:48.177294 [debug] [MainThread]: Partial parsing enabled, no changes found, skipping parsing
[0m02:30:48.238087 [debug] [MainThread]: Sending event: {'category': 'dbt', 'action': 'load_project', 'label': '4ed83b16-e345-4800-8cdf-4edd8bfff429', 'context': [<snowplow_tracker.self_describing_json.SelfDescribingJson object at 0x7f91dd7b22a0>]}
[0m02:30:48.356374 [debug] [MainThread]: Wrote artifact WritableManifest to /usr/ELT_Travaux_Angers/dbt/target/manifest.json
[0m02:30:48.358536 [debug] [MainThread]: Wrote artifact SemanticManifest to /usr/ELT_Travaux_Angers/dbt/target/semantic_manifest.json
[0m02:30:48.373334 [debug] [MainThread]: Sending event: {'category': 'dbt', 'action': 'resource_counts', 'label': '4ed83b16-e345-4800-8cdf-4edd8bfff429', 'context': [<snowplow_tracker.self_describing_json.SelfDescribingJson object at 0x7f91dd4424b0>]}
[0m02:30:48.373912 [info ] [MainThread]: Found 9 models, 1 analysis, 17 data tests, 1 source, 610 macros
[0m02:30:48.374307 [debug] [MainThread]: Sending event: {'category': 'dbt', 'action': 'runnable_timing', 'label': '4ed83b16-e345-4800-8cdf-4edd8bfff429', 'context': [<snowplow_tracker.self_describing_json.SelfDescribingJson object at 0x7f91dd7b2d80>]}
[0m02:30:48.376459 [info ] [MainThread]: 
[0m02:30:48.376923 [info ] [MainThread]: Concurrency: 1 threads (target='dev')
[0m02:30:48.377226 [info ] [MainThread]: 
[0m02:30:48.377746 [debug] [MainThread]: Acquiring new bigquery connection 'master'
[0m02:30:48.383052 [debug] [ThreadPool]: Acquiring new bigquery connection 'list_my-project-travaux-angers'
[0m02:30:48.383804 [debug] [ThreadPool]: Opening a new connection, currently in state init
[0m02:30:48.857596 [debug] [ThreadPool]: Opening a new connection, currently in state closed
[0m02:30:49.307644 [debug] [ThreadPool]: Opening a new connection, currently in state closed
[0m02:30:49.730845 [debug] [ThreadPool]: Opening a new connection, currently in state closed
[0m02:30:50.133598 [debug] [ThreadPool]: Re-using an available connection from the pool (formerly list_my-project-travaux-angers, now list_my-project-travaux-angers_travaux_angers)
[0m02:30:50.134517 [debug] [ThreadPool]: Opening a new connection, currently in state closed
[0m02:30:50.537139 [debug] [ThreadPool]: Re-using an available connection from the pool (formerly list_my-project-travaux-angers_travaux_angers, now list_my-project-travaux-angers_travaux_angers_silver)
[0m02:30:50.537834 [debug] [ThreadPool]: Opening a new connection, currently in state closed
[0m02:30:50.921299 [debug] [ThreadPool]: Re-using an available connection from the pool (formerly list_my-project-travaux-angers_travaux_angers_silver, now list_my-project-travaux-angers_travaux_angers_bronze)
[0m02:30:50.922761 [debug] [ThreadPool]: Opening a new connection, currently in state closed
[0m02:30:51.296255 [debug] [ThreadPool]: Re-using an available connection from the pool (formerly list_my-project-travaux-angers_travaux_angers_bronze, now list_my-project-travaux-angers_travaux_angers_gold)
[0m02:30:51.297449 [debug] [ThreadPool]: Opening a new connection, currently in state closed
[0m02:30:51.682951 [debug] [MainThread]: Sending event: {'category': 'dbt', 'action': 'runnable_timing', 'label': '4ed83b16-e345-4800-8cdf-4edd8bfff429', 'context': [<snowplow_tracker.self_describing_json.SelfDescribingJson object at 0x7f91dd3e3ec0>]}
[0m02:30:51.683688 [debug] [MainThread]: Opening a new connection, currently in state init
[0m02:30:51.729824 [debug] [Thread-1 (]: Began running node model.travaux_angers.analyse_types
[0m02:30:51.730638 [info ] [Thread-1 (]: 1 of 9 START sql view model travaux_angers.analyse_types ....................... [RUN]
[0m02:30:51.731404 [debug] [Thread-1 (]: Re-using an available connection from the pool (formerly list_my-project-travaux-angers_travaux_angers_gold, now model.travaux_angers.analyse_types)
[0m02:30:51.731813 [debug] [Thread-1 (]: Began compiling node model.travaux_angers.analyse_types
[0m02:30:51.742158 [debug] [Thread-1 (]: Writing injected SQL for node "model.travaux_angers.analyse_types"
[0m02:30:51.742911 [debug] [Thread-1 (]: Began executing node model.travaux_angers.analyse_types
[0m02:30:51.776417 [debug] [Thread-1 (]: Writing runtime sql for node "model.travaux_angers.analyse_types"
[0m02:30:51.777289 [debug] [Thread-1 (]: On model.travaux_angers.analyse_types: /* {"app": "dbt", "dbt_version": "1.10.7", "profile_name": "travaux_angers", "target_name": "dev", "node_id": "model.travaux_angers.analyse_types"} */


  create or replace view `my-project-travaux-angers`.`travaux_angers`.`analyse_types`
  OPTIONS()
  as 

SELECT
    type as type_travaux,
    COUNT(*) as nombre_total,
    COUNT(DISTINCT DATE_TRUNC(startat, MONTH)) as nombre_mois_distincts
FROM `my-project-travaux-angers`.`travaux_angers`.`travaux_angers`
GROUP BY type
ORDER BY nombre_total DESC;


[0m02:30:51.777730 [debug] [Thread-1 (]: Opening a new connection, currently in state closed
[0m02:30:52.443274 [debug] [Thread-1 (]: BigQuery adapter: https://console.cloud.google.com/bigquery?project=my-project-travaux-angers&j=bq:US:3d4b354f-4b81-466d-a36d-21aadcabe1f0&page=queryresults
[0m02:30:52.973396 [debug] [Thread-1 (]: Sending event: {'category': 'dbt', 'action': 'run_model', 'label': '4ed83b16-e345-4800-8cdf-4edd8bfff429', 'context': [<snowplow_tracker.self_describing_json.SelfDescribingJson object at 0x7f91e08ef4a0>]}
[0m02:30:52.974392 [info ] [Thread-1 (]: 1 of 9 OK created sql view model travaux_angers.analyse_types .................. [[32mCREATE VIEW (0 processed)[0m in 1.24s]
[0m02:30:52.975310 [debug] [Thread-1 (]: Finished running node model.travaux_angers.analyse_types
[0m02:30:52.975802 [debug] [Thread-1 (]: Began running node model.travaux_angers.check_columns
[0m02:30:52.976292 [info ] [Thread-1 (]: 2 of 9 START sql view model travaux_angers.check_columns ....................... [RUN]
[0m02:30:52.977180 [debug] [Thread-1 (]: Re-using an available connection from the pool (formerly model.travaux_angers.analyse_types, now model.travaux_angers.check_columns)
[0m02:30:52.977597 [debug] [Thread-1 (]: Began compiling node model.travaux_angers.check_columns
[0m02:30:52.981022 [debug] [Thread-1 (]: Writing injected SQL for node "model.travaux_angers.check_columns"
[0m02:30:52.981583 [debug] [Thread-1 (]: Began executing node model.travaux_angers.check_columns
[0m02:30:52.985292 [debug] [Thread-1 (]: Writing runtime sql for node "model.travaux_angers.check_columns"
[0m02:30:52.986316 [debug] [Thread-1 (]: On model.travaux_angers.check_columns: /* {"app": "dbt", "dbt_version": "1.10.7", "profile_name": "travaux_angers", "target_name": "dev", "node_id": "model.travaux_angers.check_columns"} */


  create or replace view `my-project-travaux-angers`.`travaux_angers`.`check_columns`
  OPTIONS()
  as 

SELECT *
FROM `my-project-travaux-angers`.`travaux_angers`.`travaux_angers`
LIMIT 1;


[0m02:30:52.986912 [debug] [Thread-1 (]: Opening a new connection, currently in state closed
[0m02:30:53.602693 [debug] [Thread-1 (]: BigQuery adapter: https://console.cloud.google.com/bigquery?project=my-project-travaux-angers&j=bq:US:5fb54896-c685-44fd-aa2b-3c711cdb0bc1&page=queryresults
[0m02:30:54.062956 [debug] [Thread-1 (]: Sending event: {'category': 'dbt', 'action': 'run_model', 'label': '4ed83b16-e345-4800-8cdf-4edd8bfff429', 'context': [<snowplow_tracker.self_describing_json.SelfDescribingJson object at 0x7f91d6f8f7d0>]}
[0m02:30:54.063724 [info ] [Thread-1 (]: 2 of 9 OK created sql view model travaux_angers.check_columns .................. [[32mCREATE VIEW (0 processed)[0m in 1.09s]
[0m02:30:54.064364 [debug] [Thread-1 (]: Finished running node model.travaux_angers.check_columns
[0m02:30:54.064768 [debug] [Thread-1 (]: Began running node model.travaux_angers.check_source
[0m02:30:54.065222 [info ] [Thread-1 (]: 3 of 9 START sql view model travaux_angers.check_source ........................ [RUN]
[0m02:30:54.065667 [debug] [Thread-1 (]: Re-using an available connection from the pool (formerly model.travaux_angers.check_columns, now model.travaux_angers.check_source)
[0m02:30:54.066049 [debug] [Thread-1 (]: Began compiling node model.travaux_angers.check_source
[0m02:30:54.076904 [debug] [Thread-1 (]: Writing injected SQL for node "model.travaux_angers.check_source"
[0m02:30:54.078166 [debug] [Thread-1 (]: Began executing node model.travaux_angers.check_source
[0m02:30:54.084135 [debug] [Thread-1 (]: Writing runtime sql for node "model.travaux_angers.check_source"
[0m02:30:54.085623 [debug] [Thread-1 (]: On model.travaux_angers.check_source: /* {"app": "dbt", "dbt_version": "1.10.7", "profile_name": "travaux_angers", "target_name": "dev", "node_id": "model.travaux_angers.check_source"} */


  create or replace view `my-project-travaux-angers`.`travaux_angers`.`check_source`
  OPTIONS()
  as 

SELECT
    column_name,
    data_type
FROM `my-project-travaux-angers`.`travaux_angers`.`travaux_angers`.INFORMATION_SCHEMA.COLUMNS
WHERE table_name = 'travaux_angers'
ORDER BY ordinal_position;


[0m02:30:54.086789 [debug] [Thread-1 (]: Opening a new connection, currently in state closed
[0m02:30:54.636974 [debug] [Thread-1 (]: BigQuery adapter: https://console.cloud.google.com/bigquery?project=my-project-travaux-angers&j=bq:US:3015e7dd-a8d4-4bde-944c-d0bd3ca633f7&page=queryresults
[0m02:30:54.637661 [error] [Thread-1 (]: BigQuery adapter: https://console.cloud.google.com/bigquery?project=my-project-travaux-angers&j=bq:US:3015e7dd-a8d4-4bde-944c-d0bd3ca633f7&page=queryresults
[0m02:30:54.642618 [debug] [Thread-1 (]: Database Error in model check_source (models/check_source.sql)
  Invalid project ID 'my-project-travaux-angers.travaux_angers'. Project IDs must contain 6-63 lowercase letters, digits, or dashes. Some project IDs also include domain name separated by a colon. IDs must start with a letter and may not end with a dash.
  compiled code at target/run/travaux_angers/models/check_source.sql
[0m02:30:54.643484 [debug] [Thread-1 (]: Sending event: {'category': 'dbt', 'action': 'run_model', 'label': '4ed83b16-e345-4800-8cdf-4edd8bfff429', 'context': [<snowplow_tracker.self_describing_json.SelfDescribingJson object at 0x7f91dd2e1c70>]}
[0m02:30:54.644235 [error] [Thread-1 (]: 3 of 9 ERROR creating sql view model travaux_angers.check_source ............... [[31mERROR[0m in 0.58s]
[0m02:30:54.644868 [debug] [Thread-1 (]: Finished running node model.travaux_angers.check_source
[0m02:30:54.645301 [debug] [Thread-1 (]: Began running node model.travaux_angers.fct_travaux_stats_monthly
[0m02:30:54.646125 [debug] [Thread-4 (]: Marking all children of 'model.travaux_angers.check_source' to be skipped because of status 'error'.  Reason: Database Error in model check_source (models/check_source.sql)
  Invalid project ID 'my-project-travaux-angers.travaux_angers'. Project IDs must contain 6-63 lowercase letters, digits, or dashes. Some project IDs also include domain name separated by a colon. IDs must start with a letter and may not end with a dash.
  compiled code at target/run/travaux_angers/models/check_source.sql.
[0m02:30:54.647216 [info ] [Thread-1 (]: 4 of 9 START sql table model travaux_angers_gold.fct_travaux_stats_monthly ..... [RUN]
[0m02:30:54.649000 [debug] [Thread-1 (]: Re-using an available connection from the pool (formerly model.travaux_angers.check_source, now model.travaux_angers.fct_travaux_stats_monthly)
[0m02:30:54.649670 [debug] [Thread-1 (]: Began compiling node model.travaux_angers.fct_travaux_stats_monthly
[0m02:30:54.655538 [debug] [Thread-1 (]: Writing injected SQL for node "model.travaux_angers.fct_travaux_stats_monthly"
[0m02:30:54.656407 [debug] [Thread-1 (]: Began executing node model.travaux_angers.fct_travaux_stats_monthly
[0m02:30:54.668238 [debug] [Thread-1 (]: Opening a new connection, currently in state closed
[0m02:30:55.136207 [debug] [Thread-1 (]: Writing runtime sql for node "model.travaux_angers.fct_travaux_stats_monthly"
[0m02:30:55.137268 [debug] [Thread-1 (]: On model.travaux_angers.fct_travaux_stats_monthly: /* {"app": "dbt", "dbt_version": "1.10.7", "profile_name": "travaux_angers", "target_name": "dev", "node_id": "model.travaux_angers.fct_travaux_stats_monthly"} */

  
    

    create or replace table `my-project-travaux-angers`.`travaux_angers_gold`.`fct_travaux_stats_monthly`
      
    
    

    
    OPTIONS()
    as (
      WITH travaux_details AS (
    SELECT
        -- Clés et dimensions
        id,
        type as type_travaux,
        DATE_TRUNC(startat, MONTH) as mois,  -- Date mensuelle
        startat as date_debut,

        -- Métriques temporelles
        DATE_DIFF(endat, startat, DAY) as duree_jours,
        CASE
            WHEN CURRENT_TIMESTAMP() BETWEEN startat AND endat THEN 1
            ELSE 0
        END as est_en_cours,

        -- Géolocalisation
        coordinate_x as longitude,
        coordinate_y as latitude,

        -- Autres informations
        title as titre,
        description,
        address as adresse
    FROM `my-project-travaux-angers`.`travaux_angers`.`travaux_angers`
),

statistiques_mensuelles AS (
    SELECT
        mois,
        type_travaux,
        -- Métriques d'agrégation
        COUNT(DISTINCT id) as nombre_travaux,
        SUM(est_en_cours) as travaux_en_cours,
        AVG(duree_jours) as duree_moyenne_jours,
        MIN(duree_jours) as duree_min_jours,
        MAX(duree_jours) as duree_max_jours,
        -- Statistiques additionnelles mensuelles
        COUNT(DISTINCT DATE(date_debut)) as nombre_jours_avec_nouveaux_travaux,
        -- Coordonnées moyennes
        AVG(longitude) as longitude_moyenne,
        AVG(latitude) as latitude_moyenne,
        -- Liste des IDs pour jointure
        STRING_AGG(CAST(id as STRING), ',') as ids_travaux
    FROM travaux_details
    GROUP BY
        mois,
        type_travaux
)

SELECT
    -- Dimensions temporelles et type
    mois,
    type_travaux,
    ids_travaux,

    -- Métriques calculées
    nombre_travaux,
    travaux_en_cours,
    ROUND(duree_moyenne_jours, 1) as duree_moyenne_jours,
    duree_min_jours,
    duree_max_jours,
    nombre_jours_avec_nouveaux_travaux,

    -- Ratios et pourcentages
    SAFE_DIVIDE(travaux_en_cours, nombre_travaux) as ratio_actif,

    -- Position moyenne du groupe
    ST_GEOGPOINT(longitude_moyenne, latitude_moyenne) as position_representative,

    -- Horodatage
    CURRENT_TIMESTAMP() as _updated_at
FROM statistiques_mensuelles
ORDER BY
    mois DESC,
    nombre_travaux DESC
    );
  
[0m02:30:55.677138 [debug] [Thread-1 (]: BigQuery adapter: https://console.cloud.google.com/bigquery?project=my-project-travaux-angers&j=bq:US:fa00204e-aa86-4845-8919-82f44f75179b&page=queryresults
[0m02:30:55.891187 [error] [Thread-1 (]: BigQuery adapter: https://console.cloud.google.com/bigquery?project=my-project-travaux-angers&j=bq:US:fa00204e-aa86-4845-8919-82f44f75179b&page=queryresults
[0m02:30:55.894448 [debug] [Thread-1 (]: Database Error in model fct_travaux_stats_monthly (models/gold/fct_travaux_stats_monthly.sql)
  Unrecognized name: coordinate_x at [30:9]
  compiled code at target/run/travaux_angers/models/gold/fct_travaux_stats_monthly.sql
[0m02:30:55.895062 [debug] [Thread-1 (]: Sending event: {'category': 'dbt', 'action': 'run_model', 'label': '4ed83b16-e345-4800-8cdf-4edd8bfff429', 'context': [<snowplow_tracker.self_describing_json.SelfDescribingJson object at 0x7f91d6eb41d0>]}
[0m02:30:55.895818 [error] [Thread-1 (]: 4 of 9 ERROR creating sql table model travaux_angers_gold.fct_travaux_stats_monthly  [[31mERROR[0m in 1.25s]
[0m02:30:55.896386 [debug] [Thread-1 (]: Finished running node model.travaux_angers.fct_travaux_stats_monthly
[0m02:30:55.896893 [debug] [Thread-1 (]: Began running node model.travaux_angers.src_travaux_angers
[0m02:30:55.897361 [info ] [Thread-1 (]: 5 of 9 START sql view model travaux_angers_bronze.src_travaux_angers ........... [RUN]
[0m02:30:55.897841 [debug] [Thread-1 (]: Re-using an available connection from the pool (formerly model.travaux_angers.fct_travaux_stats_monthly, now model.travaux_angers.src_travaux_angers)
[0m02:30:55.898652 [debug] [Thread-4 (]: Marking all children of 'model.travaux_angers.fct_travaux_stats_monthly' to be skipped because of status 'error'.  Reason: Database Error in model fct_travaux_stats_monthly (models/gold/fct_travaux_stats_monthly.sql)
  Unrecognized name: coordinate_x at [30:9]
  compiled code at target/run/travaux_angers/models/gold/fct_travaux_stats_monthly.sql.
[0m02:30:55.899310 [debug] [Thread-1 (]: Began compiling node model.travaux_angers.src_travaux_angers
[0m02:30:55.906717 [debug] [Thread-1 (]: Writing injected SQL for node "model.travaux_angers.src_travaux_angers"
[0m02:30:55.907743 [debug] [Thread-1 (]: Began executing node model.travaux_angers.src_travaux_angers
[0m02:30:55.912972 [debug] [Thread-1 (]: Writing runtime sql for node "model.travaux_angers.src_travaux_angers"
[0m02:30:55.913856 [debug] [Thread-1 (]: On model.travaux_angers.src_travaux_angers: /* {"app": "dbt", "dbt_version": "1.10.7", "profile_name": "travaux_angers", "target_name": "dev", "node_id": "model.travaux_angers.src_travaux_angers"} */


  create or replace view `my-project-travaux-angers`.`travaux_angers_bronze`.`src_travaux_angers`
  OPTIONS()
  as -- bronze/src_travaux_angers.sql
-- Source brute des données de travaux
SELECT
    *,
    CURRENT_TIMESTAMP() as _loaded_at
FROM `my-project-travaux-angers`.`travaux_angers`.`travaux_angers`;


[0m02:30:55.914371 [debug] [Thread-1 (]: Opening a new connection, currently in state closed
[0m02:30:56.526071 [debug] [Thread-1 (]: BigQuery adapter: https://console.cloud.google.com/bigquery?project=my-project-travaux-angers&j=bq:US:e3675573-48c7-48ac-b7b8-8cf9e264d3af&page=queryresults
[0m02:30:56.981023 [debug] [Thread-1 (]: Sending event: {'category': 'dbt', 'action': 'run_model', 'label': '4ed83b16-e345-4800-8cdf-4edd8bfff429', 'context': [<snowplow_tracker.self_describing_json.SelfDescribingJson object at 0x7f91d6f6fd10>]}
[0m02:30:56.981946 [info ] [Thread-1 (]: 5 of 9 OK created sql view model travaux_angers_bronze.src_travaux_angers ...... [[32mCREATE VIEW (0 processed)[0m in 1.08s]
[0m02:30:56.982640 [debug] [Thread-1 (]: Finished running node model.travaux_angers.src_travaux_angers
[0m02:30:56.984124 [debug] [Thread-1 (]: Began running node model.travaux_angers.stg_travaux_angers
[0m02:30:56.984978 [info ] [Thread-1 (]: 6 of 9 START sql table model travaux_angers_silver.stg_travaux_angers .......... [RUN]
[0m02:30:56.985596 [debug] [Thread-1 (]: Re-using an available connection from the pool (formerly model.travaux_angers.src_travaux_angers, now model.travaux_angers.stg_travaux_angers)
[0m02:30:56.986017 [debug] [Thread-1 (]: Began compiling node model.travaux_angers.stg_travaux_angers
[0m02:30:56.989984 [debug] [Thread-1 (]: Writing injected SQL for node "model.travaux_angers.stg_travaux_angers"
[0m02:30:56.991027 [debug] [Thread-1 (]: Began executing node model.travaux_angers.stg_travaux_angers
[0m02:30:56.994290 [debug] [Thread-1 (]: Opening a new connection, currently in state closed
[0m02:30:57.398432 [debug] [Thread-1 (]: Writing runtime sql for node "model.travaux_angers.stg_travaux_angers"
[0m02:30:57.399353 [debug] [Thread-1 (]: On model.travaux_angers.stg_travaux_angers: /* {"app": "dbt", "dbt_version": "1.10.7", "profile_name": "travaux_angers", "target_name": "dev", "node_id": "model.travaux_angers.stg_travaux_angers"} */

  
    

    create or replace table `my-project-travaux-angers`.`travaux_angers_silver`.`stg_travaux_angers`
      
    
    

    
    OPTIONS()
    as (
      -- silver/stg_travaux_angers.sql
-- Données nettoyées et standardisées
WITH source AS (
    SELECT * FROM `my-project-travaux-angers`.`travaux_angers_bronze`.`src_travaux_angers`
)

SELECT
    -- Informations de base
    id,
    title as titre,
    description,
    address as adresse,

    -- Dates et durée
    TIMESTAMP(startat) as date_debut,
    TIMESTAMP(endat) as date_fin,

    -- Informations sur le trafic et le type
    traffic as impact_trafic,
    type,

    -- Coordonnées géographiques (extraites du geo_point_2d)
    CAST(JSON_EXTRACT(geo_point_2d, '$.lon') as FLOAT64) as longitude,
    CAST(JSON_EXTRACT(geo_point_2d, '$.lat') as FLOAT64) as latitude,

    -- Informations de contact
    contact,
    email,

    -- Métadonnées
    istramway as est_tramway,
    idparking as id_parking,

    -- Horodatage de mise à jour
    CURRENT_TIMESTAMP() as _updated_at
FROM source
    );
  
[0m02:30:58.065720 [debug] [Thread-1 (]: BigQuery adapter: https://console.cloud.google.com/bigquery?project=my-project-travaux-angers&j=bq:US:f7d94d3e-f2c5-4214-a279-641bb305b390&page=queryresults
[0m02:31:00.714002 [debug] [Thread-1 (]: Sending event: {'category': 'dbt', 'action': 'run_model', 'label': '4ed83b16-e345-4800-8cdf-4edd8bfff429', 'context': [<snowplow_tracker.self_describing_json.SelfDescribingJson object at 0x7f91d6f8d0a0>]}
[0m02:31:00.715358 [info ] [Thread-1 (]: 6 of 9 OK created sql table model travaux_angers_silver.stg_travaux_angers ..... [[32mCREATE TABLE (15.1k rows, 4.8 MiB processed)[0m in 3.73s]
[0m02:31:00.716280 [debug] [Thread-1 (]: Finished running node model.travaux_angers.stg_travaux_angers
[0m02:31:00.718141 [debug] [Thread-1 (]: Began running node model.travaux_angers.dim_travaux_details
[0m02:31:00.719312 [info ] [Thread-1 (]: 7 of 9 START sql table model travaux_angers_gold.dim_travaux_details ........... [RUN]
[0m02:31:00.720344 [debug] [Thread-1 (]: Re-using an available connection from the pool (formerly model.travaux_angers.stg_travaux_angers, now model.travaux_angers.dim_travaux_details)
[0m02:31:00.720957 [debug] [Thread-1 (]: Began compiling node model.travaux_angers.dim_travaux_details
[0m02:31:00.725695 [debug] [Thread-1 (]: Writing injected SQL for node "model.travaux_angers.dim_travaux_details"
[0m02:31:00.726841 [debug] [Thread-1 (]: Began executing node model.travaux_angers.dim_travaux_details
[0m02:31:00.730131 [debug] [Thread-1 (]: Opening a new connection, currently in state closed
[0m02:31:01.125531 [debug] [Thread-1 (]: Writing runtime sql for node "model.travaux_angers.dim_travaux_details"
[0m02:31:01.126845 [debug] [Thread-1 (]: On model.travaux_angers.dim_travaux_details: /* {"app": "dbt", "dbt_version": "1.10.7", "profile_name": "travaux_angers", "target_name": "dev", "node_id": "model.travaux_angers.dim_travaux_details"} */

  
    

    create or replace table `my-project-travaux-angers`.`travaux_angers_gold`.`dim_travaux_details`
      
    
    

    
    OPTIONS()
    as (
      -- Modèle pour la visualisation des travaux actifs et leurs caractéristiques
WITH travaux_enrichis AS (
    SELECT
        *,
        TIMESTAMP_DIFF(date_fin, date_debut, DAY) as duree_jours,
        CASE
            WHEN CURRENT_TIMESTAMP() BETWEEN date_debut AND date_fin THEN 'En cours'
            WHEN CURRENT_TIMESTAMP() < date_debut THEN 'À venir'
            ELSE 'Terminé'
        END as statut
    FROM `my-project-travaux-angers`.`travaux_angers_silver`.`stg_travaux_angers`
)

SELECT
    id,
    titre,
    date_debut,
    date_fin,
    duree_jours,
    longitude,
    latitude,
    type as type_travaux,
    description,
    adresse,
    statut,
    est_tramway,
    id_parking,
    contact,
    email,
    _updated_at,
    -- Création d'une géométrie pour la visualisation cartographique
    ST_GEOGPOINT(longitude, latitude) as position
FROM travaux_enrichis
    );
  
[0m02:31:01.614748 [debug] [Thread-1 (]: BigQuery adapter: https://console.cloud.google.com/bigquery?project=my-project-travaux-angers&j=bq:US:0c0109cd-3fd9-4a8a-b86b-2edadcfb695a&page=queryresults
[0m02:31:03.656044 [debug] [Thread-1 (]: Sending event: {'category': 'dbt', 'action': 'run_model', 'label': '4ed83b16-e345-4800-8cdf-4edd8bfff429', 'context': [<snowplow_tracker.self_describing_json.SelfDescribingJson object at 0x7f91d6ec5eb0>]}
[0m02:31:03.656977 [info ] [Thread-1 (]: 7 of 9 OK created sql table model travaux_angers_gold.dim_travaux_details ...... [[32mCREATE TABLE (15.1k rows, 4.4 MiB processed)[0m in 2.94s]
[0m02:31:03.657657 [debug] [Thread-1 (]: Finished running node model.travaux_angers.dim_travaux_details
[0m02:31:03.658061 [debug] [Thread-1 (]: Began running node model.travaux_angers.fct_travaux_stats
[0m02:31:03.658565 [info ] [Thread-1 (]: 8 of 9 START sql table model travaux_angers_gold.fct_travaux_stats ............. [RUN]
[0m02:31:03.659059 [debug] [Thread-1 (]: Re-using an available connection from the pool (formerly model.travaux_angers.dim_travaux_details, now model.travaux_angers.fct_travaux_stats)
[0m02:31:03.659918 [debug] [Thread-1 (]: Began compiling node model.travaux_angers.fct_travaux_stats
[0m02:31:03.665526 [debug] [Thread-1 (]: Writing injected SQL for node "model.travaux_angers.fct_travaux_stats"
[0m02:31:03.667773 [debug] [Thread-1 (]: Began executing node model.travaux_angers.fct_travaux_stats
[0m02:31:03.671950 [debug] [Thread-1 (]: Opening a new connection, currently in state closed
[0m02:31:04.063695 [debug] [Thread-1 (]: Writing runtime sql for node "model.travaux_angers.fct_travaux_stats"
[0m02:31:04.064573 [debug] [Thread-1 (]: On model.travaux_angers.fct_travaux_stats: /* {"app": "dbt", "dbt_version": "1.10.7", "profile_name": "travaux_angers", "target_name": "dev", "node_id": "model.travaux_angers.fct_travaux_stats"} */

  
    

    create or replace table `my-project-travaux-angers`.`travaux_angers_gold`.`fct_travaux_stats`
      
    
    

    
    OPTIONS()
    as (
      -- Modèle pour les analyses temporelles et les statistiques

WITH travaux_details AS (
    SELECT
        -- Clés et dimensions
        id,
        type as type_travaux,
        DATE_TRUNC(date_debut, DAY) as jour,  -- Changement à une granularité journalière

        -- Métriques temporelles
        DATE_DIFF(date_fin, date_debut, DAY) as duree_jours,
        CASE
            WHEN CURRENT_TIMESTAMP() BETWEEN date_debut AND date_fin THEN 1
            ELSE 0
        END as est_en_cours,

        -- Géolocalisation
        longitude,
        latitude,

        -- Autres informations
        titre,
        description,
        adresse
    FROM `my-project-travaux-angers`.`travaux_angers_silver`.`stg_travaux_angers`
),

statistiques_agregees AS (
    SELECT
        jour,
        type_travaux,
        -- Métriques d'agrégation
        COUNT(DISTINCT id) as nombre_travaux,
        SUM(est_en_cours) as travaux_en_cours,
        AVG(duree_jours) as duree_moyenne_jours,
        MIN(duree_jours) as duree_min_jours,
        MAX(duree_jours) as duree_max_jours,
        -- Coordonnées moyennes
        AVG(longitude) as longitude_moyenne,
        AVG(latitude) as latitude_moyenne,
        -- Liste des IDs pour jointure
        STRING_AGG(CAST(id as STRING), ',') as ids_travaux
    FROM travaux_details
    GROUP BY
        jour,
        type_travaux
)

SELECT
    -- Dimensions temporelles et type
    jour,
    type_travaux,
    ids_travaux,

    -- Métriques calculées
    nombre_travaux,
    travaux_en_cours,
    ROUND(duree_moyenne_jours, 1) as duree_moyenne_jours,
    duree_min_jours,
    duree_max_jours,

    -- Ratios et pourcentages
    SAFE_DIVIDE(travaux_en_cours, nombre_travaux) as ratio_actif,

    -- Position moyenne du groupe
    ST_GEOGPOINT(longitude_moyenne, latitude_moyenne) as position_representative,

    -- Horodatage
    CURRENT_TIMESTAMP() as _updated_at
FROM statistiques_agregees
ORDER BY
    jour DESC,
    nombre_travaux DESC
    );
  
[0m02:31:04.677816 [debug] [Thread-1 (]: BigQuery adapter: https://console.cloud.google.com/bigquery?project=my-project-travaux-angers&j=bq:US:5948010b-0535-4cfe-b519-cf6e6c6351b5&page=queryresults
[0m02:31:07.831422 [debug] [Thread-1 (]: Sending event: {'category': 'dbt', 'action': 'run_model', 'label': '4ed83b16-e345-4800-8cdf-4edd8bfff429', 'context': [<snowplow_tracker.self_describing_json.SelfDescribingJson object at 0x7f91d6d06f60>]}
[0m02:31:07.832147 [info ] [Thread-1 (]: 8 of 9 OK created sql table model travaux_angers_gold.fct_travaux_stats ........ [[32mCREATE TABLE (31.0 rows, 694.0 KiB processed)[0m in 4.17s]
[0m02:31:07.832748 [debug] [Thread-1 (]: Finished running node model.travaux_angers.fct_travaux_stats
[0m02:31:07.833159 [debug] [Thread-1 (]: Began running node model.travaux_angers.fct_travaux_stats_daily
[0m02:31:07.833816 [info ] [Thread-1 (]: 9 of 9 START sql table model travaux_angers_gold.fct_travaux_stats_daily ....... [RUN]
[0m02:31:07.834304 [debug] [Thread-1 (]: Re-using an available connection from the pool (formerly model.travaux_angers.fct_travaux_stats, now model.travaux_angers.fct_travaux_stats_daily)
[0m02:31:07.834629 [debug] [Thread-1 (]: Began compiling node model.travaux_angers.fct_travaux_stats_daily
[0m02:31:07.838553 [debug] [Thread-1 (]: Writing injected SQL for node "model.travaux_angers.fct_travaux_stats_daily"
[0m02:31:07.839633 [debug] [Thread-1 (]: Began executing node model.travaux_angers.fct_travaux_stats_daily
[0m02:31:07.842927 [debug] [Thread-1 (]: Opening a new connection, currently in state closed
[0m02:31:08.358773 [debug] [Thread-1 (]: Writing runtime sql for node "model.travaux_angers.fct_travaux_stats_daily"
[0m02:31:08.359848 [debug] [Thread-1 (]: On model.travaux_angers.fct_travaux_stats_daily: /* {"app": "dbt", "dbt_version": "1.10.7", "profile_name": "travaux_angers", "target_name": "dev", "node_id": "model.travaux_angers.fct_travaux_stats_daily"} */

  
    

    create or replace table `my-project-travaux-angers`.`travaux_angers_gold`.`fct_travaux_stats_daily`
      
    
    

    
    OPTIONS()
    as (
      WITH travaux_details AS (
    SELECT
        -- Clés et dimensions
        id,
        type as type_travaux,
        DATE(date_debut) as jour,  -- Date journalière

        -- Métriques temporelles
        DATE_DIFF(date_fin, date_debut, DAY) as duree_jours,
        CASE
            WHEN CURRENT_TIMESTAMP() BETWEEN date_debut AND date_fin THEN 1
            ELSE 0
        END as est_en_cours,

        -- Géolocalisation
        longitude,
        latitude,

        -- Autres informations
        titre,
        description,
        adresse
    FROM `my-project-travaux-angers`.`travaux_angers_silver`.`stg_travaux_angers`
),

statistiques_journalieres AS (
    SELECT
        jour,
        type_travaux,
        -- Métriques d'agrégation
        COUNT(DISTINCT id) as nombre_travaux,
        SUM(est_en_cours) as travaux_en_cours,
        AVG(duree_jours) as duree_moyenne_jours,
        MIN(duree_jours) as duree_min_jours,
        MAX(duree_jours) as duree_max_jours,
        -- Coordonnées moyennes
        AVG(longitude) as longitude_moyenne,
        AVG(latitude) as latitude_moyenne,
        -- Liste des IDs pour jointure
        STRING_AGG(CAST(id as STRING), ',') as ids_travaux
    FROM travaux_details
    GROUP BY
        jour,
        type_travaux
)

SELECT
    -- Dimensions temporelles et type
    jour,
    type_travaux,
    ids_travaux,

    -- Métriques calculées
    nombre_travaux,
    travaux_en_cours,
    ROUND(duree_moyenne_jours, 1) as duree_moyenne_jours,
    duree_min_jours,
    duree_max_jours,

    -- Ratios et pourcentages
    SAFE_DIVIDE(travaux_en_cours, nombre_travaux) as ratio_actif,

    -- Position moyenne du groupe
    ST_GEOGPOINT(longitude_moyenne, latitude_moyenne) as position_representative,

    -- Horodatage
    CURRENT_TIMESTAMP() as _updated_at
FROM statistiques_journalieres
ORDER BY
    jour DESC,
    nombre_travaux DESC
    );
  
[0m02:31:08.932836 [debug] [Thread-1 (]: BigQuery adapter: https://console.cloud.google.com/bigquery?project=my-project-travaux-angers&j=bq:US:b6c43033-7c4e-4db7-9fc2-9c976d3a4cce&page=queryresults
[0m02:31:12.656089 [debug] [Thread-1 (]: Sending event: {'category': 'dbt', 'action': 'run_model', 'label': '4ed83b16-e345-4800-8cdf-4edd8bfff429', 'context': [<snowplow_tracker.self_describing_json.SelfDescribingJson object at 0x7f91d6e0ac90>]}
[0m02:31:12.657234 [info ] [Thread-1 (]: 9 of 9 OK created sql table model travaux_angers_gold.fct_travaux_stats_daily .. [[32mCREATE TABLE (31.0 rows, 694.0 KiB processed)[0m in 4.82s]
[0m02:31:12.658164 [debug] [Thread-1 (]: Finished running node model.travaux_angers.fct_travaux_stats_daily
[0m02:31:12.660739 [debug] [MainThread]: Opening a new connection, currently in state closed
[0m02:31:12.714230 [debug] [MainThread]: Connection 'master' was properly closed.
[0m02:31:12.715624 [debug] [MainThread]: Connection 'model.travaux_angers.fct_travaux_stats_daily' was properly closed.
[0m02:31:12.716567 [info ] [MainThread]: 
[0m02:31:12.717554 [info ] [MainThread]: Finished running 5 table models, 4 view models in 0 hours 0 minutes and 24.34 seconds (24.34s).
[0m02:31:12.722225 [debug] [MainThread]: Command end result
[0m02:31:12.775591 [debug] [MainThread]: Wrote artifact WritableManifest to /usr/ELT_Travaux_Angers/dbt/target/manifest.json
[0m02:31:12.779179 [debug] [MainThread]: Wrote artifact SemanticManifest to /usr/ELT_Travaux_Angers/dbt/target/semantic_manifest.json
[0m02:31:12.786562 [debug] [MainThread]: Wrote artifact RunExecutionResult to /usr/ELT_Travaux_Angers/dbt/target/run_results.json
[0m02:31:12.787114 [info ] [MainThread]: 
[0m02:31:12.787565 [info ] [MainThread]: [31mCompleted with 2 errors, 0 partial successes, and 0 warnings:[0m
[0m02:31:12.787915 [info ] [MainThread]: 
[0m02:31:12.788416 [error] [MainThread]: [31mFailure in model check_source (models/check_source.sql)[0m
[0m02:31:12.788887 [error] [MainThread]:   Database Error in model check_source (models/check_source.sql)
  Invalid project ID 'my-project-travaux-angers.travaux_angers'. Project IDs must contain 6-63 lowercase letters, digits, or dashes. Some project IDs also include domain name separated by a colon. IDs must start with a letter and may not end with a dash.
  compiled code at target/run/travaux_angers/models/check_source.sql
[0m02:31:12.789686 [info ] [MainThread]: 
[0m02:31:12.790378 [info ] [MainThread]:   compiled code at target/compiled/travaux_angers/models/check_source.sql
[0m02:31:12.790894 [info ] [MainThread]: 
[0m02:31:12.791908 [error] [MainThread]: [31mFailure in model fct_travaux_stats_monthly (models/gold/fct_travaux_stats_monthly.sql)[0m
[0m02:31:12.793458 [error] [MainThread]:   Database Error in model fct_travaux_stats_monthly (models/gold/fct_travaux_stats_monthly.sql)
  Unrecognized name: coordinate_x at [30:9]
  compiled code at target/run/travaux_angers/models/gold/fct_travaux_stats_monthly.sql
[0m02:31:12.794359 [info ] [MainThread]: 
[0m02:31:12.795064 [info ] [MainThread]:   compiled code at target/compiled/travaux_angers/models/gold/fct_travaux_stats_monthly.sql
[0m02:31:12.795598 [info ] [MainThread]: 
[0m02:31:12.796263 [info ] [MainThread]: Done. PASS=7 WARN=0 ERROR=2 SKIP=0 NO-OP=0 TOTAL=9
[0m02:31:12.797219 [debug] [MainThread]: Resource report: {"command_name": "run", "command_success": false, "command_wall_clock_time": 28.40011, "process_in_blocks": "0", "process_kernel_time": 0.404349, "process_mem_max_rss": "452340", "process_out_blocks": "3088", "process_user_time": 9.522427}
[0m02:31:12.797842 [debug] [MainThread]: Command `dbt run` failed at 02:31:12.797684 after 28.40 seconds
[0m02:31:12.798268 [debug] [MainThread]: Sending event: {'category': 'dbt', 'action': 'invocation', 'label': 'end', 'context': [<snowplow_tracker.self_describing_json.SelfDescribingJson object at 0x7f91ddc61880>, <snowplow_tracker.self_describing_json.SelfDescribingJson object at 0x7f91dda3e480>, <snowplow_tracker.self_describing_json.SelfDescribingJson object at 0x7f91dd766f00>]}
[0m02:31:12.798716 [debug] [MainThread]: Flushing usage events
[0m02:31:13.304929 [debug] [MainThread]: An error was encountered while trying to flush usage events
[0m02:35:58.870126 [debug] [MainThread]: Sending event: {'category': 'dbt', 'action': 'invocation', 'label': 'start', 'context': [<snowplow_tracker.self_describing_json.SelfDescribingJson object at 0x7fe15069e900>, <snowplow_tracker.self_describing_json.SelfDescribingJson object at 0x7fe150769d60>, <snowplow_tracker.self_describing_json.SelfDescribingJson object at 0x7fe1507a06e0>]}


============================== 02:35:58.877567 | 425e91bb-d13d-484f-94cd-23843ac01129 ==============================
[0m02:35:58.877567 [info ] [MainThread]: Running with dbt=1.10.7
[0m02:35:58.878255 [debug] [MainThread]: running dbt with arguments {'printer_width': '80', 'indirect_selection': 'eager', 'log_cache_events': 'False', 'write_json': 'True', 'partial_parse': 'True', 'cache_selected_only': 'False', 'warn_error': 'None', 'version_check': 'True', 'fail_fast': 'False', 'log_path': '/usr/ELT_Travaux_Angers/dbt/logs', 'debug': 'False', 'profiles_dir': '/usr/ELT_Travaux_Angers/dbt', 'use_colors': 'True', 'use_experimental_parser': 'False', 'empty': 'False', 'quiet': 'False', 'no_print': 'None', 'log_format': 'default', 'introspect': 'True', 'invocation_command': 'dbt run', 'warn_error_options': 'WarnErrorOptionsV2(error=[], warn=[], silence=[])', 'target_path': 'None', 'static_parser': 'True', 'send_anonymous_usage_stats': 'True'}
[0m02:36:05.175006 [debug] [MainThread]: Sending event: {'category': 'dbt', 'action': 'project_id', 'label': '425e91bb-d13d-484f-94cd-23843ac01129', 'context': [<snowplow_tracker.self_describing_json.SelfDescribingJson object at 0x7fe11dff6150>]}
[0m02:36:05.339369 [debug] [MainThread]: Sending event: {'category': 'dbt', 'action': 'adapter_info', 'label': '425e91bb-d13d-484f-94cd-23843ac01129', 'context': [<snowplow_tracker.self_describing_json.SelfDescribingJson object at 0x7fe1502d53a0>]}
[0m02:36:05.340389 [info ] [MainThread]: Registered adapter: bigquery=1.10.1
[0m02:36:05.604329 [debug] [MainThread]: checksum: 44f4b502e2ddc67beed4db71ce39b63f2d3b7fc0b96e49a69b096c8f6cc370bc, vars: {}, profile: , target: , version: 1.10.7
[0m02:36:05.813604 [debug] [MainThread]: Partial parsing enabled: 0 files deleted, 0 files added, 2 files changed.
[0m02:36:05.814416 [debug] [MainThread]: Partial parsing: updated file: travaux_angers://models/check_source.sql
[0m02:36:05.814835 [debug] [MainThread]: Partial parsing: updated file: travaux_angers://models/gold/fct_travaux_stats_monthly.sql
[0m02:36:06.364337 [debug] [MainThread]: Sending event: {'category': 'dbt', 'action': 'load_project', 'label': '425e91bb-d13d-484f-94cd-23843ac01129', 'context': [<snowplow_tracker.self_describing_json.SelfDescribingJson object at 0x7fe11b1b4650>]}
[0m02:36:06.526019 [debug] [MainThread]: Wrote artifact WritableManifest to /usr/ELT_Travaux_Angers/dbt/target/manifest.json
[0m02:36:06.528339 [debug] [MainThread]: Wrote artifact SemanticManifest to /usr/ELT_Travaux_Angers/dbt/target/semantic_manifest.json
[0m02:36:06.554836 [debug] [MainThread]: Sending event: {'category': 'dbt', 'action': 'resource_counts', 'label': '425e91bb-d13d-484f-94cd-23843ac01129', 'context': [<snowplow_tracker.self_describing_json.SelfDescribingJson object at 0x7fe11ac91a60>]}
[0m02:36:06.555756 [info ] [MainThread]: Found 9 models, 1 analysis, 17 data tests, 1 source, 610 macros
[0m02:36:06.556241 [debug] [MainThread]: Sending event: {'category': 'dbt', 'action': 'runnable_timing', 'label': '425e91bb-d13d-484f-94cd-23843ac01129', 'context': [<snowplow_tracker.self_describing_json.SelfDescribingJson object at 0x7fe11ad87350>]}
[0m02:36:06.559049 [info ] [MainThread]: 
[0m02:36:06.559673 [info ] [MainThread]: Concurrency: 1 threads (target='dev')
[0m02:36:06.560023 [info ] [MainThread]: 
[0m02:36:06.561268 [debug] [MainThread]: Acquiring new bigquery connection 'master'
[0m02:36:06.569824 [debug] [ThreadPool]: Acquiring new bigquery connection 'list_my-project-travaux-angers'
[0m02:36:06.570944 [debug] [ThreadPool]: Opening a new connection, currently in state init
[0m02:36:07.095063 [debug] [ThreadPool]: Opening a new connection, currently in state closed
[0m02:36:07.616462 [debug] [ThreadPool]: Opening a new connection, currently in state closed
[0m02:36:08.030809 [debug] [ThreadPool]: Opening a new connection, currently in state closed
[0m02:36:08.488211 [debug] [ThreadPool]: Re-using an available connection from the pool (formerly list_my-project-travaux-angers, now list_my-project-travaux-angers_travaux_angers_silver)
[0m02:36:08.489224 [debug] [ThreadPool]: Opening a new connection, currently in state closed
[0m02:36:08.947672 [debug] [ThreadPool]: Re-using an available connection from the pool (formerly list_my-project-travaux-angers_travaux_angers_silver, now list_my-project-travaux-angers_travaux_angers)
[0m02:36:08.948258 [debug] [ThreadPool]: Opening a new connection, currently in state closed
[0m02:36:09.327642 [debug] [ThreadPool]: Re-using an available connection from the pool (formerly list_my-project-travaux-angers_travaux_angers, now list_my-project-travaux-angers_travaux_angers_gold)
[0m02:36:09.329038 [debug] [ThreadPool]: Opening a new connection, currently in state closed
[0m02:36:09.756907 [debug] [ThreadPool]: Re-using an available connection from the pool (formerly list_my-project-travaux-angers_travaux_angers_gold, now list_my-project-travaux-angers_travaux_angers_bronze)
[0m02:36:09.759206 [debug] [ThreadPool]: Opening a new connection, currently in state closed
[0m02:36:10.193314 [debug] [MainThread]: Sending event: {'category': 'dbt', 'action': 'runnable_timing', 'label': '425e91bb-d13d-484f-94cd-23843ac01129', 'context': [<snowplow_tracker.self_describing_json.SelfDescribingJson object at 0x7fe11b1ef7d0>]}
[0m02:36:10.194310 [debug] [MainThread]: Opening a new connection, currently in state init
[0m02:36:10.240549 [debug] [Thread-1 (]: Began running node model.travaux_angers.analyse_types
[0m02:36:10.241527 [info ] [Thread-1 (]: 1 of 9 START sql view model travaux_angers.analyse_types ....................... [RUN]
[0m02:36:10.242196 [debug] [Thread-1 (]: Re-using an available connection from the pool (formerly list_my-project-travaux-angers_travaux_angers_bronze, now model.travaux_angers.analyse_types)
[0m02:36:10.242651 [debug] [Thread-1 (]: Began compiling node model.travaux_angers.analyse_types
[0m02:36:10.252820 [debug] [Thread-1 (]: Writing injected SQL for node "model.travaux_angers.analyse_types"
[0m02:36:10.254564 [debug] [Thread-1 (]: Began executing node model.travaux_angers.analyse_types
[0m02:36:10.300465 [debug] [Thread-1 (]: Writing runtime sql for node "model.travaux_angers.analyse_types"
[0m02:36:10.301514 [debug] [Thread-1 (]: On model.travaux_angers.analyse_types: /* {"app": "dbt", "dbt_version": "1.10.7", "profile_name": "travaux_angers", "target_name": "dev", "node_id": "model.travaux_angers.analyse_types"} */


  create or replace view `my-project-travaux-angers`.`travaux_angers`.`analyse_types`
  OPTIONS()
  as 

SELECT
    type as type_travaux,
    COUNT(*) as nombre_total,
    COUNT(DISTINCT DATE_TRUNC(startat, MONTH)) as nombre_mois_distincts
FROM `my-project-travaux-angers`.`travaux_angers`.`travaux_angers`
GROUP BY type
ORDER BY nombre_total DESC;


[0m02:36:10.302077 [debug] [Thread-1 (]: Opening a new connection, currently in state closed
[0m02:36:10.976340 [debug] [Thread-1 (]: BigQuery adapter: https://console.cloud.google.com/bigquery?project=my-project-travaux-angers&j=bq:US:80cd4f99-f0f4-4b86-8adc-96591d23f806&page=queryresults
[0m02:36:11.792440 [debug] [Thread-1 (]: Sending event: {'category': 'dbt', 'action': 'run_model', 'label': '425e91bb-d13d-484f-94cd-23843ac01129', 'context': [<snowplow_tracker.self_describing_json.SelfDescribingJson object at 0x7fe11ab9e1e0>]}
[0m02:36:11.793792 [info ] [Thread-1 (]: 1 of 9 OK created sql view model travaux_angers.analyse_types .................. [[32mCREATE VIEW (0 processed)[0m in 1.55s]
[0m02:36:11.794557 [debug] [Thread-1 (]: Finished running node model.travaux_angers.analyse_types
[0m02:36:11.795096 [debug] [Thread-1 (]: Began running node model.travaux_angers.check_columns
[0m02:36:11.796181 [info ] [Thread-1 (]: 2 of 9 START sql view model travaux_angers.check_columns ....................... [RUN]
[0m02:36:11.797075 [debug] [Thread-1 (]: Re-using an available connection from the pool (formerly model.travaux_angers.analyse_types, now model.travaux_angers.check_columns)
[0m02:36:11.797492 [debug] [Thread-1 (]: Began compiling node model.travaux_angers.check_columns
[0m02:36:11.801012 [debug] [Thread-1 (]: Writing injected SQL for node "model.travaux_angers.check_columns"
[0m02:36:11.802370 [debug] [Thread-1 (]: Began executing node model.travaux_angers.check_columns
[0m02:36:11.805948 [debug] [Thread-1 (]: Writing runtime sql for node "model.travaux_angers.check_columns"
[0m02:36:11.806904 [debug] [Thread-1 (]: On model.travaux_angers.check_columns: /* {"app": "dbt", "dbt_version": "1.10.7", "profile_name": "travaux_angers", "target_name": "dev", "node_id": "model.travaux_angers.check_columns"} */


  create or replace view `my-project-travaux-angers`.`travaux_angers`.`check_columns`
  OPTIONS()
  as 

SELECT *
FROM `my-project-travaux-angers`.`travaux_angers`.`travaux_angers`
LIMIT 1;


[0m02:36:11.807426 [debug] [Thread-1 (]: Opening a new connection, currently in state closed
[0m02:36:12.627065 [debug] [Thread-1 (]: BigQuery adapter: https://console.cloud.google.com/bigquery?project=my-project-travaux-angers&j=bq:US:0524b085-798a-4644-bc87-042cb02a8069&page=queryresults
[0m02:36:13.076226 [debug] [Thread-1 (]: Sending event: {'category': 'dbt', 'action': 'run_model', 'label': '425e91bb-d13d-484f-94cd-23843ac01129', 'context': [<snowplow_tracker.self_describing_json.SelfDescribingJson object at 0x7fe0e2db8260>]}
[0m02:36:13.077146 [info ] [Thread-1 (]: 2 of 9 OK created sql view model travaux_angers.check_columns .................. [[32mCREATE VIEW (0 processed)[0m in 1.28s]
[0m02:36:13.077904 [debug] [Thread-1 (]: Finished running node model.travaux_angers.check_columns
[0m02:36:13.078364 [debug] [Thread-1 (]: Began running node model.travaux_angers.check_source
[0m02:36:13.078942 [info ] [Thread-1 (]: 3 of 9 START sql view model travaux_angers.check_source ........................ [RUN]
[0m02:36:13.079678 [debug] [Thread-1 (]: Re-using an available connection from the pool (formerly model.travaux_angers.check_columns, now model.travaux_angers.check_source)
[0m02:36:13.080142 [debug] [Thread-1 (]: Began compiling node model.travaux_angers.check_source
[0m02:36:13.083220 [debug] [Thread-1 (]: Writing injected SQL for node "model.travaux_angers.check_source"
[0m02:36:13.083952 [debug] [Thread-1 (]: Began executing node model.travaux_angers.check_source
[0m02:36:13.086864 [debug] [Thread-1 (]: Writing runtime sql for node "model.travaux_angers.check_source"
[0m02:36:13.087572 [debug] [Thread-1 (]: On model.travaux_angers.check_source: /* {"app": "dbt", "dbt_version": "1.10.7", "profile_name": "travaux_angers", "target_name": "dev", "node_id": "model.travaux_angers.check_source"} */


  create or replace view `my-project-travaux-angers`.`travaux_angers`.`check_source`
  OPTIONS()
  as 

SELECT
    column_name,
    data_type
FROM `my-project-travaux-angers.travaux_angers`.INFORMATION_SCHEMA.COLUMNS
WHERE table_name = 'travaux_angers'
ORDER BY ordinal_position;


[0m02:36:13.088005 [debug] [Thread-1 (]: Opening a new connection, currently in state closed
[0m02:36:13.786933 [debug] [Thread-1 (]: BigQuery adapter: https://console.cloud.google.com/bigquery?project=my-project-travaux-angers&j=bq:US:1429d7d2-7f1c-4599-83d9-04aa821d8c63&page=queryresults
[0m02:36:14.296132 [debug] [Thread-1 (]: Sending event: {'category': 'dbt', 'action': 'run_model', 'label': '425e91bb-d13d-484f-94cd-23843ac01129', 'context': [<snowplow_tracker.self_describing_json.SelfDescribingJson object at 0x7fe11b026450>]}
[0m02:36:14.297358 [info ] [Thread-1 (]: 3 of 9 OK created sql view model travaux_angers.check_source ................... [[32mCREATE VIEW (0 processed)[0m in 1.22s]
[0m02:36:14.299755 [debug] [Thread-1 (]: Finished running node model.travaux_angers.check_source
[0m02:36:14.300564 [debug] [Thread-1 (]: Began running node model.travaux_angers.fct_travaux_stats_monthly
[0m02:36:14.301805 [info ] [Thread-1 (]: 4 of 9 START sql table model travaux_angers_gold.fct_travaux_stats_monthly ..... [RUN]
[0m02:36:14.302671 [debug] [Thread-1 (]: Re-using an available connection from the pool (formerly model.travaux_angers.check_source, now model.travaux_angers.fct_travaux_stats_monthly)
[0m02:36:14.303373 [debug] [Thread-1 (]: Began compiling node model.travaux_angers.fct_travaux_stats_monthly
[0m02:36:14.308820 [debug] [Thread-1 (]: Writing injected SQL for node "model.travaux_angers.fct_travaux_stats_monthly"
[0m02:36:14.310932 [debug] [Thread-1 (]: Began executing node model.travaux_angers.fct_travaux_stats_monthly
[0m02:36:14.328715 [debug] [Thread-1 (]: Opening a new connection, currently in state closed
[0m02:36:14.867101 [debug] [Thread-1 (]: Writing runtime sql for node "model.travaux_angers.fct_travaux_stats_monthly"
[0m02:36:14.868077 [debug] [Thread-1 (]: On model.travaux_angers.fct_travaux_stats_monthly: /* {"app": "dbt", "dbt_version": "1.10.7", "profile_name": "travaux_angers", "target_name": "dev", "node_id": "model.travaux_angers.fct_travaux_stats_monthly"} */

  
    

    create or replace table `my-project-travaux-angers`.`travaux_angers_gold`.`fct_travaux_stats_monthly`
      
    
    

    
    OPTIONS()
    as (
      WITH travaux_details AS (
    SELECT
        -- Clés et dimensions
        id,
        type as type_travaux,
        DATE_TRUNC(startat, MONTH) as mois,  -- Date mensuelle
        startat as date_debut,

        -- Métriques temporelles
        DATE_DIFF(endat, startat, DAY) as duree_jours,
        CASE
            WHEN CURRENT_TIMESTAMP() BETWEEN startat AND endat THEN 1
            ELSE 0
        END as est_en_cours,

        -- Géolocalisation
        longitude,  -- Changé de coordinate_x
        latitude,   -- Changé de coordinate_y

        -- Autres informations
        title as titre,
        description,
        address as adresse
    FROM `my-project-travaux-angers`.`travaux_angers`.`travaux_angers`
),

statistiques_mensuelles AS (
    SELECT
        mois,
        type_travaux,
        -- Métriques d'agrégation
        COUNT(DISTINCT id) as nombre_travaux,
        SUM(est_en_cours) as travaux_en_cours,
        AVG(duree_jours) as duree_moyenne_jours,
        MIN(duree_jours) as duree_min_jours,
        MAX(duree_jours) as duree_max_jours,
        -- Statistiques additionnelles mensuelles
        COUNT(DISTINCT DATE(date_debut)) as nombre_jours_avec_nouveaux_travaux,
        -- Coordonnées moyennes
        AVG(longitude) as longitude_moyenne,
        AVG(latitude) as latitude_moyenne,
        -- Liste des IDs pour jointure
        STRING_AGG(CAST(id as STRING), ',') as ids_travaux
    FROM travaux_details
    GROUP BY
        mois,
        type_travaux
)

SELECT
    -- Dimensions temporelles et type
    mois,
    type_travaux,
    ids_travaux,

    -- Métriques calculées
    nombre_travaux,
    travaux_en_cours,
    ROUND(duree_moyenne_jours, 1) as duree_moyenne_jours,
    duree_min_jours,
    duree_max_jours,
    nombre_jours_avec_nouveaux_travaux,

    -- Ratios et pourcentages
    SAFE_DIVIDE(travaux_en_cours, nombre_travaux) as ratio_actif,

    -- Position moyenne du groupe
    ST_GEOGPOINT(longitude_moyenne, latitude_moyenne) as position_representative,

    -- Horodatage
    CURRENT_TIMESTAMP() as _updated_at
FROM statistiques_mensuelles
ORDER BY
    mois DESC,
    nombre_travaux DESC
    );
  
[0m02:36:15.508200 [debug] [Thread-1 (]: BigQuery adapter: https://console.cloud.google.com/bigquery?project=my-project-travaux-angers&j=bq:US:7645b7a9-ce87-41f1-9bf3-74a15fe60aaa&page=queryresults
[0m02:36:15.753768 [error] [Thread-1 (]: BigQuery adapter: https://console.cloud.google.com/bigquery?project=my-project-travaux-angers&j=bq:US:7645b7a9-ce87-41f1-9bf3-74a15fe60aaa&page=queryresults
[0m02:36:15.767500 [debug] [Thread-1 (]: Database Error in model fct_travaux_stats_monthly (models/gold/fct_travaux_stats_monthly.sql)
  Unrecognized name: longitude at [30:9]
  compiled code at target/run/travaux_angers/models/gold/fct_travaux_stats_monthly.sql
[0m02:36:15.768828 [debug] [Thread-1 (]: Sending event: {'category': 'dbt', 'action': 'run_model', 'label': '425e91bb-d13d-484f-94cd-23843ac01129', 'context': [<snowplow_tracker.self_describing_json.SelfDescribingJson object at 0x7fe0e2d44740>]}
[0m02:36:15.769543 [error] [Thread-1 (]: 4 of 9 ERROR creating sql table model travaux_angers_gold.fct_travaux_stats_monthly  [[31mERROR[0m in 1.47s]
[0m02:36:15.770166 [debug] [Thread-1 (]: Finished running node model.travaux_angers.fct_travaux_stats_monthly
[0m02:36:15.770965 [debug] [Thread-1 (]: Began running node model.travaux_angers.src_travaux_angers
[0m02:36:15.771517 [info ] [Thread-1 (]: 5 of 9 START sql view model travaux_angers_bronze.src_travaux_angers ........... [RUN]
[0m02:36:15.772409 [debug] [Thread-1 (]: Re-using an available connection from the pool (formerly model.travaux_angers.fct_travaux_stats_monthly, now model.travaux_angers.src_travaux_angers)
[0m02:36:15.772879 [debug] [Thread-1 (]: Began compiling node model.travaux_angers.src_travaux_angers
[0m02:36:15.776280 [debug] [Thread-1 (]: Writing injected SQL for node "model.travaux_angers.src_travaux_angers"
[0m02:36:15.777277 [debug] [Thread-4 (]: Marking all children of 'model.travaux_angers.fct_travaux_stats_monthly' to be skipped because of status 'error'.  Reason: Database Error in model fct_travaux_stats_monthly (models/gold/fct_travaux_stats_monthly.sql)
  Unrecognized name: longitude at [30:9]
  compiled code at target/run/travaux_angers/models/gold/fct_travaux_stats_monthly.sql.
[0m02:36:15.779970 [debug] [Thread-1 (]: Began executing node model.travaux_angers.src_travaux_angers
[0m02:36:15.783893 [debug] [Thread-1 (]: Writing runtime sql for node "model.travaux_angers.src_travaux_angers"
[0m02:36:15.784813 [debug] [Thread-1 (]: On model.travaux_angers.src_travaux_angers: /* {"app": "dbt", "dbt_version": "1.10.7", "profile_name": "travaux_angers", "target_name": "dev", "node_id": "model.travaux_angers.src_travaux_angers"} */


  create or replace view `my-project-travaux-angers`.`travaux_angers_bronze`.`src_travaux_angers`
  OPTIONS()
  as -- bronze/src_travaux_angers.sql
-- Source brute des données de travaux
SELECT
    *,
    CURRENT_TIMESTAMP() as _loaded_at
FROM `my-project-travaux-angers`.`travaux_angers`.`travaux_angers`;


[0m02:36:15.785286 [debug] [Thread-1 (]: Opening a new connection, currently in state closed
[0m02:36:16.489189 [debug] [Thread-1 (]: BigQuery adapter: https://console.cloud.google.com/bigquery?project=my-project-travaux-angers&j=bq:US:6116082c-0011-4952-8c3b-e1a1cc33616f&page=queryresults
[0m02:36:16.934797 [debug] [Thread-1 (]: Sending event: {'category': 'dbt', 'action': 'run_model', 'label': '425e91bb-d13d-484f-94cd-23843ac01129', 'context': [<snowplow_tracker.self_describing_json.SelfDescribingJson object at 0x7fe11b0246b0>]}
[0m02:36:16.935667 [info ] [Thread-1 (]: 5 of 9 OK created sql view model travaux_angers_bronze.src_travaux_angers ...... [[32mCREATE VIEW (0 processed)[0m in 1.16s]
[0m02:36:16.936322 [debug] [Thread-1 (]: Finished running node model.travaux_angers.src_travaux_angers
[0m02:36:16.938158 [debug] [Thread-1 (]: Began running node model.travaux_angers.stg_travaux_angers
[0m02:36:16.938963 [info ] [Thread-1 (]: 6 of 9 START sql table model travaux_angers_silver.stg_travaux_angers .......... [RUN]
[0m02:36:16.940303 [debug] [Thread-1 (]: Re-using an available connection from the pool (formerly model.travaux_angers.src_travaux_angers, now model.travaux_angers.stg_travaux_angers)
[0m02:36:16.940838 [debug] [Thread-1 (]: Began compiling node model.travaux_angers.stg_travaux_angers
[0m02:36:16.947115 [debug] [Thread-1 (]: Writing injected SQL for node "model.travaux_angers.stg_travaux_angers"
[0m02:36:16.947985 [debug] [Thread-1 (]: Began executing node model.travaux_angers.stg_travaux_angers
[0m02:36:16.950952 [debug] [Thread-1 (]: Opening a new connection, currently in state closed
[0m02:36:17.382849 [debug] [Thread-1 (]: Writing runtime sql for node "model.travaux_angers.stg_travaux_angers"
[0m02:36:17.384338 [debug] [Thread-1 (]: On model.travaux_angers.stg_travaux_angers: /* {"app": "dbt", "dbt_version": "1.10.7", "profile_name": "travaux_angers", "target_name": "dev", "node_id": "model.travaux_angers.stg_travaux_angers"} */

  
    

    create or replace table `my-project-travaux-angers`.`travaux_angers_silver`.`stg_travaux_angers`
      
    
    

    
    OPTIONS()
    as (
      -- silver/stg_travaux_angers.sql
-- Données nettoyées et standardisées
WITH source AS (
    SELECT * FROM `my-project-travaux-angers`.`travaux_angers_bronze`.`src_travaux_angers`
)

SELECT
    -- Informations de base
    id,
    title as titre,
    description,
    address as adresse,

    -- Dates et durée
    TIMESTAMP(startat) as date_debut,
    TIMESTAMP(endat) as date_fin,

    -- Informations sur le trafic et le type
    traffic as impact_trafic,
    type,

    -- Coordonnées géographiques (extraites du geo_point_2d)
    CAST(JSON_EXTRACT(geo_point_2d, '$.lon') as FLOAT64) as longitude,
    CAST(JSON_EXTRACT(geo_point_2d, '$.lat') as FLOAT64) as latitude,

    -- Informations de contact
    contact,
    email,

    -- Métadonnées
    istramway as est_tramway,
    idparking as id_parking,

    -- Horodatage de mise à jour
    CURRENT_TIMESTAMP() as _updated_at
FROM source
    );
  
[0m02:36:18.105635 [debug] [Thread-1 (]: BigQuery adapter: https://console.cloud.google.com/bigquery?project=my-project-travaux-angers&j=bq:US:c788a1ec-0221-42ad-9268-fbd58563613f&page=queryresults
[0m02:36:20.354462 [debug] [Thread-1 (]: Sending event: {'category': 'dbt', 'action': 'run_model', 'label': '425e91bb-d13d-484f-94cd-23843ac01129', 'context': [<snowplow_tracker.self_describing_json.SelfDescribingJson object at 0x7fe11ac99850>]}
[0m02:36:20.355280 [info ] [Thread-1 (]: 6 of 9 OK created sql table model travaux_angers_silver.stg_travaux_angers ..... [[32mCREATE TABLE (15.1k rows, 4.8 MiB processed)[0m in 3.41s]
[0m02:36:20.355891 [debug] [Thread-1 (]: Finished running node model.travaux_angers.stg_travaux_angers
[0m02:36:20.357236 [debug] [Thread-1 (]: Began running node model.travaux_angers.dim_travaux_details
[0m02:36:20.357823 [info ] [Thread-1 (]: 7 of 9 START sql table model travaux_angers_gold.dim_travaux_details ........... [RUN]
[0m02:36:20.358333 [debug] [Thread-1 (]: Re-using an available connection from the pool (formerly model.travaux_angers.stg_travaux_angers, now model.travaux_angers.dim_travaux_details)
[0m02:36:20.358686 [debug] [Thread-1 (]: Began compiling node model.travaux_angers.dim_travaux_details
[0m02:36:20.362557 [debug] [Thread-1 (]: Writing injected SQL for node "model.travaux_angers.dim_travaux_details"
[0m02:36:20.363527 [debug] [Thread-1 (]: Began executing node model.travaux_angers.dim_travaux_details
[0m02:36:20.366814 [debug] [Thread-1 (]: Opening a new connection, currently in state closed
[0m02:36:20.754119 [debug] [Thread-1 (]: Writing runtime sql for node "model.travaux_angers.dim_travaux_details"
[0m02:36:20.756272 [debug] [Thread-1 (]: On model.travaux_angers.dim_travaux_details: /* {"app": "dbt", "dbt_version": "1.10.7", "profile_name": "travaux_angers", "target_name": "dev", "node_id": "model.travaux_angers.dim_travaux_details"} */

  
    

    create or replace table `my-project-travaux-angers`.`travaux_angers_gold`.`dim_travaux_details`
      
    
    

    
    OPTIONS()
    as (
      -- Modèle pour la visualisation des travaux actifs et leurs caractéristiques
WITH travaux_enrichis AS (
    SELECT
        *,
        TIMESTAMP_DIFF(date_fin, date_debut, DAY) as duree_jours,
        CASE
            WHEN CURRENT_TIMESTAMP() BETWEEN date_debut AND date_fin THEN 'En cours'
            WHEN CURRENT_TIMESTAMP() < date_debut THEN 'À venir'
            ELSE 'Terminé'
        END as statut
    FROM `my-project-travaux-angers`.`travaux_angers_silver`.`stg_travaux_angers`
)

SELECT
    id,
    titre,
    date_debut,
    date_fin,
    duree_jours,
    longitude,
    latitude,
    type as type_travaux,
    description,
    adresse,
    statut,
    est_tramway,
    id_parking,
    contact,
    email,
    _updated_at,
    -- Création d'une géométrie pour la visualisation cartographique
    ST_GEOGPOINT(longitude, latitude) as position
FROM travaux_enrichis
    );
  
[0m02:36:21.298272 [debug] [Thread-1 (]: BigQuery adapter: https://console.cloud.google.com/bigquery?project=my-project-travaux-angers&j=bq:US:ccedd81f-2c6f-44ec-aa82-bc69e245fbfd&page=queryresults
[0m02:36:23.240477 [debug] [Thread-1 (]: Sending event: {'category': 'dbt', 'action': 'run_model', 'label': '425e91bb-d13d-484f-94cd-23843ac01129', 'context': [<snowplow_tracker.self_describing_json.SelfDescribingJson object at 0x7fe11ac98bc0>]}
[0m02:36:23.241448 [info ] [Thread-1 (]: 7 of 9 OK created sql table model travaux_angers_gold.dim_travaux_details ...... [[32mCREATE TABLE (15.1k rows, 4.4 MiB processed)[0m in 2.88s]
[0m02:36:23.242084 [debug] [Thread-1 (]: Finished running node model.travaux_angers.dim_travaux_details
[0m02:36:23.242570 [debug] [Thread-1 (]: Began running node model.travaux_angers.fct_travaux_stats
[0m02:36:23.243070 [info ] [Thread-1 (]: 8 of 9 START sql table model travaux_angers_gold.fct_travaux_stats ............. [RUN]
[0m02:36:23.243561 [debug] [Thread-1 (]: Re-using an available connection from the pool (formerly model.travaux_angers.dim_travaux_details, now model.travaux_angers.fct_travaux_stats)
[0m02:36:23.243983 [debug] [Thread-1 (]: Began compiling node model.travaux_angers.fct_travaux_stats
[0m02:36:23.250675 [debug] [Thread-1 (]: Writing injected SQL for node "model.travaux_angers.fct_travaux_stats"
[0m02:36:23.251633 [debug] [Thread-1 (]: Began executing node model.travaux_angers.fct_travaux_stats
[0m02:36:23.254442 [debug] [Thread-1 (]: Opening a new connection, currently in state closed
[0m02:36:23.643821 [debug] [Thread-1 (]: Writing runtime sql for node "model.travaux_angers.fct_travaux_stats"
[0m02:36:23.644866 [debug] [Thread-1 (]: On model.travaux_angers.fct_travaux_stats: /* {"app": "dbt", "dbt_version": "1.10.7", "profile_name": "travaux_angers", "target_name": "dev", "node_id": "model.travaux_angers.fct_travaux_stats"} */

  
    

    create or replace table `my-project-travaux-angers`.`travaux_angers_gold`.`fct_travaux_stats`
      
    
    

    
    OPTIONS()
    as (
      -- Modèle pour les analyses temporelles et les statistiques

WITH travaux_details AS (
    SELECT
        -- Clés et dimensions
        id,
        type as type_travaux,
        DATE_TRUNC(date_debut, DAY) as jour,  -- Changement à une granularité journalière

        -- Métriques temporelles
        DATE_DIFF(date_fin, date_debut, DAY) as duree_jours,
        CASE
            WHEN CURRENT_TIMESTAMP() BETWEEN date_debut AND date_fin THEN 1
            ELSE 0
        END as est_en_cours,

        -- Géolocalisation
        longitude,
        latitude,

        -- Autres informations
        titre,
        description,
        adresse
    FROM `my-project-travaux-angers`.`travaux_angers_silver`.`stg_travaux_angers`
),

statistiques_agregees AS (
    SELECT
        jour,
        type_travaux,
        -- Métriques d'agrégation
        COUNT(DISTINCT id) as nombre_travaux,
        SUM(est_en_cours) as travaux_en_cours,
        AVG(duree_jours) as duree_moyenne_jours,
        MIN(duree_jours) as duree_min_jours,
        MAX(duree_jours) as duree_max_jours,
        -- Coordonnées moyennes
        AVG(longitude) as longitude_moyenne,
        AVG(latitude) as latitude_moyenne,
        -- Liste des IDs pour jointure
        STRING_AGG(CAST(id as STRING), ',') as ids_travaux
    FROM travaux_details
    GROUP BY
        jour,
        type_travaux
)

SELECT
    -- Dimensions temporelles et type
    jour,
    type_travaux,
    ids_travaux,

    -- Métriques calculées
    nombre_travaux,
    travaux_en_cours,
    ROUND(duree_moyenne_jours, 1) as duree_moyenne_jours,
    duree_min_jours,
    duree_max_jours,

    -- Ratios et pourcentages
    SAFE_DIVIDE(travaux_en_cours, nombre_travaux) as ratio_actif,

    -- Position moyenne du groupe
    ST_GEOGPOINT(longitude_moyenne, latitude_moyenne) as position_representative,

    -- Horodatage
    CURRENT_TIMESTAMP() as _updated_at
FROM statistiques_agregees
ORDER BY
    jour DESC,
    nombre_travaux DESC
    );
  
[0m02:36:24.114750 [debug] [Thread-1 (]: BigQuery adapter: https://console.cloud.google.com/bigquery?project=my-project-travaux-angers&j=bq:US:8689fc3e-fa9a-4adb-8608-4b05e283f10f&page=queryresults
[0m02:36:26.334896 [debug] [Thread-1 (]: Sending event: {'category': 'dbt', 'action': 'run_model', 'label': '425e91bb-d13d-484f-94cd-23843ac01129', 'context': [<snowplow_tracker.self_describing_json.SelfDescribingJson object at 0x7fe11acbdc70>]}
[0m02:36:26.335907 [info ] [Thread-1 (]: 8 of 9 OK created sql table model travaux_angers_gold.fct_travaux_stats ........ [[32mCREATE TABLE (31.0 rows, 694.0 KiB processed)[0m in 3.09s]
[0m02:36:26.336887 [debug] [Thread-1 (]: Finished running node model.travaux_angers.fct_travaux_stats
[0m02:36:26.337356 [debug] [Thread-1 (]: Began running node model.travaux_angers.fct_travaux_stats_daily
[0m02:36:26.338009 [info ] [Thread-1 (]: 9 of 9 START sql table model travaux_angers_gold.fct_travaux_stats_daily ....... [RUN]
[0m02:36:26.338504 [debug] [Thread-1 (]: Re-using an available connection from the pool (formerly model.travaux_angers.fct_travaux_stats, now model.travaux_angers.fct_travaux_stats_daily)
[0m02:36:26.338920 [debug] [Thread-1 (]: Began compiling node model.travaux_angers.fct_travaux_stats_daily
[0m02:36:26.342677 [debug] [Thread-1 (]: Writing injected SQL for node "model.travaux_angers.fct_travaux_stats_daily"
[0m02:36:26.344529 [debug] [Thread-1 (]: Began executing node model.travaux_angers.fct_travaux_stats_daily
[0m02:36:26.348941 [debug] [Thread-1 (]: Opening a new connection, currently in state closed
[0m02:36:26.762726 [debug] [Thread-1 (]: Writing runtime sql for node "model.travaux_angers.fct_travaux_stats_daily"
[0m02:36:26.764587 [debug] [Thread-1 (]: On model.travaux_angers.fct_travaux_stats_daily: /* {"app": "dbt", "dbt_version": "1.10.7", "profile_name": "travaux_angers", "target_name": "dev", "node_id": "model.travaux_angers.fct_travaux_stats_daily"} */

  
    

    create or replace table `my-project-travaux-angers`.`travaux_angers_gold`.`fct_travaux_stats_daily`
      
    
    

    
    OPTIONS()
    as (
      WITH travaux_details AS (
    SELECT
        -- Clés et dimensions
        id,
        type as type_travaux,
        DATE(date_debut) as jour,  -- Date journalière

        -- Métriques temporelles
        DATE_DIFF(date_fin, date_debut, DAY) as duree_jours,
        CASE
            WHEN CURRENT_TIMESTAMP() BETWEEN date_debut AND date_fin THEN 1
            ELSE 0
        END as est_en_cours,

        -- Géolocalisation
        longitude,
        latitude,

        -- Autres informations
        titre,
        description,
        adresse
    FROM `my-project-travaux-angers`.`travaux_angers_silver`.`stg_travaux_angers`
),

statistiques_journalieres AS (
    SELECT
        jour,
        type_travaux,
        -- Métriques d'agrégation
        COUNT(DISTINCT id) as nombre_travaux,
        SUM(est_en_cours) as travaux_en_cours,
        AVG(duree_jours) as duree_moyenne_jours,
        MIN(duree_jours) as duree_min_jours,
        MAX(duree_jours) as duree_max_jours,
        -- Coordonnées moyennes
        AVG(longitude) as longitude_moyenne,
        AVG(latitude) as latitude_moyenne,
        -- Liste des IDs pour jointure
        STRING_AGG(CAST(id as STRING), ',') as ids_travaux
    FROM travaux_details
    GROUP BY
        jour,
        type_travaux
)

SELECT
    -- Dimensions temporelles et type
    jour,
    type_travaux,
    ids_travaux,

    -- Métriques calculées
    nombre_travaux,
    travaux_en_cours,
    ROUND(duree_moyenne_jours, 1) as duree_moyenne_jours,
    duree_min_jours,
    duree_max_jours,

    -- Ratios et pourcentages
    SAFE_DIVIDE(travaux_en_cours, nombre_travaux) as ratio_actif,

    -- Position moyenne du groupe
    ST_GEOGPOINT(longitude_moyenne, latitude_moyenne) as position_representative,

    -- Horodatage
    CURRENT_TIMESTAMP() as _updated_at
FROM statistiques_journalieres
ORDER BY
    jour DESC,
    nombre_travaux DESC
    );
  
[0m02:36:27.233000 [debug] [Thread-1 (]: BigQuery adapter: https://console.cloud.google.com/bigquery?project=my-project-travaux-angers&j=bq:US:aa4156ae-0c73-4fc2-9f28-e4b77cc3ea4e&page=queryresults
[0m02:36:29.753521 [debug] [Thread-1 (]: Sending event: {'category': 'dbt', 'action': 'run_model', 'label': '425e91bb-d13d-484f-94cd-23843ac01129', 'context': [<snowplow_tracker.self_describing_json.SelfDescribingJson object at 0x7fe11b06d0a0>]}
[0m02:36:29.754916 [info ] [Thread-1 (]: 9 of 9 OK created sql table model travaux_angers_gold.fct_travaux_stats_daily .. [[32mCREATE TABLE (31.0 rows, 694.0 KiB processed)[0m in 3.41s]
[0m02:36:29.756339 [debug] [Thread-1 (]: Finished running node model.travaux_angers.fct_travaux_stats_daily
[0m02:36:29.759120 [debug] [MainThread]: Opening a new connection, currently in state closed
[0m02:36:29.806617 [debug] [MainThread]: Connection 'master' was properly closed.
[0m02:36:29.807301 [debug] [MainThread]: Connection 'model.travaux_angers.fct_travaux_stats_daily' was properly closed.
[0m02:36:29.807960 [info ] [MainThread]: 
[0m02:36:29.808638 [info ] [MainThread]: Finished running 5 table models, 4 view models in 0 hours 0 minutes and 23.25 seconds (23.25s).
[0m02:36:29.810954 [debug] [MainThread]: Command end result
[0m02:36:29.846009 [debug] [MainThread]: Wrote artifact WritableManifest to /usr/ELT_Travaux_Angers/dbt/target/manifest.json
[0m02:36:29.849507 [debug] [MainThread]: Wrote artifact SemanticManifest to /usr/ELT_Travaux_Angers/dbt/target/semantic_manifest.json
[0m02:36:29.858614 [debug] [MainThread]: Wrote artifact RunExecutionResult to /usr/ELT_Travaux_Angers/dbt/target/run_results.json
[0m02:36:29.859077 [info ] [MainThread]: 
[0m02:36:29.859499 [info ] [MainThread]: [31mCompleted with 1 error, 0 partial successes, and 0 warnings:[0m
[0m02:36:29.860010 [info ] [MainThread]: 
[0m02:36:29.861099 [error] [MainThread]: [31mFailure in model fct_travaux_stats_monthly (models/gold/fct_travaux_stats_monthly.sql)[0m
[0m02:36:29.862410 [error] [MainThread]:   Database Error in model fct_travaux_stats_monthly (models/gold/fct_travaux_stats_monthly.sql)
  Unrecognized name: longitude at [30:9]
  compiled code at target/run/travaux_angers/models/gold/fct_travaux_stats_monthly.sql
[0m02:36:29.862845 [info ] [MainThread]: 
[0m02:36:29.863931 [info ] [MainThread]:   compiled code at target/compiled/travaux_angers/models/gold/fct_travaux_stats_monthly.sql
[0m02:36:29.865174 [info ] [MainThread]: 
[0m02:36:29.866632 [info ] [MainThread]: Done. PASS=8 WARN=0 ERROR=1 SKIP=0 NO-OP=0 TOTAL=9
[0m02:36:29.869510 [debug] [MainThread]: Resource report: {"command_name": "run", "command_success": false, "command_wall_clock_time": 31.00319, "process_in_blocks": "8", "process_kernel_time": 3.559373, "process_mem_max_rss": "456396", "process_out_blocks": "4472", "process_user_time": 11.613209}
[0m02:36:29.870354 [debug] [MainThread]: Command `dbt run` failed at 02:36:29.870179 after 31.01 seconds
[0m02:36:29.870898 [debug] [MainThread]: Sending event: {'category': 'dbt', 'action': 'invocation', 'label': 'end', 'context': [<snowplow_tracker.self_describing_json.SelfDescribingJson object at 0x7fe1512b3e00>, <snowplow_tracker.self_describing_json.SelfDescribingJson object at 0x7fe11aa57e30>, <snowplow_tracker.self_describing_json.SelfDescribingJson object at 0x7fe11aaa7c80>]}
[0m02:36:29.871337 [debug] [MainThread]: Flushing usage events
[0m02:36:30.487454 [debug] [MainThread]: An error was encountered while trying to flush usage events
[0m02:37:54.744833 [debug] [MainThread]: Sending event: {'category': 'dbt', 'action': 'invocation', 'label': 'start', 'context': [<snowplow_tracker.self_describing_json.SelfDescribingJson object at 0x7f862de39dc0>, <snowplow_tracker.self_describing_json.SelfDescribingJson object at 0x7f86300b7650>, <snowplow_tracker.self_describing_json.SelfDescribingJson object at 0x7f862dbc5a60>]}


============================== 02:37:54.748097 | 4b942f9f-203d-4dd8-8711-338573060af7 ==============================
[0m02:37:54.748097 [info ] [MainThread]: Running with dbt=1.10.7
[0m02:37:54.748762 [debug] [MainThread]: running dbt with arguments {'printer_width': '80', 'indirect_selection': 'eager', 'log_cache_events': 'False', 'write_json': 'True', 'partial_parse': 'True', 'cache_selected_only': 'False', 'warn_error': 'None', 'version_check': 'True', 'fail_fast': 'False', 'log_path': '/usr/ELT_Travaux_Angers/dbt/logs', 'profiles_dir': '/usr/ELT_Travaux_Angers/dbt', 'debug': 'False', 'use_colors': 'True', 'use_experimental_parser': 'False', 'no_print': 'None', 'quiet': 'False', 'empty': 'False', 'log_format': 'default', 'static_parser': 'True', 'introspect': 'True', 'invocation_command': 'dbt run', 'target_path': 'None', 'warn_error_options': 'WarnErrorOptionsV2(error=[], warn=[], silence=[])', 'send_anonymous_usage_stats': 'True'}
[0m02:37:58.030872 [debug] [MainThread]: Sending event: {'category': 'dbt', 'action': 'project_id', 'label': '4b942f9f-203d-4dd8-8711-338573060af7', 'context': [<snowplow_tracker.self_describing_json.SelfDescribingJson object at 0x7f85f865a600>]}
[0m02:37:58.131026 [debug] [MainThread]: Sending event: {'category': 'dbt', 'action': 'adapter_info', 'label': '4b942f9f-203d-4dd8-8711-338573060af7', 'context': [<snowplow_tracker.self_describing_json.SelfDescribingJson object at 0x7f862db1cfb0>]}
[0m02:37:58.131896 [info ] [MainThread]: Registered adapter: bigquery=1.10.1
[0m02:37:58.318084 [debug] [MainThread]: checksum: 44f4b502e2ddc67beed4db71ce39b63f2d3b7fc0b96e49a69b096c8f6cc370bc, vars: {}, profile: , target: , version: 1.10.7
[0m02:37:58.468282 [debug] [MainThread]: Partial parsing enabled: 0 files deleted, 0 files added, 1 files changed.
[0m02:37:58.469151 [debug] [MainThread]: Partial parsing: updated file: travaux_angers://models/gold/fct_travaux_stats_monthly.sql
[0m02:37:58.976518 [debug] [MainThread]: Sending event: {'category': 'dbt', 'action': 'load_project', 'label': '4b942f9f-203d-4dd8-8711-338573060af7', 'context': [<snowplow_tracker.self_describing_json.SelfDescribingJson object at 0x7f85f641bd70>]}
[0m02:37:59.085842 [debug] [MainThread]: Wrote artifact WritableManifest to /usr/ELT_Travaux_Angers/dbt/target/manifest.json
[0m02:37:59.087981 [debug] [MainThread]: Wrote artifact SemanticManifest to /usr/ELT_Travaux_Angers/dbt/target/semantic_manifest.json
[0m02:37:59.103539 [debug] [MainThread]: Sending event: {'category': 'dbt', 'action': 'resource_counts', 'label': '4b942f9f-203d-4dd8-8711-338573060af7', 'context': [<snowplow_tracker.self_describing_json.SelfDescribingJson object at 0x7f85f639d4f0>]}
[0m02:37:59.104089 [info ] [MainThread]: Found 9 models, 1 analysis, 17 data tests, 1 source, 610 macros
[0m02:37:59.104500 [debug] [MainThread]: Sending event: {'category': 'dbt', 'action': 'runnable_timing', 'label': '4b942f9f-203d-4dd8-8711-338573060af7', 'context': [<snowplow_tracker.self_describing_json.SelfDescribingJson object at 0x7f85f7eb5250>]}
[0m02:37:59.106711 [info ] [MainThread]: 
[0m02:37:59.107236 [info ] [MainThread]: Concurrency: 1 threads (target='dev')
[0m02:37:59.107557 [info ] [MainThread]: 
[0m02:37:59.108542 [debug] [MainThread]: Acquiring new bigquery connection 'master'
[0m02:37:59.113942 [debug] [ThreadPool]: Acquiring new bigquery connection 'list_my-project-travaux-angers'
[0m02:37:59.114444 [debug] [ThreadPool]: Opening a new connection, currently in state init
[0m02:37:59.549705 [debug] [ThreadPool]: Opening a new connection, currently in state closed
[0m02:37:59.973452 [debug] [ThreadPool]: Opening a new connection, currently in state closed
[0m02:38:00.386055 [debug] [ThreadPool]: Opening a new connection, currently in state closed
[0m02:38:00.893323 [debug] [ThreadPool]: Re-using an available connection from the pool (formerly list_my-project-travaux-angers, now list_my-project-travaux-angers_travaux_angers_gold)
[0m02:38:00.894477 [debug] [ThreadPool]: Opening a new connection, currently in state closed
[0m02:38:01.273561 [debug] [ThreadPool]: Re-using an available connection from the pool (formerly list_my-project-travaux-angers_travaux_angers_gold, now list_my-project-travaux-angers_travaux_angers)
[0m02:38:01.275690 [debug] [ThreadPool]: Opening a new connection, currently in state closed
[0m02:38:01.674329 [debug] [ThreadPool]: Re-using an available connection from the pool (formerly list_my-project-travaux-angers_travaux_angers, now list_my-project-travaux-angers_travaux_angers_bronze)
[0m02:38:01.676705 [debug] [ThreadPool]: Opening a new connection, currently in state closed
[0m02:38:02.039840 [debug] [ThreadPool]: Re-using an available connection from the pool (formerly list_my-project-travaux-angers_travaux_angers_bronze, now list_my-project-travaux-angers_travaux_angers_silver)
[0m02:38:02.040377 [debug] [ThreadPool]: Opening a new connection, currently in state closed
[0m02:38:02.458288 [debug] [MainThread]: Sending event: {'category': 'dbt', 'action': 'runnable_timing', 'label': '4b942f9f-203d-4dd8-8711-338573060af7', 'context': [<snowplow_tracker.self_describing_json.SelfDescribingJson object at 0x7f85f7e822a0>]}
[0m02:38:02.458980 [debug] [MainThread]: Opening a new connection, currently in state init
[0m02:38:02.505090 [debug] [Thread-1 (]: Began running node model.travaux_angers.analyse_types
[0m02:38:02.505769 [info ] [Thread-1 (]: 1 of 9 START sql view model travaux_angers.analyse_types ....................... [RUN]
[0m02:38:02.506325 [debug] [Thread-1 (]: Re-using an available connection from the pool (formerly list_my-project-travaux-angers_travaux_angers_silver, now model.travaux_angers.analyse_types)
[0m02:38:02.506734 [debug] [Thread-1 (]: Began compiling node model.travaux_angers.analyse_types
[0m02:38:02.514689 [debug] [Thread-1 (]: Writing injected SQL for node "model.travaux_angers.analyse_types"
[0m02:38:02.515533 [debug] [Thread-1 (]: Began executing node model.travaux_angers.analyse_types
[0m02:38:02.556142 [debug] [Thread-1 (]: Writing runtime sql for node "model.travaux_angers.analyse_types"
[0m02:38:02.557112 [debug] [Thread-1 (]: On model.travaux_angers.analyse_types: /* {"app": "dbt", "dbt_version": "1.10.7", "profile_name": "travaux_angers", "target_name": "dev", "node_id": "model.travaux_angers.analyse_types"} */


  create or replace view `my-project-travaux-angers`.`travaux_angers`.`analyse_types`
  OPTIONS()
  as 

SELECT
    type as type_travaux,
    COUNT(*) as nombre_total,
    COUNT(DISTINCT DATE_TRUNC(startat, MONTH)) as nombre_mois_distincts
FROM `my-project-travaux-angers`.`travaux_angers`.`travaux_angers`
GROUP BY type
ORDER BY nombre_total DESC;


[0m02:38:02.557578 [debug] [Thread-1 (]: Opening a new connection, currently in state closed
[0m02:38:03.211047 [debug] [Thread-1 (]: BigQuery adapter: https://console.cloud.google.com/bigquery?project=my-project-travaux-angers&j=bq:US:e9968bc5-c4ed-4b51-a40b-e29d9ea96968&page=queryresults
[0m02:38:03.911252 [debug] [Thread-1 (]: Sending event: {'category': 'dbt', 'action': 'run_model', 'label': '4b942f9f-203d-4dd8-8711-338573060af7', 'context': [<snowplow_tracker.self_describing_json.SelfDescribingJson object at 0x7f85f62c4fb0>]}
[0m02:38:03.912950 [info ] [Thread-1 (]: 1 of 9 OK created sql view model travaux_angers.analyse_types .................. [[32mCREATE VIEW (0 processed)[0m in 1.40s]
[0m02:38:03.914007 [debug] [Thread-1 (]: Finished running node model.travaux_angers.analyse_types
[0m02:38:03.914481 [debug] [Thread-1 (]: Began running node model.travaux_angers.check_columns
[0m02:38:03.915023 [info ] [Thread-1 (]: 2 of 9 START sql view model travaux_angers.check_columns ....................... [RUN]
[0m02:38:03.915906 [debug] [Thread-1 (]: Re-using an available connection from the pool (formerly model.travaux_angers.analyse_types, now model.travaux_angers.check_columns)
[0m02:38:03.916356 [debug] [Thread-1 (]: Began compiling node model.travaux_angers.check_columns
[0m02:38:03.920638 [debug] [Thread-1 (]: Writing injected SQL for node "model.travaux_angers.check_columns"
[0m02:38:03.921481 [debug] [Thread-1 (]: Began executing node model.travaux_angers.check_columns
[0m02:38:03.924588 [debug] [Thread-1 (]: Writing runtime sql for node "model.travaux_angers.check_columns"
[0m02:38:03.925374 [debug] [Thread-1 (]: On model.travaux_angers.check_columns: /* {"app": "dbt", "dbt_version": "1.10.7", "profile_name": "travaux_angers", "target_name": "dev", "node_id": "model.travaux_angers.check_columns"} */


  create or replace view `my-project-travaux-angers`.`travaux_angers`.`check_columns`
  OPTIONS()
  as 

SELECT *
FROM `my-project-travaux-angers`.`travaux_angers`.`travaux_angers`
LIMIT 1;


[0m02:38:03.925801 [debug] [Thread-1 (]: Opening a new connection, currently in state closed
[0m02:38:04.550461 [debug] [Thread-1 (]: BigQuery adapter: https://console.cloud.google.com/bigquery?project=my-project-travaux-angers&j=bq:US:3e7f21a0-56fe-4a64-8c75-39579dea1cca&page=queryresults
[0m02:38:05.204366 [debug] [Thread-1 (]: Sending event: {'category': 'dbt', 'action': 'run_model', 'label': '4b942f9f-203d-4dd8-8711-338573060af7', 'context': [<snowplow_tracker.self_describing_json.SelfDescribingJson object at 0x7f85f62c5400>]}
[0m02:38:05.205337 [info ] [Thread-1 (]: 2 of 9 OK created sql view model travaux_angers.check_columns .................. [[32mCREATE VIEW (0 processed)[0m in 1.29s]
[0m02:38:05.206030 [debug] [Thread-1 (]: Finished running node model.travaux_angers.check_columns
[0m02:38:05.206679 [debug] [Thread-1 (]: Began running node model.travaux_angers.check_source
[0m02:38:05.207927 [info ] [Thread-1 (]: 3 of 9 START sql view model travaux_angers.check_source ........................ [RUN]
[0m02:38:05.209006 [debug] [Thread-1 (]: Re-using an available connection from the pool (formerly model.travaux_angers.check_columns, now model.travaux_angers.check_source)
[0m02:38:05.209866 [debug] [Thread-1 (]: Began compiling node model.travaux_angers.check_source
[0m02:38:05.214512 [debug] [Thread-1 (]: Writing injected SQL for node "model.travaux_angers.check_source"
[0m02:38:05.215643 [debug] [Thread-1 (]: Began executing node model.travaux_angers.check_source
[0m02:38:05.220999 [debug] [Thread-1 (]: Writing runtime sql for node "model.travaux_angers.check_source"
[0m02:38:05.222100 [debug] [Thread-1 (]: On model.travaux_angers.check_source: /* {"app": "dbt", "dbt_version": "1.10.7", "profile_name": "travaux_angers", "target_name": "dev", "node_id": "model.travaux_angers.check_source"} */


  create or replace view `my-project-travaux-angers`.`travaux_angers`.`check_source`
  OPTIONS()
  as 

SELECT
    column_name,
    data_type
FROM `my-project-travaux-angers.travaux_angers`.INFORMATION_SCHEMA.COLUMNS
WHERE table_name = 'travaux_angers'
ORDER BY ordinal_position;


[0m02:38:05.222932 [debug] [Thread-1 (]: Opening a new connection, currently in state closed
[0m02:38:05.742758 [debug] [Thread-1 (]: BigQuery adapter: https://console.cloud.google.com/bigquery?project=my-project-travaux-angers&j=bq:US:e399148f-fc60-48f6-b367-5f059e35359b&page=queryresults
[0m02:38:06.216474 [debug] [Thread-1 (]: Sending event: {'category': 'dbt', 'action': 'run_model', 'label': '4b942f9f-203d-4dd8-8711-338573060af7', 'context': [<snowplow_tracker.self_describing_json.SelfDescribingJson object at 0x7f85f7f84470>]}
[0m02:38:06.217561 [info ] [Thread-1 (]: 3 of 9 OK created sql view model travaux_angers.check_source ................... [[32mCREATE VIEW (0 processed)[0m in 1.01s]
[0m02:38:06.220120 [debug] [Thread-1 (]: Finished running node model.travaux_angers.check_source
[0m02:38:06.220677 [debug] [Thread-1 (]: Began running node model.travaux_angers.fct_travaux_stats_monthly
[0m02:38:06.221442 [info ] [Thread-1 (]: 4 of 9 START sql table model travaux_angers_gold.fct_travaux_stats_monthly ..... [RUN]
[0m02:38:06.222007 [debug] [Thread-1 (]: Re-using an available connection from the pool (formerly model.travaux_angers.check_source, now model.travaux_angers.fct_travaux_stats_monthly)
[0m02:38:06.222388 [debug] [Thread-1 (]: Began compiling node model.travaux_angers.fct_travaux_stats_monthly
[0m02:38:06.226132 [debug] [Thread-1 (]: Writing injected SQL for node "model.travaux_angers.fct_travaux_stats_monthly"
[0m02:38:06.226974 [debug] [Thread-1 (]: Began executing node model.travaux_angers.fct_travaux_stats_monthly
[0m02:38:06.243024 [debug] [Thread-1 (]: Opening a new connection, currently in state closed
[0m02:38:06.676157 [debug] [Thread-1 (]: Writing runtime sql for node "model.travaux_angers.fct_travaux_stats_monthly"
[0m02:38:06.677748 [debug] [Thread-1 (]: On model.travaux_angers.fct_travaux_stats_monthly: /* {"app": "dbt", "dbt_version": "1.10.7", "profile_name": "travaux_angers", "target_name": "dev", "node_id": "model.travaux_angers.fct_travaux_stats_monthly"} */

  
    

    create or replace table `my-project-travaux-angers`.`travaux_angers_gold`.`fct_travaux_stats_monthly`
      
    
    

    
    OPTIONS()
    as (
      WITH travaux_details AS (
    SELECT
        -- Clés et dimensions
        id,
        type as type_travaux,
        DATE_TRUNC(startat, MONTH) as mois,  -- Date mensuelle
        startat as date_debut,

        -- Métriques temporelles
        DATE_DIFF(endat, startat, DAY) as duree_jours,
        CASE
            WHEN CURRENT_TIMESTAMP() BETWEEN startat AND endat THEN 1
            ELSE 0
        END as est_en_cours,

        -- Géolocalisation
        x as longitude,  -- Changé de longitude vers x
        y as latitude,   -- Changé de latitude vers y

        -- Autres informations
        title as titre,
        description,
        address as adresse
    FROM `my-project-travaux-angers`.`travaux_angers`.`travaux_angers`
),

statistiques_mensuelles AS (
    SELECT
        mois,
        type_travaux,
        -- Métriques d'agrégation
        COUNT(DISTINCT id) as nombre_travaux,
        SUM(est_en_cours) as travaux_en_cours,
        AVG(duree_jours) as duree_moyenne_jours,
        MIN(duree_jours) as duree_min_jours,
        MAX(duree_jours) as duree_max_jours,
        -- Statistiques additionnelles mensuelles
        COUNT(DISTINCT DATE(date_debut)) as nombre_jours_avec_nouveaux_travaux,
        -- Coordonnées moyennes
        AVG(longitude) as longitude_moyenne,
        AVG(latitude) as latitude_moyenne,
        -- Liste des IDs pour jointure
        STRING_AGG(CAST(id as STRING), ',') as ids_travaux
    FROM travaux_details
    GROUP BY
        mois,
        type_travaux
)

SELECT
    -- Dimensions temporelles et type
    mois,
    type_travaux,
    ids_travaux,

    -- Métriques calculées
    nombre_travaux,
    travaux_en_cours,
    ROUND(duree_moyenne_jours, 1) as duree_moyenne_jours,
    duree_min_jours,
    duree_max_jours,
    nombre_jours_avec_nouveaux_travaux,

    -- Ratios et pourcentages
    SAFE_DIVIDE(travaux_en_cours, nombre_travaux) as ratio_actif,

    -- Position moyenne du groupe
    ST_GEOGPOINT(longitude_moyenne, latitude_moyenne) as position_representative,

    -- Horodatage
    CURRENT_TIMESTAMP() as _updated_at
FROM statistiques_mensuelles
ORDER BY
    mois DESC,
    nombre_travaux DESC
    );
  
[0m02:38:07.224040 [debug] [Thread-1 (]: BigQuery adapter: https://console.cloud.google.com/bigquery?project=my-project-travaux-angers&j=bq:US:bc4d1e59-94c4-47f0-bc00-a9df5a4ee88e&page=queryresults
[0m02:38:07.428872 [error] [Thread-1 (]: BigQuery adapter: https://console.cloud.google.com/bigquery?project=my-project-travaux-angers&j=bq:US:bc4d1e59-94c4-47f0-bc00-a9df5a4ee88e&page=queryresults
[0m02:38:07.433908 [debug] [Thread-1 (]: Database Error in model fct_travaux_stats_monthly (models/gold/fct_travaux_stats_monthly.sql)
  Unrecognized name: x at [30:9]
  compiled code at target/run/travaux_angers/models/gold/fct_travaux_stats_monthly.sql
[0m02:38:07.434582 [debug] [Thread-1 (]: Sending event: {'category': 'dbt', 'action': 'run_model', 'label': '4b942f9f-203d-4dd8-8711-338573060af7', 'context': [<snowplow_tracker.self_describing_json.SelfDescribingJson object at 0x7f85f7df5490>]}
[0m02:38:07.435283 [error] [Thread-1 (]: 4 of 9 ERROR creating sql table model travaux_angers_gold.fct_travaux_stats_monthly  [[31mERROR[0m in 1.21s]
[0m02:38:07.435882 [debug] [Thread-1 (]: Finished running node model.travaux_angers.fct_travaux_stats_monthly
[0m02:38:07.436436 [debug] [Thread-1 (]: Began running node model.travaux_angers.src_travaux_angers
[0m02:38:07.436956 [info ] [Thread-1 (]: 5 of 9 START sql view model travaux_angers_bronze.src_travaux_angers ........... [RUN]
[0m02:38:07.437486 [debug] [Thread-1 (]: Re-using an available connection from the pool (formerly model.travaux_angers.fct_travaux_stats_monthly, now model.travaux_angers.src_travaux_angers)
[0m02:38:07.437902 [debug] [Thread-1 (]: Began compiling node model.travaux_angers.src_travaux_angers
[0m02:38:07.442141 [debug] [Thread-1 (]: Writing injected SQL for node "model.travaux_angers.src_travaux_angers"
[0m02:38:07.443139 [debug] [Thread-4 (]: Marking all children of 'model.travaux_angers.fct_travaux_stats_monthly' to be skipped because of status 'error'.  Reason: Database Error in model fct_travaux_stats_monthly (models/gold/fct_travaux_stats_monthly.sql)
  Unrecognized name: x at [30:9]
  compiled code at target/run/travaux_angers/models/gold/fct_travaux_stats_monthly.sql.
[0m02:38:07.445722 [debug] [Thread-1 (]: Began executing node model.travaux_angers.src_travaux_angers
[0m02:38:07.450016 [debug] [Thread-1 (]: Writing runtime sql for node "model.travaux_angers.src_travaux_angers"
[0m02:38:07.451456 [debug] [Thread-1 (]: On model.travaux_angers.src_travaux_angers: /* {"app": "dbt", "dbt_version": "1.10.7", "profile_name": "travaux_angers", "target_name": "dev", "node_id": "model.travaux_angers.src_travaux_angers"} */


  create or replace view `my-project-travaux-angers`.`travaux_angers_bronze`.`src_travaux_angers`
  OPTIONS()
  as -- bronze/src_travaux_angers.sql
-- Source brute des données de travaux
SELECT
    *,
    CURRENT_TIMESTAMP() as _loaded_at
FROM `my-project-travaux-angers`.`travaux_angers`.`travaux_angers`;


[0m02:38:07.451998 [debug] [Thread-1 (]: Opening a new connection, currently in state closed
[0m02:38:07.988562 [debug] [Thread-1 (]: BigQuery adapter: https://console.cloud.google.com/bigquery?project=my-project-travaux-angers&j=bq:US:bb944ba7-faa8-4e64-b097-3cb6694ec1b0&page=queryresults
[0m02:38:08.439208 [debug] [Thread-1 (]: Sending event: {'category': 'dbt', 'action': 'run_model', 'label': '4b942f9f-203d-4dd8-8711-338573060af7', 'context': [<snowplow_tracker.self_describing_json.SelfDescribingJson object at 0x7f85f82d2b40>]}
[0m02:38:08.440176 [info ] [Thread-1 (]: 5 of 9 OK created sql view model travaux_angers_bronze.src_travaux_angers ...... [[32mCREATE VIEW (0 processed)[0m in 1.00s]
[0m02:38:08.441890 [debug] [Thread-1 (]: Finished running node model.travaux_angers.src_travaux_angers
[0m02:38:08.445048 [debug] [Thread-1 (]: Began running node model.travaux_angers.stg_travaux_angers
[0m02:38:08.446547 [info ] [Thread-1 (]: 6 of 9 START sql table model travaux_angers_silver.stg_travaux_angers .......... [RUN]
[0m02:38:08.448048 [debug] [Thread-1 (]: Re-using an available connection from the pool (formerly model.travaux_angers.src_travaux_angers, now model.travaux_angers.stg_travaux_angers)
[0m02:38:08.449705 [debug] [Thread-1 (]: Began compiling node model.travaux_angers.stg_travaux_angers
[0m02:38:08.455734 [debug] [Thread-1 (]: Writing injected SQL for node "model.travaux_angers.stg_travaux_angers"
[0m02:38:08.456743 [debug] [Thread-1 (]: Began executing node model.travaux_angers.stg_travaux_angers
[0m02:38:08.459710 [debug] [Thread-1 (]: Opening a new connection, currently in state closed
[0m02:38:08.866173 [debug] [Thread-1 (]: Writing runtime sql for node "model.travaux_angers.stg_travaux_angers"
[0m02:38:08.867180 [debug] [Thread-1 (]: On model.travaux_angers.stg_travaux_angers: /* {"app": "dbt", "dbt_version": "1.10.7", "profile_name": "travaux_angers", "target_name": "dev", "node_id": "model.travaux_angers.stg_travaux_angers"} */

  
    

    create or replace table `my-project-travaux-angers`.`travaux_angers_silver`.`stg_travaux_angers`
      
    
    

    
    OPTIONS()
    as (
      -- silver/stg_travaux_angers.sql
-- Données nettoyées et standardisées
WITH source AS (
    SELECT * FROM `my-project-travaux-angers`.`travaux_angers_bronze`.`src_travaux_angers`
)

SELECT
    -- Informations de base
    id,
    title as titre,
    description,
    address as adresse,

    -- Dates et durée
    TIMESTAMP(startat) as date_debut,
    TIMESTAMP(endat) as date_fin,

    -- Informations sur le trafic et le type
    traffic as impact_trafic,
    type,

    -- Coordonnées géographiques (extraites du geo_point_2d)
    CAST(JSON_EXTRACT(geo_point_2d, '$.lon') as FLOAT64) as longitude,
    CAST(JSON_EXTRACT(geo_point_2d, '$.lat') as FLOAT64) as latitude,

    -- Informations de contact
    contact,
    email,

    -- Métadonnées
    istramway as est_tramway,
    idparking as id_parking,

    -- Horodatage de mise à jour
    CURRENT_TIMESTAMP() as _updated_at
FROM source
    );
  
[0m02:38:09.394489 [debug] [Thread-1 (]: BigQuery adapter: https://console.cloud.google.com/bigquery?project=my-project-travaux-angers&j=bq:US:8ca5209c-4f90-42e5-b4b2-6f27cb026dea&page=queryresults
[0m02:38:11.580132 [debug] [Thread-1 (]: Sending event: {'category': 'dbt', 'action': 'run_model', 'label': '4b942f9f-203d-4dd8-8711-338573060af7', 'context': [<snowplow_tracker.self_describing_json.SelfDescribingJson object at 0x7f85feeaa240>]}
[0m02:38:11.581345 [info ] [Thread-1 (]: 6 of 9 OK created sql table model travaux_angers_silver.stg_travaux_angers ..... [[32mCREATE TABLE (15.1k rows, 4.8 MiB processed)[0m in 3.13s]
[0m02:38:11.582321 [debug] [Thread-1 (]: Finished running node model.travaux_angers.stg_travaux_angers
[0m02:38:11.584089 [debug] [Thread-1 (]: Began running node model.travaux_angers.dim_travaux_details
[0m02:38:11.585007 [info ] [Thread-1 (]: 7 of 9 START sql table model travaux_angers_gold.dim_travaux_details ........... [RUN]
[0m02:38:11.586081 [debug] [Thread-1 (]: Re-using an available connection from the pool (formerly model.travaux_angers.stg_travaux_angers, now model.travaux_angers.dim_travaux_details)
[0m02:38:11.586820 [debug] [Thread-1 (]: Began compiling node model.travaux_angers.dim_travaux_details
[0m02:38:11.592082 [debug] [Thread-1 (]: Writing injected SQL for node "model.travaux_angers.dim_travaux_details"
[0m02:38:11.593377 [debug] [Thread-1 (]: Began executing node model.travaux_angers.dim_travaux_details
[0m02:38:11.598424 [debug] [Thread-1 (]: Opening a new connection, currently in state closed
[0m02:38:11.994989 [debug] [Thread-1 (]: Writing runtime sql for node "model.travaux_angers.dim_travaux_details"
[0m02:38:11.995887 [debug] [Thread-1 (]: On model.travaux_angers.dim_travaux_details: /* {"app": "dbt", "dbt_version": "1.10.7", "profile_name": "travaux_angers", "target_name": "dev", "node_id": "model.travaux_angers.dim_travaux_details"} */

  
    

    create or replace table `my-project-travaux-angers`.`travaux_angers_gold`.`dim_travaux_details`
      
    
    

    
    OPTIONS()
    as (
      -- Modèle pour la visualisation des travaux actifs et leurs caractéristiques
WITH travaux_enrichis AS (
    SELECT
        *,
        TIMESTAMP_DIFF(date_fin, date_debut, DAY) as duree_jours,
        CASE
            WHEN CURRENT_TIMESTAMP() BETWEEN date_debut AND date_fin THEN 'En cours'
            WHEN CURRENT_TIMESTAMP() < date_debut THEN 'À venir'
            ELSE 'Terminé'
        END as statut
    FROM `my-project-travaux-angers`.`travaux_angers_silver`.`stg_travaux_angers`
)

SELECT
    id,
    titre,
    date_debut,
    date_fin,
    duree_jours,
    longitude,
    latitude,
    type as type_travaux,
    description,
    adresse,
    statut,
    est_tramway,
    id_parking,
    contact,
    email,
    _updated_at,
    -- Création d'une géométrie pour la visualisation cartographique
    ST_GEOGPOINT(longitude, latitude) as position
FROM travaux_enrichis
    );
  
[0m02:38:12.490121 [debug] [Thread-1 (]: BigQuery adapter: https://console.cloud.google.com/bigquery?project=my-project-travaux-angers&j=bq:US:a396df94-eecb-4fef-893e-9e7bb95c358f&page=queryresults
[0m02:38:14.646563 [debug] [Thread-1 (]: Sending event: {'category': 'dbt', 'action': 'run_model', 'label': '4b942f9f-203d-4dd8-8711-338573060af7', 'context': [<snowplow_tracker.self_describing_json.SelfDescribingJson object at 0x7f85b7fa7020>]}
[0m02:38:14.647554 [info ] [Thread-1 (]: 7 of 9 OK created sql table model travaux_angers_gold.dim_travaux_details ...... [[32mCREATE TABLE (15.1k rows, 4.4 MiB processed)[0m in 3.06s]
[0m02:38:14.648246 [debug] [Thread-1 (]: Finished running node model.travaux_angers.dim_travaux_details
[0m02:38:14.648704 [debug] [Thread-1 (]: Began running node model.travaux_angers.fct_travaux_stats
[0m02:38:14.649653 [info ] [Thread-1 (]: 8 of 9 START sql table model travaux_angers_gold.fct_travaux_stats ............. [RUN]
[0m02:38:14.650637 [debug] [Thread-1 (]: Re-using an available connection from the pool (formerly model.travaux_angers.dim_travaux_details, now model.travaux_angers.fct_travaux_stats)
[0m02:38:14.651459 [debug] [Thread-1 (]: Began compiling node model.travaux_angers.fct_travaux_stats
[0m02:38:14.656664 [debug] [Thread-1 (]: Writing injected SQL for node "model.travaux_angers.fct_travaux_stats"
[0m02:38:14.658878 [debug] [Thread-1 (]: Began executing node model.travaux_angers.fct_travaux_stats
[0m02:38:14.664463 [debug] [Thread-1 (]: Opening a new connection, currently in state closed
[0m02:38:15.087237 [debug] [Thread-1 (]: Writing runtime sql for node "model.travaux_angers.fct_travaux_stats"
[0m02:38:15.088410 [debug] [Thread-1 (]: On model.travaux_angers.fct_travaux_stats: /* {"app": "dbt", "dbt_version": "1.10.7", "profile_name": "travaux_angers", "target_name": "dev", "node_id": "model.travaux_angers.fct_travaux_stats"} */

  
    

    create or replace table `my-project-travaux-angers`.`travaux_angers_gold`.`fct_travaux_stats`
      
    
    

    
    OPTIONS()
    as (
      -- Modèle pour les analyses temporelles et les statistiques

WITH travaux_details AS (
    SELECT
        -- Clés et dimensions
        id,
        type as type_travaux,
        DATE_TRUNC(date_debut, DAY) as jour,  -- Changement à une granularité journalière

        -- Métriques temporelles
        DATE_DIFF(date_fin, date_debut, DAY) as duree_jours,
        CASE
            WHEN CURRENT_TIMESTAMP() BETWEEN date_debut AND date_fin THEN 1
            ELSE 0
        END as est_en_cours,

        -- Géolocalisation
        longitude,
        latitude,

        -- Autres informations
        titre,
        description,
        adresse
    FROM `my-project-travaux-angers`.`travaux_angers_silver`.`stg_travaux_angers`
),

statistiques_agregees AS (
    SELECT
        jour,
        type_travaux,
        -- Métriques d'agrégation
        COUNT(DISTINCT id) as nombre_travaux,
        SUM(est_en_cours) as travaux_en_cours,
        AVG(duree_jours) as duree_moyenne_jours,
        MIN(duree_jours) as duree_min_jours,
        MAX(duree_jours) as duree_max_jours,
        -- Coordonnées moyennes
        AVG(longitude) as longitude_moyenne,
        AVG(latitude) as latitude_moyenne,
        -- Liste des IDs pour jointure
        STRING_AGG(CAST(id as STRING), ',') as ids_travaux
    FROM travaux_details
    GROUP BY
        jour,
        type_travaux
)

SELECT
    -- Dimensions temporelles et type
    jour,
    type_travaux,
    ids_travaux,

    -- Métriques calculées
    nombre_travaux,
    travaux_en_cours,
    ROUND(duree_moyenne_jours, 1) as duree_moyenne_jours,
    duree_min_jours,
    duree_max_jours,

    -- Ratios et pourcentages
    SAFE_DIVIDE(travaux_en_cours, nombre_travaux) as ratio_actif,

    -- Position moyenne du groupe
    ST_GEOGPOINT(longitude_moyenne, latitude_moyenne) as position_representative,

    -- Horodatage
    CURRENT_TIMESTAMP() as _updated_at
FROM statistiques_agregees
ORDER BY
    jour DESC,
    nombre_travaux DESC
    );
  
[0m02:38:15.619172 [debug] [Thread-1 (]: BigQuery adapter: https://console.cloud.google.com/bigquery?project=my-project-travaux-angers&j=bq:US:3ccaf483-460a-46b1-897d-8f58dfd470f6&page=queryresults
[0m02:38:23.587661 [debug] [Thread-1 (]: Sending event: {'category': 'dbt', 'action': 'run_model', 'label': '4b942f9f-203d-4dd8-8711-338573060af7', 'context': [<snowplow_tracker.self_describing_json.SelfDescribingJson object at 0x7f862f1d4c20>]}
[0m02:38:23.588838 [info ] [Thread-1 (]: 8 of 9 OK created sql table model travaux_angers_gold.fct_travaux_stats ........ [[32mCREATE TABLE (31.0 rows, 694.0 KiB processed)[0m in 8.94s]
[0m02:38:23.589733 [debug] [Thread-1 (]: Finished running node model.travaux_angers.fct_travaux_stats
[0m02:38:23.590249 [debug] [Thread-1 (]: Began running node model.travaux_angers.fct_travaux_stats_daily
[0m02:38:23.590816 [info ] [Thread-1 (]: 9 of 9 START sql table model travaux_angers_gold.fct_travaux_stats_daily ....... [RUN]
[0m02:38:23.591436 [debug] [Thread-1 (]: Re-using an available connection from the pool (formerly model.travaux_angers.fct_travaux_stats, now model.travaux_angers.fct_travaux_stats_daily)
[0m02:38:23.591915 [debug] [Thread-1 (]: Began compiling node model.travaux_angers.fct_travaux_stats_daily
[0m02:38:23.596685 [debug] [Thread-1 (]: Writing injected SQL for node "model.travaux_angers.fct_travaux_stats_daily"
[0m02:38:23.599997 [debug] [Thread-1 (]: Began executing node model.travaux_angers.fct_travaux_stats_daily
[0m02:38:23.604301 [debug] [Thread-1 (]: Opening a new connection, currently in state closed
[0m02:38:24.070397 [debug] [Thread-1 (]: Writing runtime sql for node "model.travaux_angers.fct_travaux_stats_daily"
[0m02:38:24.071826 [debug] [Thread-1 (]: On model.travaux_angers.fct_travaux_stats_daily: /* {"app": "dbt", "dbt_version": "1.10.7", "profile_name": "travaux_angers", "target_name": "dev", "node_id": "model.travaux_angers.fct_travaux_stats_daily"} */

  
    

    create or replace table `my-project-travaux-angers`.`travaux_angers_gold`.`fct_travaux_stats_daily`
      
    
    

    
    OPTIONS()
    as (
      WITH travaux_details AS (
    SELECT
        -- Clés et dimensions
        id,
        type as type_travaux,
        DATE(date_debut) as jour,  -- Date journalière

        -- Métriques temporelles
        DATE_DIFF(date_fin, date_debut, DAY) as duree_jours,
        CASE
            WHEN CURRENT_TIMESTAMP() BETWEEN date_debut AND date_fin THEN 1
            ELSE 0
        END as est_en_cours,

        -- Géolocalisation
        longitude,
        latitude,

        -- Autres informations
        titre,
        description,
        adresse
    FROM `my-project-travaux-angers`.`travaux_angers_silver`.`stg_travaux_angers`
),

statistiques_journalieres AS (
    SELECT
        jour,
        type_travaux,
        -- Métriques d'agrégation
        COUNT(DISTINCT id) as nombre_travaux,
        SUM(est_en_cours) as travaux_en_cours,
        AVG(duree_jours) as duree_moyenne_jours,
        MIN(duree_jours) as duree_min_jours,
        MAX(duree_jours) as duree_max_jours,
        -- Coordonnées moyennes
        AVG(longitude) as longitude_moyenne,
        AVG(latitude) as latitude_moyenne,
        -- Liste des IDs pour jointure
        STRING_AGG(CAST(id as STRING), ',') as ids_travaux
    FROM travaux_details
    GROUP BY
        jour,
        type_travaux
)

SELECT
    -- Dimensions temporelles et type
    jour,
    type_travaux,
    ids_travaux,

    -- Métriques calculées
    nombre_travaux,
    travaux_en_cours,
    ROUND(duree_moyenne_jours, 1) as duree_moyenne_jours,
    duree_min_jours,
    duree_max_jours,

    -- Ratios et pourcentages
    SAFE_DIVIDE(travaux_en_cours, nombre_travaux) as ratio_actif,

    -- Position moyenne du groupe
    ST_GEOGPOINT(longitude_moyenne, latitude_moyenne) as position_representative,

    -- Horodatage
    CURRENT_TIMESTAMP() as _updated_at
FROM statistiques_journalieres
ORDER BY
    jour DESC,
    nombre_travaux DESC
    );
  
[0m02:38:24.708668 [debug] [Thread-1 (]: BigQuery adapter: https://console.cloud.google.com/bigquery?project=my-project-travaux-angers&j=bq:US:9c8ff2c2-ccea-4964-b55c-7d219cab6b43&page=queryresults
[0m02:38:26.606025 [debug] [Thread-1 (]: Sending event: {'category': 'dbt', 'action': 'run_model', 'label': '4b942f9f-203d-4dd8-8711-338573060af7', 'context': [<snowplow_tracker.self_describing_json.SelfDescribingJson object at 0x7f862db1f350>]}
[0m02:38:26.606942 [info ] [Thread-1 (]: 9 of 9 OK created sql table model travaux_angers_gold.fct_travaux_stats_daily .. [[32mCREATE TABLE (31.0 rows, 694.0 KiB processed)[0m in 3.01s]
[0m02:38:26.607709 [debug] [Thread-1 (]: Finished running node model.travaux_angers.fct_travaux_stats_daily
[0m02:38:26.610156 [debug] [MainThread]: Opening a new connection, currently in state closed
[0m02:38:26.653077 [debug] [MainThread]: Connection 'master' was properly closed.
[0m02:38:26.653655 [debug] [MainThread]: Connection 'model.travaux_angers.fct_travaux_stats_daily' was properly closed.
[0m02:38:26.654195 [info ] [MainThread]: 
[0m02:38:26.654593 [info ] [MainThread]: Finished running 5 table models, 4 view models in 0 hours 0 minutes and 27.55 seconds (27.55s).
[0m02:38:26.656323 [debug] [MainThread]: Command end result
[0m02:38:26.719798 [debug] [MainThread]: Wrote artifact WritableManifest to /usr/ELT_Travaux_Angers/dbt/target/manifest.json
[0m02:38:26.722217 [debug] [MainThread]: Wrote artifact SemanticManifest to /usr/ELT_Travaux_Angers/dbt/target/semantic_manifest.json
[0m02:38:26.729306 [debug] [MainThread]: Wrote artifact RunExecutionResult to /usr/ELT_Travaux_Angers/dbt/target/run_results.json
[0m02:38:26.729845 [info ] [MainThread]: 
[0m02:38:26.730499 [info ] [MainThread]: [31mCompleted with 1 error, 0 partial successes, and 0 warnings:[0m
[0m02:38:26.731388 [info ] [MainThread]: 
[0m02:38:26.731939 [error] [MainThread]: [31mFailure in model fct_travaux_stats_monthly (models/gold/fct_travaux_stats_monthly.sql)[0m
[0m02:38:26.732730 [error] [MainThread]:   Database Error in model fct_travaux_stats_monthly (models/gold/fct_travaux_stats_monthly.sql)
  Unrecognized name: x at [30:9]
  compiled code at target/run/travaux_angers/models/gold/fct_travaux_stats_monthly.sql
[0m02:38:26.733090 [info ] [MainThread]: 
[0m02:38:26.733748 [info ] [MainThread]:   compiled code at target/compiled/travaux_angers/models/gold/fct_travaux_stats_monthly.sql
[0m02:38:26.734373 [info ] [MainThread]: 
[0m02:38:26.734818 [info ] [MainThread]: Done. PASS=8 WARN=0 ERROR=1 SKIP=0 NO-OP=0 TOTAL=9
[0m02:38:26.735530 [debug] [MainThread]: Resource report: {"command_name": "run", "command_success": false, "command_wall_clock_time": 31.985209, "process_in_blocks": "144", "process_kernel_time": 0.517805, "process_mem_max_rss": "447836", "process_out_blocks": "4464", "process_user_time": 10.445727}
[0m02:38:26.735973 [debug] [MainThread]: Command `dbt run` failed at 02:38:26.735881 after 31.99 seconds
[0m02:38:26.736385 [debug] [MainThread]: Sending event: {'category': 'dbt', 'action': 'invocation', 'label': 'end', 'context': [<snowplow_tracker.self_describing_json.SelfDescribingJson object at 0x7f862de39dc0>, <snowplow_tracker.self_describing_json.SelfDescribingJson object at 0x7f85b7f64ef0>, <snowplow_tracker.self_describing_json.SelfDescribingJson object at 0x7f862e19dbb0>]}
[0m02:38:26.736738 [debug] [MainThread]: Flushing usage events
[0m02:38:27.261206 [debug] [MainThread]: An error was encountered while trying to flush usage events
[0m02:39:32.960183 [debug] [MainThread]: Sending event: {'category': 'dbt', 'action': 'invocation', 'label': 'start', 'context': [<snowplow_tracker.self_describing_json.SelfDescribingJson object at 0x7f78354bec00>, <snowplow_tracker.self_describing_json.SelfDescribingJson object at 0x7f78346aeff0>, <snowplow_tracker.self_describing_json.SelfDescribingJson object at 0x7f78364e1940>]}


============================== 02:39:32.980319 | e14bb335-0344-4ff4-b7f9-113ec8d4d23d ==============================
[0m02:39:32.980319 [info ] [MainThread]: Running with dbt=1.10.7
[0m02:39:32.981324 [debug] [MainThread]: running dbt with arguments {'printer_width': '80', 'indirect_selection': 'eager', 'write_json': 'True', 'log_cache_events': 'False', 'partial_parse': 'True', 'cache_selected_only': 'False', 'warn_error': 'None', 'fail_fast': 'False', 'profiles_dir': '/usr/ELT_Travaux_Angers/dbt', 'log_path': '/usr/ELT_Travaux_Angers/dbt/logs', 'debug': 'False', 'version_check': 'True', 'use_colors': 'True', 'use_experimental_parser': 'False', 'no_print': 'None', 'quiet': 'False', 'empty': 'None', 'warn_error_options': 'WarnErrorOptionsV2(error=[], warn=[], silence=[])', 'static_parser': 'True', 'introspect': 'True', 'invocation_command': 'dbt deps', 'target_path': 'None', 'log_format': 'default', 'send_anonymous_usage_stats': 'True'}
[0m02:39:33.288795 [debug] [MainThread]: Sending event: {'category': 'dbt', 'action': 'project_id', 'label': 'e14bb335-0344-4ff4-b7f9-113ec8d4d23d', 'context': [<snowplow_tracker.self_describing_json.SelfDescribingJson object at 0x7f78337acd40>]}
[0m02:39:33.377045 [debug] [MainThread]: Set downloads directory='/tmp/dbt-downloads-8xbxct9b'
[0m02:39:33.377916 [debug] [MainThread]: Making package index registry request: GET https://hub.getdbt.com/api/v1/index.json
[0m02:39:33.495674 [debug] [MainThread]: Response from registry index: GET https://hub.getdbt.com/api/v1/index.json 200
[0m02:39:33.496492 [debug] [MainThread]: Making package registry request: GET https://hub.getdbt.com/api/v1/dbt-labs/dbt_utils.json
[0m02:39:33.547583 [debug] [MainThread]: Response from registry: GET https://hub.getdbt.com/api/v1/dbt-labs/dbt_utils.json 200
[0m02:39:33.553301 [info ] [MainThread]: Installing dbt-labs/dbt_utils
[0m02:39:33.878964 [info ] [MainThread]: Installed from version 1.1.1
[0m02:39:33.879510 [info ] [MainThread]: Updated version available: 1.3.0
[0m02:39:33.879944 [debug] [MainThread]: Sending event: {'category': 'dbt', 'action': 'package', 'label': 'e14bb335-0344-4ff4-b7f9-113ec8d4d23d', 'property_': 'install', 'context': [<snowplow_tracker.self_describing_json.SelfDescribingJson object at 0x7f7833782de0>, <snowplow_tracker.self_describing_json.SelfDescribingJson object at 0x7f7833783a10>]}
[0m02:39:33.880307 [info ] [MainThread]: 
[0m02:39:33.880635 [info ] [MainThread]: Updates available for packages: ['dbt-labs/dbt_utils']                 
Update your versions in packages.yml, then run dbt deps
[0m02:39:33.881910 [debug] [MainThread]: Resource report: {"command_name": "deps", "command_success": true, "command_wall_clock_time": 1.0041534, "process_in_blocks": "0", "process_kernel_time": 1.157892, "process_mem_max_rss": "106384", "process_out_blocks": "2232", "process_user_time": 2.008993}
[0m02:39:33.882403 [debug] [MainThread]: Command `dbt deps` succeeded at 02:39:33.882304 after 1.00 seconds
[0m02:39:33.882731 [debug] [MainThread]: Sending event: {'category': 'dbt', 'action': 'invocation', 'label': 'end', 'context': [<snowplow_tracker.self_describing_json.SelfDescribingJson object at 0x7f7833993620>, <snowplow_tracker.self_describing_json.SelfDescribingJson object at 0x7f783621d7c0>, <snowplow_tracker.self_describing_json.SelfDescribingJson object at 0x7f7833aa5220>]}
[0m02:39:33.883050 [debug] [MainThread]: Flushing usage events
[0m02:39:34.297680 [debug] [MainThread]: An error was encountered while trying to flush usage events
[0m02:39:36.239152 [debug] [MainThread]: Sending event: {'category': 'dbt', 'action': 'invocation', 'label': 'start', 'context': [<snowplow_tracker.self_describing_json.SelfDescribingJson object at 0x7f2502f847d0>, <snowplow_tracker.self_describing_json.SelfDescribingJson object at 0x7f250361c8c0>, <snowplow_tracker.self_describing_json.SelfDescribingJson object at 0x7f250474ec00>]}


============================== 02:39:36.242370 | 2c31c1af-5b35-4009-b277-ca413d9da905 ==============================
[0m02:39:36.242370 [info ] [MainThread]: Running with dbt=1.10.7
[0m02:39:36.242958 [debug] [MainThread]: running dbt with arguments {'printer_width': '80', 'indirect_selection': 'eager', 'log_cache_events': 'False', 'write_json': 'True', 'partial_parse': 'True', 'cache_selected_only': 'False', 'warn_error': 'None', 'fail_fast': 'False', 'version_check': 'True', 'log_path': '/usr/ELT_Travaux_Angers/dbt/logs', 'profiles_dir': '/usr/ELT_Travaux_Angers/dbt', 'debug': 'False', 'use_colors': 'True', 'use_experimental_parser': 'False', 'empty': 'False', 'quiet': 'False', 'no_print': 'None', 'warn_error_options': 'WarnErrorOptionsV2(error=[], warn=[], silence=[])', 'introspect': 'True', 'log_format': 'default', 'static_parser': 'True', 'target_path': 'None', 'invocation_command': 'dbt run', 'send_anonymous_usage_stats': 'True'}
[0m02:39:41.904119 [debug] [MainThread]: Sending event: {'category': 'dbt', 'action': 'project_id', 'label': '2c31c1af-5b35-4009-b277-ca413d9da905', 'context': [<snowplow_tracker.self_describing_json.SelfDescribingJson object at 0x7f24ce3922d0>]}
[0m02:39:41.983455 [debug] [MainThread]: Sending event: {'category': 'dbt', 'action': 'adapter_info', 'label': '2c31c1af-5b35-4009-b277-ca413d9da905', 'context': [<snowplow_tracker.self_describing_json.SelfDescribingJson object at 0x7f24ceaa9970>]}
[0m02:39:41.984307 [info ] [MainThread]: Registered adapter: bigquery=1.10.1
[0m02:39:42.189164 [debug] [MainThread]: checksum: 44f4b502e2ddc67beed4db71ce39b63f2d3b7fc0b96e49a69b096c8f6cc370bc, vars: {}, profile: , target: , version: 1.10.7
[0m02:39:42.417204 [debug] [MainThread]: Partial parsing enabled: 0 files deleted, 0 files added, 0 files changed.
[0m02:39:42.417760 [debug] [MainThread]: Partial parsing enabled, no changes found, skipping parsing
[0m02:39:42.491666 [debug] [MainThread]: Sending event: {'category': 'dbt', 'action': 'load_project', 'label': '2c31c1af-5b35-4009-b277-ca413d9da905', 'context': [<snowplow_tracker.self_describing_json.SelfDescribingJson object at 0x7f24ce392fc0>]}
[0m02:39:42.605383 [debug] [MainThread]: Wrote artifact WritableManifest to /usr/ELT_Travaux_Angers/dbt/target/manifest.json
[0m02:39:42.607787 [debug] [MainThread]: Wrote artifact SemanticManifest to /usr/ELT_Travaux_Angers/dbt/target/semantic_manifest.json
[0m02:39:42.628202 [debug] [MainThread]: Sending event: {'category': 'dbt', 'action': 'resource_counts', 'label': '2c31c1af-5b35-4009-b277-ca413d9da905', 'context': [<snowplow_tracker.self_describing_json.SelfDescribingJson object at 0x7f24cdef6840>]}
[0m02:39:42.628892 [info ] [MainThread]: Found 9 models, 1 analysis, 17 data tests, 1 source, 610 macros
[0m02:39:42.629698 [debug] [MainThread]: Sending event: {'category': 'dbt', 'action': 'runnable_timing', 'label': '2c31c1af-5b35-4009-b277-ca413d9da905', 'context': [<snowplow_tracker.self_describing_json.SelfDescribingJson object at 0x7f24cdf4fe30>]}
[0m02:39:42.631991 [info ] [MainThread]: 
[0m02:39:42.632417 [info ] [MainThread]: Concurrency: 1 threads (target='dev')
[0m02:39:42.632723 [info ] [MainThread]: 
[0m02:39:42.633241 [debug] [MainThread]: Acquiring new bigquery connection 'master'
[0m02:39:42.637982 [debug] [ThreadPool]: Acquiring new bigquery connection 'list_my-project-travaux-angers'
[0m02:39:42.638383 [debug] [ThreadPool]: Opening a new connection, currently in state init
[0m02:39:43.063893 [debug] [ThreadPool]: Opening a new connection, currently in state closed
[0m02:39:43.497934 [debug] [ThreadPool]: Opening a new connection, currently in state closed
[0m02:39:43.894951 [debug] [ThreadPool]: Opening a new connection, currently in state closed
[0m02:39:44.333193 [debug] [ThreadPool]: Re-using an available connection from the pool (formerly list_my-project-travaux-angers, now list_my-project-travaux-angers_travaux_angers_silver)
[0m02:39:44.334053 [debug] [ThreadPool]: Opening a new connection, currently in state closed
[0m02:39:44.716599 [debug] [ThreadPool]: Re-using an available connection from the pool (formerly list_my-project-travaux-angers_travaux_angers_silver, now list_my-project-travaux-angers_travaux_angers_bronze)
[0m02:39:44.718186 [debug] [ThreadPool]: Opening a new connection, currently in state closed
[0m02:39:45.097428 [debug] [ThreadPool]: Re-using an available connection from the pool (formerly list_my-project-travaux-angers_travaux_angers_bronze, now list_my-project-travaux-angers_travaux_angers)
[0m02:39:45.097955 [debug] [ThreadPool]: Opening a new connection, currently in state closed
[0m02:39:45.463008 [debug] [ThreadPool]: Re-using an available connection from the pool (formerly list_my-project-travaux-angers_travaux_angers, now list_my-project-travaux-angers_travaux_angers_gold)
[0m02:39:45.464434 [debug] [ThreadPool]: Opening a new connection, currently in state closed
[0m02:39:45.849962 [debug] [MainThread]: Sending event: {'category': 'dbt', 'action': 'runnable_timing', 'label': '2c31c1af-5b35-4009-b277-ca413d9da905', 'context': [<snowplow_tracker.self_describing_json.SelfDescribingJson object at 0x7f24ce494140>]}
[0m02:39:45.850948 [debug] [MainThread]: Opening a new connection, currently in state init
[0m02:39:45.894439 [debug] [Thread-1 (]: Began running node model.travaux_angers.analyse_types
[0m02:39:45.895359 [info ] [Thread-1 (]: 1 of 9 START sql view model travaux_angers.analyse_types ....................... [RUN]
[0m02:39:45.896161 [debug] [Thread-1 (]: Re-using an available connection from the pool (formerly list_my-project-travaux-angers_travaux_angers_gold, now model.travaux_angers.analyse_types)
[0m02:39:45.896728 [debug] [Thread-1 (]: Began compiling node model.travaux_angers.analyse_types
[0m02:39:45.906664 [debug] [Thread-1 (]: Writing injected SQL for node "model.travaux_angers.analyse_types"
[0m02:39:45.907473 [debug] [Thread-1 (]: Began executing node model.travaux_angers.analyse_types
[0m02:39:45.939701 [debug] [Thread-1 (]: Writing runtime sql for node "model.travaux_angers.analyse_types"
[0m02:39:45.940652 [debug] [Thread-1 (]: On model.travaux_angers.analyse_types: /* {"app": "dbt", "dbt_version": "1.10.7", "profile_name": "travaux_angers", "target_name": "dev", "node_id": "model.travaux_angers.analyse_types"} */


  create or replace view `my-project-travaux-angers`.`travaux_angers`.`analyse_types`
  OPTIONS()
  as 

SELECT
    type as type_travaux,
    COUNT(*) as nombre_total,
    COUNT(DISTINCT DATE_TRUNC(startat, MONTH)) as nombre_mois_distincts
FROM `my-project-travaux-angers`.`travaux_angers`.`travaux_angers`
GROUP BY type
ORDER BY nombre_total DESC;


[0m02:39:45.941159 [debug] [Thread-1 (]: Opening a new connection, currently in state closed
[0m02:39:46.480326 [debug] [Thread-1 (]: BigQuery adapter: https://console.cloud.google.com/bigquery?project=my-project-travaux-angers&j=bq:US:97c6c0f9-0747-4e6e-973d-dc2fecc72cc1&page=queryresults
[0m02:39:47.053301 [debug] [Thread-1 (]: Sending event: {'category': 'dbt', 'action': 'run_model', 'label': '2c31c1af-5b35-4009-b277-ca413d9da905', 'context': [<snowplow_tracker.self_describing_json.SelfDescribingJson object at 0x7f250363fe30>]}
[0m02:39:47.054750 [info ] [Thread-1 (]: 1 of 9 OK created sql view model travaux_angers.analyse_types .................. [[32mCREATE VIEW (0 processed)[0m in 1.15s]
[0m02:39:47.055888 [debug] [Thread-1 (]: Finished running node model.travaux_angers.analyse_types
[0m02:39:47.056627 [debug] [Thread-1 (]: Began running node model.travaux_angers.check_columns
[0m02:39:47.057301 [info ] [Thread-1 (]: 2 of 9 START sql view model travaux_angers.check_columns ....................... [RUN]
[0m02:39:47.057833 [debug] [Thread-1 (]: Re-using an available connection from the pool (formerly model.travaux_angers.analyse_types, now model.travaux_angers.check_columns)
[0m02:39:47.058699 [debug] [Thread-1 (]: Began compiling node model.travaux_angers.check_columns
[0m02:39:47.064820 [debug] [Thread-1 (]: Writing injected SQL for node "model.travaux_angers.check_columns"
[0m02:39:47.065562 [debug] [Thread-1 (]: Began executing node model.travaux_angers.check_columns
[0m02:39:47.068893 [debug] [Thread-1 (]: Writing runtime sql for node "model.travaux_angers.check_columns"
[0m02:39:47.069693 [debug] [Thread-1 (]: On model.travaux_angers.check_columns: /* {"app": "dbt", "dbt_version": "1.10.7", "profile_name": "travaux_angers", "target_name": "dev", "node_id": "model.travaux_angers.check_columns"} */


  create or replace view `my-project-travaux-angers`.`travaux_angers`.`check_columns`
  OPTIONS()
  as 

SELECT *
FROM `my-project-travaux-angers`.`travaux_angers`.`travaux_angers`
LIMIT 1;


[0m02:39:47.070198 [debug] [Thread-1 (]: Opening a new connection, currently in state closed
[0m02:39:48.779604 [debug] [Thread-1 (]: BigQuery adapter: https://console.cloud.google.com/bigquery?project=my-project-travaux-angers&j=bq:US:60ab2486-6a45-49e6-ade9-165f0b730325&page=queryresults
[0m02:39:49.250660 [debug] [Thread-1 (]: Sending event: {'category': 'dbt', 'action': 'run_model', 'label': '2c31c1af-5b35-4009-b277-ca413d9da905', 'context': [<snowplow_tracker.self_describing_json.SelfDescribingJson object at 0x7f24ce243290>]}
[0m02:39:49.251470 [info ] [Thread-1 (]: 2 of 9 OK created sql view model travaux_angers.check_columns .................. [[32mCREATE VIEW (0 processed)[0m in 2.19s]
[0m02:39:49.252109 [debug] [Thread-1 (]: Finished running node model.travaux_angers.check_columns
[0m02:39:49.252517 [debug] [Thread-1 (]: Began running node model.travaux_angers.check_source
[0m02:39:49.252977 [info ] [Thread-1 (]: 3 of 9 START sql view model travaux_angers.check_source ........................ [RUN]
[0m02:39:49.253706 [debug] [Thread-1 (]: Re-using an available connection from the pool (formerly model.travaux_angers.check_columns, now model.travaux_angers.check_source)
[0m02:39:49.254079 [debug] [Thread-1 (]: Began compiling node model.travaux_angers.check_source
[0m02:39:49.257031 [debug] [Thread-1 (]: Writing injected SQL for node "model.travaux_angers.check_source"
[0m02:39:49.257686 [debug] [Thread-1 (]: Began executing node model.travaux_angers.check_source
[0m02:39:49.261721 [debug] [Thread-1 (]: Writing runtime sql for node "model.travaux_angers.check_source"
[0m02:39:49.263081 [debug] [Thread-1 (]: On model.travaux_angers.check_source: /* {"app": "dbt", "dbt_version": "1.10.7", "profile_name": "travaux_angers", "target_name": "dev", "node_id": "model.travaux_angers.check_source"} */


  create or replace view `my-project-travaux-angers`.`travaux_angers`.`check_source`
  OPTIONS()
  as 

SELECT
    column_name,
    data_type
FROM `my-project-travaux-angers.travaux_angers`.INFORMATION_SCHEMA.COLUMNS
WHERE table_name = 'travaux_angers'
ORDER BY ordinal_position;


[0m02:39:49.263638 [debug] [Thread-1 (]: Opening a new connection, currently in state closed
[0m02:39:49.903533 [debug] [Thread-1 (]: BigQuery adapter: https://console.cloud.google.com/bigquery?project=my-project-travaux-angers&j=bq:US:5a900d7e-090b-4d2c-bf1e-7d0a77a4e70c&page=queryresults
[0m02:39:50.375427 [debug] [Thread-1 (]: Sending event: {'category': 'dbt', 'action': 'run_model', 'label': '2c31c1af-5b35-4009-b277-ca413d9da905', 'context': [<snowplow_tracker.self_describing_json.SelfDescribingJson object at 0x7f24bf7754c0>]}
[0m02:39:50.376268 [info ] [Thread-1 (]: 3 of 9 OK created sql view model travaux_angers.check_source ................... [[32mCREATE VIEW (0 processed)[0m in 1.12s]
[0m02:39:50.377002 [debug] [Thread-1 (]: Finished running node model.travaux_angers.check_source
[0m02:39:50.377444 [debug] [Thread-1 (]: Began running node model.travaux_angers.fct_travaux_stats_monthly
[0m02:39:50.377982 [info ] [Thread-1 (]: 4 of 9 START sql table model travaux_angers_gold.fct_travaux_stats_monthly ..... [RUN]
[0m02:39:50.378652 [debug] [Thread-1 (]: Re-using an available connection from the pool (formerly model.travaux_angers.check_source, now model.travaux_angers.fct_travaux_stats_monthly)
[0m02:39:50.379265 [debug] [Thread-1 (]: Began compiling node model.travaux_angers.fct_travaux_stats_monthly
[0m02:39:50.383255 [debug] [Thread-1 (]: Writing injected SQL for node "model.travaux_angers.fct_travaux_stats_monthly"
[0m02:39:50.384784 [debug] [Thread-1 (]: Began executing node model.travaux_angers.fct_travaux_stats_monthly
[0m02:39:50.397089 [debug] [Thread-1 (]: Opening a new connection, currently in state closed
[0m02:39:50.808251 [debug] [Thread-1 (]: Writing runtime sql for node "model.travaux_angers.fct_travaux_stats_monthly"
[0m02:39:50.809190 [debug] [Thread-1 (]: On model.travaux_angers.fct_travaux_stats_monthly: /* {"app": "dbt", "dbt_version": "1.10.7", "profile_name": "travaux_angers", "target_name": "dev", "node_id": "model.travaux_angers.fct_travaux_stats_monthly"} */

  
    

    create or replace table `my-project-travaux-angers`.`travaux_angers_gold`.`fct_travaux_stats_monthly`
      
    
    

    
    OPTIONS()
    as (
      WITH travaux_details AS (
    SELECT
        -- Clés et dimensions
        id,
        type as type_travaux,
        DATE_TRUNC(startat, MONTH) as mois,  -- Date mensuelle
        startat as date_debut,

        -- Métriques temporelles
        DATE_DIFF(endat, startat, DAY) as duree_jours,
        CASE
            WHEN CURRENT_TIMESTAMP() BETWEEN startat AND endat THEN 1
            ELSE 0
        END as est_en_cours,

        -- Géolocalisation
        x as longitude,  -- Changé de longitude vers x
        y as latitude,   -- Changé de latitude vers y

        -- Autres informations
        title as titre,
        description,
        address as adresse
    FROM `my-project-travaux-angers`.`travaux_angers`.`travaux_angers`
),

statistiques_mensuelles AS (
    SELECT
        mois,
        type_travaux,
        -- Métriques d'agrégation
        COUNT(DISTINCT id) as nombre_travaux,
        SUM(est_en_cours) as travaux_en_cours,
        AVG(duree_jours) as duree_moyenne_jours,
        MIN(duree_jours) as duree_min_jours,
        MAX(duree_jours) as duree_max_jours,
        -- Statistiques additionnelles mensuelles
        COUNT(DISTINCT DATE(date_debut)) as nombre_jours_avec_nouveaux_travaux,
        -- Coordonnées moyennes
        AVG(longitude) as longitude_moyenne,
        AVG(latitude) as latitude_moyenne,
        -- Liste des IDs pour jointure
        STRING_AGG(CAST(id as STRING), ',') as ids_travaux
    FROM travaux_details
    GROUP BY
        mois,
        type_travaux
)

SELECT
    -- Dimensions temporelles et type
    mois,
    type_travaux,
    ids_travaux,

    -- Métriques calculées
    nombre_travaux,
    travaux_en_cours,
    ROUND(duree_moyenne_jours, 1) as duree_moyenne_jours,
    duree_min_jours,
    duree_max_jours,
    nombre_jours_avec_nouveaux_travaux,

    -- Ratios et pourcentages
    SAFE_DIVIDE(travaux_en_cours, nombre_travaux) as ratio_actif,

    -- Position moyenne du groupe
    ST_GEOGPOINT(longitude_moyenne, latitude_moyenne) as position_representative,

    -- Horodatage
    CURRENT_TIMESTAMP() as _updated_at
FROM statistiques_mensuelles
ORDER BY
    mois DESC,
    nombre_travaux DESC
    );
  
[0m02:39:51.233615 [debug] [Thread-1 (]: BigQuery adapter: https://console.cloud.google.com/bigquery?project=my-project-travaux-angers&j=bq:US:9973d0ab-df1e-450e-a146-ed0e340108c8&page=queryresults
[0m02:39:51.419878 [error] [Thread-1 (]: BigQuery adapter: https://console.cloud.google.com/bigquery?project=my-project-travaux-angers&j=bq:US:9973d0ab-df1e-450e-a146-ed0e340108c8&page=queryresults
[0m02:39:51.442614 [debug] [Thread-1 (]: Database Error in model fct_travaux_stats_monthly (models/gold/fct_travaux_stats_monthly.sql)
  Unrecognized name: x at [30:9]
  compiled code at target/run/travaux_angers/models/gold/fct_travaux_stats_monthly.sql
[0m02:39:51.443357 [debug] [Thread-1 (]: Sending event: {'category': 'dbt', 'action': 'run_model', 'label': '2c31c1af-5b35-4009-b277-ca413d9da905', 'context': [<snowplow_tracker.self_describing_json.SelfDescribingJson object at 0x7f24cdd87050>]}
[0m02:39:51.444107 [error] [Thread-1 (]: 4 of 9 ERROR creating sql table model travaux_angers_gold.fct_travaux_stats_monthly  [[31mERROR[0m in 1.06s]
[0m02:39:51.444700 [debug] [Thread-1 (]: Finished running node model.travaux_angers.fct_travaux_stats_monthly
[0m02:39:51.445115 [debug] [Thread-1 (]: Began running node model.travaux_angers.src_travaux_angers
[0m02:39:51.445581 [info ] [Thread-1 (]: 5 of 9 START sql view model travaux_angers_bronze.src_travaux_angers ........... [RUN]
[0m02:39:51.446467 [debug] [Thread-4 (]: Marking all children of 'model.travaux_angers.fct_travaux_stats_monthly' to be skipped because of status 'error'.  Reason: Database Error in model fct_travaux_stats_monthly (models/gold/fct_travaux_stats_monthly.sql)
  Unrecognized name: x at [30:9]
  compiled code at target/run/travaux_angers/models/gold/fct_travaux_stats_monthly.sql.
[0m02:39:51.447017 [debug] [Thread-1 (]: Re-using an available connection from the pool (formerly model.travaux_angers.fct_travaux_stats_monthly, now model.travaux_angers.src_travaux_angers)
[0m02:39:51.448469 [debug] [Thread-1 (]: Began compiling node model.travaux_angers.src_travaux_angers
[0m02:39:51.452498 [debug] [Thread-1 (]: Writing injected SQL for node "model.travaux_angers.src_travaux_angers"
[0m02:39:51.453223 [debug] [Thread-1 (]: Began executing node model.travaux_angers.src_travaux_angers
[0m02:39:51.456891 [debug] [Thread-1 (]: Writing runtime sql for node "model.travaux_angers.src_travaux_angers"
[0m02:39:51.457802 [debug] [Thread-1 (]: On model.travaux_angers.src_travaux_angers: /* {"app": "dbt", "dbt_version": "1.10.7", "profile_name": "travaux_angers", "target_name": "dev", "node_id": "model.travaux_angers.src_travaux_angers"} */


  create or replace view `my-project-travaux-angers`.`travaux_angers_bronze`.`src_travaux_angers`
  OPTIONS()
  as -- bronze/src_travaux_angers.sql
-- Source brute des données de travaux
SELECT
    *,
    CURRENT_TIMESTAMP() as _loaded_at
FROM `my-project-travaux-angers`.`travaux_angers`.`travaux_angers`;


[0m02:39:51.458374 [debug] [Thread-1 (]: Opening a new connection, currently in state closed
[0m02:39:52.045572 [debug] [Thread-1 (]: BigQuery adapter: https://console.cloud.google.com/bigquery?project=my-project-travaux-angers&j=bq:US:95e1c5f0-47ec-4dbd-b890-cb3bcb144701&page=queryresults
[0m02:39:52.464144 [debug] [Thread-1 (]: Sending event: {'category': 'dbt', 'action': 'run_model', 'label': '2c31c1af-5b35-4009-b277-ca413d9da905', 'context': [<snowplow_tracker.self_describing_json.SelfDescribingJson object at 0x7f24bf6da780>]}
[0m02:39:52.464981 [info ] [Thread-1 (]: 5 of 9 OK created sql view model travaux_angers_bronze.src_travaux_angers ...... [[32mCREATE VIEW (0 processed)[0m in 1.02s]
[0m02:39:52.465600 [debug] [Thread-1 (]: Finished running node model.travaux_angers.src_travaux_angers
[0m02:39:52.467180 [debug] [Thread-1 (]: Began running node model.travaux_angers.stg_travaux_angers
[0m02:39:52.468140 [info ] [Thread-1 (]: 6 of 9 START sql table model travaux_angers_silver.stg_travaux_angers .......... [RUN]
[0m02:39:52.468775 [debug] [Thread-1 (]: Re-using an available connection from the pool (formerly model.travaux_angers.src_travaux_angers, now model.travaux_angers.stg_travaux_angers)
[0m02:39:52.469151 [debug] [Thread-1 (]: Began compiling node model.travaux_angers.stg_travaux_angers
[0m02:39:52.474361 [debug] [Thread-1 (]: Writing injected SQL for node "model.travaux_angers.stg_travaux_angers"
[0m02:39:52.476314 [debug] [Thread-1 (]: Began executing node model.travaux_angers.stg_travaux_angers
[0m02:39:52.480491 [debug] [Thread-1 (]: Opening a new connection, currently in state closed
[0m02:39:52.958198 [debug] [Thread-1 (]: Writing runtime sql for node "model.travaux_angers.stg_travaux_angers"
[0m02:39:52.959244 [debug] [Thread-1 (]: On model.travaux_angers.stg_travaux_angers: /* {"app": "dbt", "dbt_version": "1.10.7", "profile_name": "travaux_angers", "target_name": "dev", "node_id": "model.travaux_angers.stg_travaux_angers"} */

  
    

    create or replace table `my-project-travaux-angers`.`travaux_angers_silver`.`stg_travaux_angers`
      
    
    

    
    OPTIONS()
    as (
      -- silver/stg_travaux_angers.sql
-- Données nettoyées et standardisées
WITH source AS (
    SELECT * FROM `my-project-travaux-angers`.`travaux_angers_bronze`.`src_travaux_angers`
)

SELECT
    -- Informations de base
    id,
    title as titre,
    description,
    address as adresse,

    -- Dates et durée
    TIMESTAMP(startat) as date_debut,
    TIMESTAMP(endat) as date_fin,

    -- Informations sur le trafic et le type
    traffic as impact_trafic,
    type,

    -- Coordonnées géographiques (extraites du geo_point_2d)
    CAST(JSON_EXTRACT(geo_point_2d, '$.lon') as FLOAT64) as longitude,
    CAST(JSON_EXTRACT(geo_point_2d, '$.lat') as FLOAT64) as latitude,

    -- Informations de contact
    contact,
    email,

    -- Métadonnées
    istramway as est_tramway,
    idparking as id_parking,

    -- Horodatage de mise à jour
    CURRENT_TIMESTAMP() as _updated_at
FROM source
    );
  
[0m02:39:53.569167 [debug] [Thread-1 (]: BigQuery adapter: https://console.cloud.google.com/bigquery?project=my-project-travaux-angers&j=bq:US:b05880c8-5a21-4643-9334-f259a1a6f243&page=queryresults
[0m02:39:55.525407 [debug] [Thread-1 (]: Sending event: {'category': 'dbt', 'action': 'run_model', 'label': '2c31c1af-5b35-4009-b277-ca413d9da905', 'context': [<snowplow_tracker.self_describing_json.SelfDescribingJson object at 0x7f24bf6da840>]}
[0m02:39:55.526200 [info ] [Thread-1 (]: 6 of 9 OK created sql table model travaux_angers_silver.stg_travaux_angers ..... [[32mCREATE TABLE (16.1k rows, 5.1 MiB processed)[0m in 3.06s]
[0m02:39:55.527754 [debug] [Thread-1 (]: Finished running node model.travaux_angers.stg_travaux_angers
[0m02:39:55.529405 [debug] [Thread-1 (]: Began running node model.travaux_angers.dim_travaux_details
[0m02:39:55.530219 [info ] [Thread-1 (]: 7 of 9 START sql table model travaux_angers_gold.dim_travaux_details ........... [RUN]
[0m02:39:55.531010 [debug] [Thread-1 (]: Re-using an available connection from the pool (formerly model.travaux_angers.stg_travaux_angers, now model.travaux_angers.dim_travaux_details)
[0m02:39:55.531453 [debug] [Thread-1 (]: Began compiling node model.travaux_angers.dim_travaux_details
[0m02:39:55.535100 [debug] [Thread-1 (]: Writing injected SQL for node "model.travaux_angers.dim_travaux_details"
[0m02:39:55.535712 [debug] [Thread-1 (]: Began executing node model.travaux_angers.dim_travaux_details
[0m02:39:55.538068 [debug] [Thread-1 (]: Opening a new connection, currently in state closed
[0m02:39:55.939386 [debug] [Thread-1 (]: Writing runtime sql for node "model.travaux_angers.dim_travaux_details"
[0m02:39:55.940531 [debug] [Thread-1 (]: On model.travaux_angers.dim_travaux_details: /* {"app": "dbt", "dbt_version": "1.10.7", "profile_name": "travaux_angers", "target_name": "dev", "node_id": "model.travaux_angers.dim_travaux_details"} */

  
    

    create or replace table `my-project-travaux-angers`.`travaux_angers_gold`.`dim_travaux_details`
      
    
    

    
    OPTIONS()
    as (
      -- Modèle pour la visualisation des travaux actifs et leurs caractéristiques
WITH travaux_enrichis AS (
    SELECT
        *,
        TIMESTAMP_DIFF(date_fin, date_debut, DAY) as duree_jours,
        CASE
            WHEN CURRENT_TIMESTAMP() BETWEEN date_debut AND date_fin THEN 'En cours'
            WHEN CURRENT_TIMESTAMP() < date_debut THEN 'À venir'
            ELSE 'Terminé'
        END as statut
    FROM `my-project-travaux-angers`.`travaux_angers_silver`.`stg_travaux_angers`
)

SELECT
    id,
    titre,
    date_debut,
    date_fin,
    duree_jours,
    longitude,
    latitude,
    type as type_travaux,
    description,
    adresse,
    statut,
    est_tramway,
    id_parking,
    contact,
    email,
    _updated_at,
    -- Création d'une géométrie pour la visualisation cartographique
    ST_GEOGPOINT(longitude, latitude) as position
FROM travaux_enrichis
    );
  
[0m02:39:56.462272 [debug] [Thread-1 (]: BigQuery adapter: https://console.cloud.google.com/bigquery?project=my-project-travaux-angers&j=bq:US:679fb67a-7603-45c0-8816-f2b4072ab7b0&page=queryresults
[0m02:39:58.643263 [debug] [Thread-1 (]: Sending event: {'category': 'dbt', 'action': 'run_model', 'label': '2c31c1af-5b35-4009-b277-ca413d9da905', 'context': [<snowplow_tracker.self_describing_json.SelfDescribingJson object at 0x7f24cdd2bef0>]}
[0m02:39:58.644618 [info ] [Thread-1 (]: 7 of 9 OK created sql table model travaux_angers_gold.dim_travaux_details ...... [[32mCREATE TABLE (16.1k rows, 4.7 MiB processed)[0m in 3.11s]
[0m02:39:58.645494 [debug] [Thread-1 (]: Finished running node model.travaux_angers.dim_travaux_details
[0m02:39:58.646012 [debug] [Thread-1 (]: Began running node model.travaux_angers.fct_travaux_stats
[0m02:39:58.647308 [info ] [Thread-1 (]: 8 of 9 START sql table model travaux_angers_gold.fct_travaux_stats ............. [RUN]
[0m02:39:58.648582 [debug] [Thread-1 (]: Re-using an available connection from the pool (formerly model.travaux_angers.dim_travaux_details, now model.travaux_angers.fct_travaux_stats)
[0m02:39:58.649414 [debug] [Thread-1 (]: Began compiling node model.travaux_angers.fct_travaux_stats
[0m02:39:58.654195 [debug] [Thread-1 (]: Writing injected SQL for node "model.travaux_angers.fct_travaux_stats"
[0m02:39:58.655018 [debug] [Thread-1 (]: Began executing node model.travaux_angers.fct_travaux_stats
[0m02:39:58.657833 [debug] [Thread-1 (]: Opening a new connection, currently in state closed
[0m02:39:59.074408 [debug] [Thread-1 (]: Writing runtime sql for node "model.travaux_angers.fct_travaux_stats"
[0m02:39:59.075298 [debug] [Thread-1 (]: On model.travaux_angers.fct_travaux_stats: /* {"app": "dbt", "dbt_version": "1.10.7", "profile_name": "travaux_angers", "target_name": "dev", "node_id": "model.travaux_angers.fct_travaux_stats"} */

  
    

    create or replace table `my-project-travaux-angers`.`travaux_angers_gold`.`fct_travaux_stats`
      
    
    

    
    OPTIONS()
    as (
      -- Modèle pour les analyses temporelles et les statistiques

WITH travaux_details AS (
    SELECT
        -- Clés et dimensions
        id,
        type as type_travaux,
        DATE_TRUNC(date_debut, DAY) as jour,  -- Changement à une granularité journalière

        -- Métriques temporelles
        DATE_DIFF(date_fin, date_debut, DAY) as duree_jours,
        CASE
            WHEN CURRENT_TIMESTAMP() BETWEEN date_debut AND date_fin THEN 1
            ELSE 0
        END as est_en_cours,

        -- Géolocalisation
        longitude,
        latitude,

        -- Autres informations
        titre,
        description,
        adresse
    FROM `my-project-travaux-angers`.`travaux_angers_silver`.`stg_travaux_angers`
),

statistiques_agregees AS (
    SELECT
        jour,
        type_travaux,
        -- Métriques d'agrégation
        COUNT(DISTINCT id) as nombre_travaux,
        SUM(est_en_cours) as travaux_en_cours,
        AVG(duree_jours) as duree_moyenne_jours,
        MIN(duree_jours) as duree_min_jours,
        MAX(duree_jours) as duree_max_jours,
        -- Coordonnées moyennes
        AVG(longitude) as longitude_moyenne,
        AVG(latitude) as latitude_moyenne,
        -- Liste des IDs pour jointure
        STRING_AGG(CAST(id as STRING), ',') as ids_travaux
    FROM travaux_details
    GROUP BY
        jour,
        type_travaux
)

SELECT
    -- Dimensions temporelles et type
    jour,
    type_travaux,
    ids_travaux,

    -- Métriques calculées
    nombre_travaux,
    travaux_en_cours,
    ROUND(duree_moyenne_jours, 1) as duree_moyenne_jours,
    duree_min_jours,
    duree_max_jours,

    -- Ratios et pourcentages
    SAFE_DIVIDE(travaux_en_cours, nombre_travaux) as ratio_actif,

    -- Position moyenne du groupe
    ST_GEOGPOINT(longitude_moyenne, latitude_moyenne) as position_representative,

    -- Horodatage
    CURRENT_TIMESTAMP() as _updated_at
FROM statistiques_agregees
ORDER BY
    jour DESC,
    nombre_travaux DESC
    );
  
[0m02:39:59.742640 [debug] [Thread-1 (]: BigQuery adapter: https://console.cloud.google.com/bigquery?project=my-project-travaux-angers&j=bq:US:7e7c0b8c-2c5b-4e33-adb7-78da7e959966&page=queryresults
[0m02:40:02.053185 [debug] [Thread-1 (]: Sending event: {'category': 'dbt', 'action': 'run_model', 'label': '2c31c1af-5b35-4009-b277-ca413d9da905', 'context': [<snowplow_tracker.self_describing_json.SelfDescribingJson object at 0x7f24cdd28530>]}
[0m02:40:02.054165 [info ] [Thread-1 (]: 8 of 9 OK created sql table model travaux_angers_gold.fct_travaux_stats ........ [[32mCREATE TABLE (31.0 rows, 739.4 KiB processed)[0m in 3.40s]
[0m02:40:02.054830 [debug] [Thread-1 (]: Finished running node model.travaux_angers.fct_travaux_stats
[0m02:40:02.055240 [debug] [Thread-1 (]: Began running node model.travaux_angers.fct_travaux_stats_daily
[0m02:40:02.055700 [info ] [Thread-1 (]: 9 of 9 START sql table model travaux_angers_gold.fct_travaux_stats_daily ....... [RUN]
[0m02:40:02.056473 [debug] [Thread-1 (]: Re-using an available connection from the pool (formerly model.travaux_angers.fct_travaux_stats, now model.travaux_angers.fct_travaux_stats_daily)
[0m02:40:02.057082 [debug] [Thread-1 (]: Began compiling node model.travaux_angers.fct_travaux_stats_daily
[0m02:40:02.060366 [debug] [Thread-1 (]: Writing injected SQL for node "model.travaux_angers.fct_travaux_stats_daily"
[0m02:40:02.060951 [debug] [Thread-1 (]: Began executing node model.travaux_angers.fct_travaux_stats_daily
[0m02:40:02.063242 [debug] [Thread-1 (]: Opening a new connection, currently in state closed
[0m02:40:02.468258 [debug] [Thread-1 (]: Writing runtime sql for node "model.travaux_angers.fct_travaux_stats_daily"
[0m02:40:02.469310 [debug] [Thread-1 (]: On model.travaux_angers.fct_travaux_stats_daily: /* {"app": "dbt", "dbt_version": "1.10.7", "profile_name": "travaux_angers", "target_name": "dev", "node_id": "model.travaux_angers.fct_travaux_stats_daily"} */

  
    

    create or replace table `my-project-travaux-angers`.`travaux_angers_gold`.`fct_travaux_stats_daily`
      
    
    

    
    OPTIONS()
    as (
      WITH travaux_details AS (
    SELECT
        -- Clés et dimensions
        id,
        type as type_travaux,
        DATE(date_debut) as jour,  -- Date journalière

        -- Métriques temporelles
        DATE_DIFF(date_fin, date_debut, DAY) as duree_jours,
        CASE
            WHEN CURRENT_TIMESTAMP() BETWEEN date_debut AND date_fin THEN 1
            ELSE 0
        END as est_en_cours,

        -- Géolocalisation
        longitude,
        latitude,

        -- Autres informations
        titre,
        description,
        adresse
    FROM `my-project-travaux-angers`.`travaux_angers_silver`.`stg_travaux_angers`
),

statistiques_journalieres AS (
    SELECT
        jour,
        type_travaux,
        -- Métriques d'agrégation
        COUNT(DISTINCT id) as nombre_travaux,
        SUM(est_en_cours) as travaux_en_cours,
        AVG(duree_jours) as duree_moyenne_jours,
        MIN(duree_jours) as duree_min_jours,
        MAX(duree_jours) as duree_max_jours,
        -- Coordonnées moyennes
        AVG(longitude) as longitude_moyenne,
        AVG(latitude) as latitude_moyenne,
        -- Liste des IDs pour jointure
        STRING_AGG(CAST(id as STRING), ',') as ids_travaux
    FROM travaux_details
    GROUP BY
        jour,
        type_travaux
)

SELECT
    -- Dimensions temporelles et type
    jour,
    type_travaux,
    ids_travaux,

    -- Métriques calculées
    nombre_travaux,
    travaux_en_cours,
    ROUND(duree_moyenne_jours, 1) as duree_moyenne_jours,
    duree_min_jours,
    duree_max_jours,

    -- Ratios et pourcentages
    SAFE_DIVIDE(travaux_en_cours, nombre_travaux) as ratio_actif,

    -- Position moyenne du groupe
    ST_GEOGPOINT(longitude_moyenne, latitude_moyenne) as position_representative,

    -- Horodatage
    CURRENT_TIMESTAMP() as _updated_at
FROM statistiques_journalieres
ORDER BY
    jour DESC,
    nombre_travaux DESC
    );
  
[0m02:40:02.889750 [debug] [Thread-1 (]: BigQuery adapter: https://console.cloud.google.com/bigquery?project=my-project-travaux-angers&j=bq:US:316360e1-42dd-449f-810d-164c6afe4ab8&page=queryresults
[0m02:40:05.715118 [debug] [Thread-1 (]: Sending event: {'category': 'dbt', 'action': 'run_model', 'label': '2c31c1af-5b35-4009-b277-ca413d9da905', 'context': [<snowplow_tracker.self_describing_json.SelfDescribingJson object at 0x7f24bf61d760>]}
[0m02:40:05.715982 [info ] [Thread-1 (]: 9 of 9 OK created sql table model travaux_angers_gold.fct_travaux_stats_daily .. [[32mCREATE TABLE (31.0 rows, 739.4 KiB processed)[0m in 3.66s]
[0m02:40:05.716620 [debug] [Thread-1 (]: Finished running node model.travaux_angers.fct_travaux_stats_daily
[0m02:40:05.718718 [debug] [MainThread]: Opening a new connection, currently in state closed
[0m02:40:05.760478 [debug] [MainThread]: Connection 'master' was properly closed.
[0m02:40:05.760985 [debug] [MainThread]: Connection 'model.travaux_angers.fct_travaux_stats_daily' was properly closed.
[0m02:40:05.761452 [info ] [MainThread]: 
[0m02:40:05.761838 [info ] [MainThread]: Finished running 5 table models, 4 view models in 0 hours 0 minutes and 23.13 seconds (23.13s).
[0m02:40:05.763659 [debug] [MainThread]: Command end result
[0m02:40:05.794571 [debug] [MainThread]: Wrote artifact WritableManifest to /usr/ELT_Travaux_Angers/dbt/target/manifest.json
[0m02:40:05.796704 [debug] [MainThread]: Wrote artifact SemanticManifest to /usr/ELT_Travaux_Angers/dbt/target/semantic_manifest.json
[0m02:40:05.805276 [debug] [MainThread]: Wrote artifact RunExecutionResult to /usr/ELT_Travaux_Angers/dbt/target/run_results.json
[0m02:40:05.805731 [info ] [MainThread]: 
[0m02:40:05.806129 [info ] [MainThread]: [31mCompleted with 1 error, 0 partial successes, and 0 warnings:[0m
[0m02:40:05.806459 [info ] [MainThread]: 
[0m02:40:05.806873 [error] [MainThread]: [31mFailure in model fct_travaux_stats_monthly (models/gold/fct_travaux_stats_monthly.sql)[0m
[0m02:40:05.807239 [error] [MainThread]:   Database Error in model fct_travaux_stats_monthly (models/gold/fct_travaux_stats_monthly.sql)
  Unrecognized name: x at [30:9]
  compiled code at target/run/travaux_angers/models/gold/fct_travaux_stats_monthly.sql
[0m02:40:05.807529 [info ] [MainThread]: 
[0m02:40:05.807935 [info ] [MainThread]:   compiled code at target/compiled/travaux_angers/models/gold/fct_travaux_stats_monthly.sql
[0m02:40:05.808257 [info ] [MainThread]: 
[0m02:40:05.808578 [info ] [MainThread]: Done. PASS=8 WARN=0 ERROR=1 SKIP=0 NO-OP=0 TOTAL=9
[0m02:40:05.809554 [debug] [MainThread]: Resource report: {"command_name": "run", "command_success": false, "command_wall_clock_time": 29.538544, "process_in_blocks": "16", "process_kernel_time": 2.881504, "process_mem_max_rss": "407760", "process_out_blocks": "3088", "process_user_time": 7.760986}
[0m02:40:05.810017 [debug] [MainThread]: Command `dbt run` failed at 02:40:05.809921 after 29.54 seconds
[0m02:40:05.810412 [debug] [MainThread]: Sending event: {'category': 'dbt', 'action': 'invocation', 'label': 'end', 'context': [<snowplow_tracker.self_describing_json.SelfDescribingJson object at 0x7f25034fa300>, <snowplow_tracker.self_describing_json.SelfDescribingJson object at 0x7f25034fa1e0>, <snowplow_tracker.self_describing_json.SelfDescribingJson object at 0x7f25034f9f70>]}
[0m02:40:05.810744 [debug] [MainThread]: Flushing usage events
[0m02:40:06.288209 [debug] [MainThread]: An error was encountered while trying to flush usage events
[0m02:42:48.768256 [debug] [MainThread]: Sending event: {'category': 'dbt', 'action': 'invocation', 'label': 'start', 'context': [<snowplow_tracker.self_describing_json.SelfDescribingJson object at 0x7f4188a72a20>, <snowplow_tracker.self_describing_json.SelfDescribingJson object at 0x7f4188b983e0>, <snowplow_tracker.self_describing_json.SelfDescribingJson object at 0x7f41882f2360>]}


============================== 02:42:48.771514 | ebd6e2d2-08d5-4784-8b77-1545bc038e74 ==============================
[0m02:42:48.771514 [info ] [MainThread]: Running with dbt=1.10.7
[0m02:42:48.772133 [debug] [MainThread]: running dbt with arguments {'printer_width': '80', 'indirect_selection': 'eager', 'log_cache_events': 'False', 'write_json': 'True', 'partial_parse': 'True', 'cache_selected_only': 'False', 'warn_error': 'None', 'fail_fast': 'False', 'profiles_dir': '/usr/ELT_Travaux_Angers/dbt', 'log_path': '/usr/ELT_Travaux_Angers/dbt/logs', 'debug': 'False', 'version_check': 'True', 'use_colors': 'True', 'use_experimental_parser': 'False', 'empty': 'None', 'quiet': 'False', 'no_print': 'None', 'log_format': 'default', 'introspect': 'True', 'invocation_command': 'dbt deps', 'static_parser': 'True', 'target_path': 'None', 'warn_error_options': 'WarnErrorOptionsV2(error=[], warn=[], silence=[])', 'send_anonymous_usage_stats': 'True'}
[0m02:42:48.923660 [debug] [MainThread]: Sending event: {'category': 'dbt', 'action': 'project_id', 'label': 'ebd6e2d2-08d5-4784-8b77-1545bc038e74', 'context': [<snowplow_tracker.self_describing_json.SelfDescribingJson object at 0x7f418a439d00>]}
[0m02:42:48.954993 [debug] [MainThread]: Set downloads directory='/tmp/dbt-downloads-g61snmpd'
[0m02:42:48.955741 [debug] [MainThread]: Making package index registry request: GET https://hub.getdbt.com/api/v1/index.json
[0m02:42:49.044576 [debug] [MainThread]: Response from registry index: GET https://hub.getdbt.com/api/v1/index.json 200
[0m02:42:49.045520 [debug] [MainThread]: Making package registry request: GET https://hub.getdbt.com/api/v1/dbt-labs/dbt_utils.json
[0m02:42:49.092602 [debug] [MainThread]: Response from registry: GET https://hub.getdbt.com/api/v1/dbt-labs/dbt_utils.json 200
[0m02:42:49.100508 [info ] [MainThread]: Installing dbt-labs/dbt_utils
[0m02:42:49.443452 [info ] [MainThread]: Installed from version 1.1.1
[0m02:42:49.444344 [info ] [MainThread]: Updated version available: 1.3.0
[0m02:42:49.445007 [debug] [MainThread]: Sending event: {'category': 'dbt', 'action': 'package', 'label': 'ebd6e2d2-08d5-4784-8b77-1545bc038e74', 'property_': 'install', 'context': [<snowplow_tracker.self_describing_json.SelfDescribingJson object at 0x7f4187948170>, <snowplow_tracker.self_describing_json.SelfDescribingJson object at 0x7f4187949a30>]}
[0m02:42:49.445409 [info ] [MainThread]: 
[0m02:42:49.445774 [info ] [MainThread]: Updates available for packages: ['dbt-labs/dbt_utils']                 
Update your versions in packages.yml, then run dbt deps
[0m02:42:49.447441 [debug] [MainThread]: Resource report: {"command_name": "deps", "command_success": true, "command_wall_clock_time": 0.75095725, "process_in_blocks": "0", "process_kernel_time": 0.171646, "process_mem_max_rss": "106608", "process_out_blocks": "2232", "process_user_time": 2.049655}
[0m02:42:49.447952 [debug] [MainThread]: Command `dbt deps` succeeded at 02:42:49.447842 after 0.75 seconds
[0m02:42:49.448293 [debug] [MainThread]: Sending event: {'category': 'dbt', 'action': 'invocation', 'label': 'end', 'context': [<snowplow_tracker.self_describing_json.SelfDescribingJson object at 0x7f418800fb00>, <snowplow_tracker.self_describing_json.SelfDescribingJson object at 0x7f4187be7a40>, <snowplow_tracker.self_describing_json.SelfDescribingJson object at 0x7f4188a20ad0>]}
[0m02:42:49.448665 [debug] [MainThread]: Flushing usage events
[0m02:42:49.852755 [debug] [MainThread]: An error was encountered while trying to flush usage events
[0m02:42:51.968025 [debug] [MainThread]: Sending event: {'category': 'dbt', 'action': 'invocation', 'label': 'start', 'context': [<snowplow_tracker.self_describing_json.SelfDescribingJson object at 0x7f28686b8c50>, <snowplow_tracker.self_describing_json.SelfDescribingJson object at 0x7f28679874d0>, <snowplow_tracker.self_describing_json.SelfDescribingJson object at 0x7f286649f2c0>]}


============================== 02:42:51.971691 | ea73a11f-b9a0-4b78-93ee-499bbf98d21c ==============================
[0m02:42:51.971691 [info ] [MainThread]: Running with dbt=1.10.7
[0m02:42:51.976866 [debug] [MainThread]: running dbt with arguments {'printer_width': '80', 'indirect_selection': 'eager', 'log_cache_events': 'False', 'write_json': 'True', 'partial_parse': 'True', 'cache_selected_only': 'False', 'warn_error': 'None', 'fail_fast': 'False', 'debug': 'False', 'log_path': '/usr/ELT_Travaux_Angers/dbt/logs', 'profiles_dir': '/usr/ELT_Travaux_Angers/dbt', 'version_check': 'True', 'use_colors': 'True', 'use_experimental_parser': 'False', 'empty': 'False', 'quiet': 'False', 'no_print': 'None', 'warn_error_options': 'WarnErrorOptionsV2(error=[], warn=[], silence=[])', 'invocation_command': 'dbt run', 'static_parser': 'True', 'log_format': 'default', 'target_path': 'None', 'introspect': 'True', 'send_anonymous_usage_stats': 'True'}
[0m02:42:55.151020 [debug] [MainThread]: Sending event: {'category': 'dbt', 'action': 'project_id', 'label': 'ea73a11f-b9a0-4b78-93ee-499bbf98d21c', 'context': [<snowplow_tracker.self_describing_json.SelfDescribingJson object at 0x7f2831ad0b60>]}
[0m02:42:55.223290 [debug] [MainThread]: Sending event: {'category': 'dbt', 'action': 'adapter_info', 'label': 'ea73a11f-b9a0-4b78-93ee-499bbf98d21c', 'context': [<snowplow_tracker.self_describing_json.SelfDescribingJson object at 0x7f283719c5f0>]}
[0m02:42:55.224152 [info ] [MainThread]: Registered adapter: bigquery=1.10.1
[0m02:42:55.409321 [debug] [MainThread]: checksum: 44f4b502e2ddc67beed4db71ce39b63f2d3b7fc0b96e49a69b096c8f6cc370bc, vars: {}, profile: , target: , version: 1.10.7
[0m02:42:55.565519 [debug] [MainThread]: Partial parsing enabled: 0 files deleted, 0 files added, 0 files changed.
[0m02:42:55.565995 [debug] [MainThread]: Partial parsing enabled, no changes found, skipping parsing
[0m02:42:55.627416 [debug] [MainThread]: Sending event: {'category': 'dbt', 'action': 'load_project', 'label': 'ea73a11f-b9a0-4b78-93ee-499bbf98d21c', 'context': [<snowplow_tracker.self_describing_json.SelfDescribingJson object at 0x7f2831993890>]}
[0m02:42:55.739035 [debug] [MainThread]: Wrote artifact WritableManifest to /usr/ELT_Travaux_Angers/dbt/target/manifest.json
[0m02:42:55.741283 [debug] [MainThread]: Wrote artifact SemanticManifest to /usr/ELT_Travaux_Angers/dbt/target/semantic_manifest.json
[0m02:42:55.759990 [debug] [MainThread]: Sending event: {'category': 'dbt', 'action': 'resource_counts', 'label': 'ea73a11f-b9a0-4b78-93ee-499bbf98d21c', 'context': [<snowplow_tracker.self_describing_json.SelfDescribingJson object at 0x7f283179e810>]}
[0m02:42:55.760821 [info ] [MainThread]: Found 9 models, 1 analysis, 17 data tests, 1 source, 610 macros
[0m02:42:55.761544 [debug] [MainThread]: Sending event: {'category': 'dbt', 'action': 'runnable_timing', 'label': 'ea73a11f-b9a0-4b78-93ee-499bbf98d21c', 'context': [<snowplow_tracker.self_describing_json.SelfDescribingJson object at 0x7f2865cf8680>]}
[0m02:42:55.765913 [info ] [MainThread]: 
[0m02:42:55.766461 [info ] [MainThread]: Concurrency: 1 threads (target='dev')
[0m02:42:55.767603 [info ] [MainThread]: 
[0m02:42:55.768642 [debug] [MainThread]: Acquiring new bigquery connection 'master'
[0m02:42:55.780057 [debug] [ThreadPool]: Acquiring new bigquery connection 'list_my-project-travaux-angers'
[0m02:42:55.781294 [debug] [ThreadPool]: Opening a new connection, currently in state init
[0m02:42:56.309409 [debug] [ThreadPool]: Opening a new connection, currently in state closed
[0m02:42:56.749512 [debug] [ThreadPool]: Opening a new connection, currently in state closed
[0m02:42:57.176686 [debug] [ThreadPool]: Opening a new connection, currently in state closed
[0m02:42:57.610473 [debug] [ThreadPool]: Re-using an available connection from the pool (formerly list_my-project-travaux-angers, now list_my-project-travaux-angers_travaux_angers_bronze)
[0m02:42:57.611335 [debug] [ThreadPool]: Opening a new connection, currently in state closed
[0m02:42:58.022521 [debug] [ThreadPool]: Re-using an available connection from the pool (formerly list_my-project-travaux-angers_travaux_angers_bronze, now list_my-project-travaux-angers_travaux_angers_silver)
[0m02:42:58.023723 [debug] [ThreadPool]: Opening a new connection, currently in state closed
[0m02:42:58.453445 [debug] [ThreadPool]: Re-using an available connection from the pool (formerly list_my-project-travaux-angers_travaux_angers_silver, now list_my-project-travaux-angers_travaux_angers)
[0m02:42:58.454026 [debug] [ThreadPool]: Opening a new connection, currently in state closed
[0m02:42:58.835824 [debug] [ThreadPool]: Re-using an available connection from the pool (formerly list_my-project-travaux-angers_travaux_angers, now list_my-project-travaux-angers_travaux_angers_gold)
[0m02:42:58.837306 [debug] [ThreadPool]: Opening a new connection, currently in state closed
[0m02:42:59.211324 [debug] [MainThread]: Sending event: {'category': 'dbt', 'action': 'runnable_timing', 'label': 'ea73a11f-b9a0-4b78-93ee-499bbf98d21c', 'context': [<snowplow_tracker.self_describing_json.SelfDescribingJson object at 0x7f2832623bc0>]}
[0m02:42:59.212105 [debug] [MainThread]: Opening a new connection, currently in state init
[0m02:42:59.254387 [debug] [Thread-1 (]: Began running node model.travaux_angers.analyse_types
[0m02:42:59.255006 [info ] [Thread-1 (]: 1 of 9 START sql view model travaux_angers.analyse_types ....................... [RUN]
[0m02:42:59.255496 [debug] [Thread-1 (]: Re-using an available connection from the pool (formerly list_my-project-travaux-angers_travaux_angers_gold, now model.travaux_angers.analyse_types)
[0m02:42:59.255837 [debug] [Thread-1 (]: Began compiling node model.travaux_angers.analyse_types
[0m02:42:59.265615 [debug] [Thread-1 (]: Writing injected SQL for node "model.travaux_angers.analyse_types"
[0m02:42:59.266394 [debug] [Thread-1 (]: Began executing node model.travaux_angers.analyse_types
[0m02:42:59.302189 [debug] [Thread-1 (]: Writing runtime sql for node "model.travaux_angers.analyse_types"
[0m02:42:59.303125 [debug] [Thread-1 (]: On model.travaux_angers.analyse_types: /* {"app": "dbt", "dbt_version": "1.10.7", "profile_name": "travaux_angers", "target_name": "dev", "node_id": "model.travaux_angers.analyse_types"} */


  create or replace view `my-project-travaux-angers`.`travaux_angers`.`analyse_types`
  OPTIONS()
  as 

SELECT
    type as type_travaux,
    COUNT(*) as nombre_total,
    COUNT(DISTINCT DATE_TRUNC(startat, MONTH)) as nombre_mois_distincts
FROM `my-project-travaux-angers`.`travaux_angers`.`travaux_angers`
GROUP BY type
ORDER BY nombre_total DESC;


[0m02:42:59.303613 [debug] [Thread-1 (]: Opening a new connection, currently in state closed
[0m02:42:59.971409 [debug] [Thread-1 (]: BigQuery adapter: https://console.cloud.google.com/bigquery?project=my-project-travaux-angers&j=bq:US:648b9917-f57f-4204-8a47-7d2eb09ab877&page=queryresults
[0m02:43:00.467567 [debug] [Thread-1 (]: Sending event: {'category': 'dbt', 'action': 'run_model', 'label': 'ea73a11f-b9a0-4b78-93ee-499bbf98d21c', 'context': [<snowplow_tracker.self_describing_json.SelfDescribingJson object at 0x7f28348f7c20>]}
[0m02:43:00.468409 [info ] [Thread-1 (]: 1 of 9 OK created sql view model travaux_angers.analyse_types .................. [[32mCREATE VIEW (0 processed)[0m in 1.21s]
[0m02:43:00.469084 [debug] [Thread-1 (]: Finished running node model.travaux_angers.analyse_types
[0m02:43:00.469499 [debug] [Thread-1 (]: Began running node model.travaux_angers.check_columns
[0m02:43:00.469976 [info ] [Thread-1 (]: 2 of 9 START sql view model travaux_angers.check_columns ....................... [RUN]
[0m02:43:00.470484 [debug] [Thread-1 (]: Re-using an available connection from the pool (formerly model.travaux_angers.analyse_types, now model.travaux_angers.check_columns)
[0m02:43:00.470863 [debug] [Thread-1 (]: Began compiling node model.travaux_angers.check_columns
[0m02:43:00.475889 [debug] [Thread-1 (]: Writing injected SQL for node "model.travaux_angers.check_columns"
[0m02:43:00.477205 [debug] [Thread-1 (]: Began executing node model.travaux_angers.check_columns
[0m02:43:00.481534 [debug] [Thread-1 (]: Writing runtime sql for node "model.travaux_angers.check_columns"
[0m02:43:00.482214 [debug] [Thread-1 (]: On model.travaux_angers.check_columns: /* {"app": "dbt", "dbt_version": "1.10.7", "profile_name": "travaux_angers", "target_name": "dev", "node_id": "model.travaux_angers.check_columns"} */


  create or replace view `my-project-travaux-angers`.`travaux_angers`.`check_columns`
  OPTIONS()
  as 

SELECT *
FROM `my-project-travaux-angers`.`travaux_angers`.`travaux_angers`
LIMIT 1;


[0m02:43:00.482617 [debug] [Thread-1 (]: Opening a new connection, currently in state closed
[0m02:43:01.084591 [debug] [Thread-1 (]: BigQuery adapter: https://console.cloud.google.com/bigquery?project=my-project-travaux-angers&j=bq:US:f74370fb-4f18-47ba-80f3-46e4fbde042e&page=queryresults
[0m02:43:01.655224 [debug] [Thread-1 (]: Sending event: {'category': 'dbt', 'action': 'run_model', 'label': 'ea73a11f-b9a0-4b78-93ee-499bbf98d21c', 'context': [<snowplow_tracker.self_describing_json.SelfDescribingJson object at 0x7f28305289b0>]}
[0m02:43:01.656379 [info ] [Thread-1 (]: 2 of 9 OK created sql view model travaux_angers.check_columns .................. [[32mCREATE VIEW (0 processed)[0m in 1.18s]
[0m02:43:01.657109 [debug] [Thread-1 (]: Finished running node model.travaux_angers.check_columns
[0m02:43:01.657514 [debug] [Thread-1 (]: Began running node model.travaux_angers.check_source
[0m02:43:01.657974 [info ] [Thread-1 (]: 3 of 9 START sql view model travaux_angers.check_source ........................ [RUN]
[0m02:43:01.658431 [debug] [Thread-1 (]: Re-using an available connection from the pool (formerly model.travaux_angers.check_columns, now model.travaux_angers.check_source)
[0m02:43:01.658783 [debug] [Thread-1 (]: Began compiling node model.travaux_angers.check_source
[0m02:43:01.661931 [debug] [Thread-1 (]: Writing injected SQL for node "model.travaux_angers.check_source"
[0m02:43:01.662890 [debug] [Thread-1 (]: Began executing node model.travaux_angers.check_source
[0m02:43:01.665767 [debug] [Thread-1 (]: Writing runtime sql for node "model.travaux_angers.check_source"
[0m02:43:01.666342 [debug] [Thread-1 (]: On model.travaux_angers.check_source: /* {"app": "dbt", "dbt_version": "1.10.7", "profile_name": "travaux_angers", "target_name": "dev", "node_id": "model.travaux_angers.check_source"} */


  create or replace view `my-project-travaux-angers`.`travaux_angers`.`check_source`
  OPTIONS()
  as 

SELECT
    column_name,
    data_type
FROM `my-project-travaux-angers.travaux_angers`.INFORMATION_SCHEMA.COLUMNS
WHERE table_name = 'travaux_angers'
ORDER BY ordinal_position;


[0m02:43:01.666708 [debug] [Thread-1 (]: Opening a new connection, currently in state closed
[0m02:43:02.328597 [debug] [Thread-1 (]: BigQuery adapter: https://console.cloud.google.com/bigquery?project=my-project-travaux-angers&j=bq:US:87aa7449-a4f5-4f40-84dc-bf6170569788&page=queryresults
[0m02:43:02.998034 [debug] [Thread-1 (]: Sending event: {'category': 'dbt', 'action': 'run_model', 'label': 'ea73a11f-b9a0-4b78-93ee-499bbf98d21c', 'context': [<snowplow_tracker.self_describing_json.SelfDescribingJson object at 0x7f28304fbfb0>]}
[0m02:43:02.999037 [info ] [Thread-1 (]: 3 of 9 OK created sql view model travaux_angers.check_source ................... [[32mCREATE VIEW (0 processed)[0m in 1.34s]
[0m02:43:02.999829 [debug] [Thread-1 (]: Finished running node model.travaux_angers.check_source
[0m02:43:03.000390 [debug] [Thread-1 (]: Began running node model.travaux_angers.fct_travaux_stats_monthly
[0m02:43:03.000969 [info ] [Thread-1 (]: 4 of 9 START sql table model travaux_angers_gold.fct_travaux_stats_monthly ..... [RUN]
[0m02:43:03.001881 [debug] [Thread-1 (]: Re-using an available connection from the pool (formerly model.travaux_angers.check_source, now model.travaux_angers.fct_travaux_stats_monthly)
[0m02:43:03.002432 [debug] [Thread-1 (]: Began compiling node model.travaux_angers.fct_travaux_stats_monthly
[0m02:43:03.006425 [debug] [Thread-1 (]: Writing injected SQL for node "model.travaux_angers.fct_travaux_stats_monthly"
[0m02:43:03.007890 [debug] [Thread-1 (]: Began executing node model.travaux_angers.fct_travaux_stats_monthly
[0m02:43:03.027812 [debug] [Thread-1 (]: Opening a new connection, currently in state closed
[0m02:43:03.440233 [debug] [Thread-1 (]: Writing runtime sql for node "model.travaux_angers.fct_travaux_stats_monthly"
[0m02:43:03.441175 [debug] [Thread-1 (]: On model.travaux_angers.fct_travaux_stats_monthly: /* {"app": "dbt", "dbt_version": "1.10.7", "profile_name": "travaux_angers", "target_name": "dev", "node_id": "model.travaux_angers.fct_travaux_stats_monthly"} */

  
    

    create or replace table `my-project-travaux-angers`.`travaux_angers_gold`.`fct_travaux_stats_monthly`
      
    
    

    
    OPTIONS()
    as (
      WITH travaux_details AS (
    SELECT
        -- Clés et dimensions
        id,
        type as type_travaux,
        DATE_TRUNC(startat, MONTH) as mois,  -- Date mensuelle
        startat as date_debut,

        -- Métriques temporelles
        DATE_DIFF(endat, startat, DAY) as duree_jours,
        CASE
            WHEN CURRENT_TIMESTAMP() BETWEEN startat AND endat THEN 1
            ELSE 0
        END as est_en_cours,

        -- Géolocalisation
        x as longitude,  -- Changé de longitude vers x
        y as latitude,   -- Changé de latitude vers y

        -- Autres informations
        title as titre,
        description,
        address as adresse
    FROM `my-project-travaux-angers`.`travaux_angers`.`travaux_angers`
),

statistiques_mensuelles AS (
    SELECT
        mois,
        type_travaux,
        -- Métriques d'agrégation
        COUNT(DISTINCT id) as nombre_travaux,
        SUM(est_en_cours) as travaux_en_cours,
        AVG(duree_jours) as duree_moyenne_jours,
        MIN(duree_jours) as duree_min_jours,
        MAX(duree_jours) as duree_max_jours,
        -- Statistiques additionnelles mensuelles
        COUNT(DISTINCT DATE(date_debut)) as nombre_jours_avec_nouveaux_travaux,
        -- Coordonnées moyennes
        AVG(longitude) as longitude_moyenne,
        AVG(latitude) as latitude_moyenne,
        -- Liste des IDs pour jointure
        STRING_AGG(CAST(id as STRING), ',') as ids_travaux
    FROM travaux_details
    GROUP BY
        mois,
        type_travaux
)

SELECT
    -- Dimensions temporelles et type
    mois,
    type_travaux,
    ids_travaux,

    -- Métriques calculées
    nombre_travaux,
    travaux_en_cours,
    ROUND(duree_moyenne_jours, 1) as duree_moyenne_jours,
    duree_min_jours,
    duree_max_jours,
    nombre_jours_avec_nouveaux_travaux,

    -- Ratios et pourcentages
    SAFE_DIVIDE(travaux_en_cours, nombre_travaux) as ratio_actif,

    -- Position moyenne du groupe
    ST_GEOGPOINT(longitude_moyenne, latitude_moyenne) as position_representative,

    -- Horodatage
    CURRENT_TIMESTAMP() as _updated_at
FROM statistiques_mensuelles
ORDER BY
    mois DESC,
    nombre_travaux DESC
    );
  
[0m02:43:04.124517 [debug] [Thread-1 (]: BigQuery adapter: https://console.cloud.google.com/bigquery?project=my-project-travaux-angers&j=bq:US:5ebc6673-ff8e-46bd-8b74-b7e333a439a8&page=queryresults
[0m02:43:04.421407 [error] [Thread-1 (]: BigQuery adapter: https://console.cloud.google.com/bigquery?project=my-project-travaux-angers&j=bq:US:5ebc6673-ff8e-46bd-8b74-b7e333a439a8&page=queryresults
[0m02:43:04.426666 [debug] [Thread-1 (]: Database Error in model fct_travaux_stats_monthly (models/gold/fct_travaux_stats_monthly.sql)
  Unrecognized name: x at [30:9]
  compiled code at target/run/travaux_angers/models/gold/fct_travaux_stats_monthly.sql
[0m02:43:04.427321 [debug] [Thread-1 (]: Sending event: {'category': 'dbt', 'action': 'run_model', 'label': 'ea73a11f-b9a0-4b78-93ee-499bbf98d21c', 'context': [<snowplow_tracker.self_describing_json.SelfDescribingJson object at 0x7f28303d91f0>]}
[0m02:43:04.428062 [error] [Thread-1 (]: 4 of 9 ERROR creating sql table model travaux_angers_gold.fct_travaux_stats_monthly  [[31mERROR[0m in 1.43s]
[0m02:43:04.428686 [debug] [Thread-1 (]: Finished running node model.travaux_angers.fct_travaux_stats_monthly
[0m02:43:04.429185 [debug] [Thread-1 (]: Began running node model.travaux_angers.src_travaux_angers
[0m02:43:04.429744 [info ] [Thread-1 (]: 5 of 9 START sql view model travaux_angers_bronze.src_travaux_angers ........... [RUN]
[0m02:43:04.430330 [debug] [Thread-1 (]: Re-using an available connection from the pool (formerly model.travaux_angers.fct_travaux_stats_monthly, now model.travaux_angers.src_travaux_angers)
[0m02:43:04.430724 [debug] [Thread-1 (]: Began compiling node model.travaux_angers.src_travaux_angers
[0m02:43:04.434353 [debug] [Thread-1 (]: Writing injected SQL for node "model.travaux_angers.src_travaux_angers"
[0m02:43:04.435515 [debug] [Thread-4 (]: Marking all children of 'model.travaux_angers.fct_travaux_stats_monthly' to be skipped because of status 'error'.  Reason: Database Error in model fct_travaux_stats_monthly (models/gold/fct_travaux_stats_monthly.sql)
  Unrecognized name: x at [30:9]
  compiled code at target/run/travaux_angers/models/gold/fct_travaux_stats_monthly.sql.
[0m02:43:04.436645 [debug] [Thread-1 (]: Began executing node model.travaux_angers.src_travaux_angers
[0m02:43:04.440855 [debug] [Thread-1 (]: Writing runtime sql for node "model.travaux_angers.src_travaux_angers"
[0m02:43:04.441927 [debug] [Thread-1 (]: On model.travaux_angers.src_travaux_angers: /* {"app": "dbt", "dbt_version": "1.10.7", "profile_name": "travaux_angers", "target_name": "dev", "node_id": "model.travaux_angers.src_travaux_angers"} */


  create or replace view `my-project-travaux-angers`.`travaux_angers_bronze`.`src_travaux_angers`
  OPTIONS()
  as -- bronze/src_travaux_angers.sql
-- Source brute des données de travaux
SELECT
    *,
    CURRENT_TIMESTAMP() as _loaded_at
FROM `my-project-travaux-angers`.`travaux_angers`.`travaux_angers`;


[0m02:43:04.442392 [debug] [Thread-1 (]: Opening a new connection, currently in state closed
[0m02:43:05.181784 [debug] [Thread-1 (]: BigQuery adapter: https://console.cloud.google.com/bigquery?project=my-project-travaux-angers&j=bq:US:d6d8f4ec-bda8-4eff-beb3-6c0958b50dbe&page=queryresults
[0m02:43:05.814100 [debug] [Thread-1 (]: Sending event: {'category': 'dbt', 'action': 'run_model', 'label': 'ea73a11f-b9a0-4b78-93ee-499bbf98d21c', 'context': [<snowplow_tracker.self_describing_json.SelfDescribingJson object at 0x7f283047a750>]}
[0m02:43:05.814949 [info ] [Thread-1 (]: 5 of 9 OK created sql view model travaux_angers_bronze.src_travaux_angers ...... [[32mCREATE VIEW (0 processed)[0m in 1.38s]
[0m02:43:05.815663 [debug] [Thread-1 (]: Finished running node model.travaux_angers.src_travaux_angers
[0m02:43:05.817434 [debug] [Thread-1 (]: Began running node model.travaux_angers.stg_travaux_angers
[0m02:43:05.818071 [info ] [Thread-1 (]: 6 of 9 START sql table model travaux_angers_silver.stg_travaux_angers .......... [RUN]
[0m02:43:05.818621 [debug] [Thread-1 (]: Re-using an available connection from the pool (formerly model.travaux_angers.src_travaux_angers, now model.travaux_angers.stg_travaux_angers)
[0m02:43:05.818978 [debug] [Thread-1 (]: Began compiling node model.travaux_angers.stg_travaux_angers
[0m02:43:05.824078 [debug] [Thread-1 (]: Writing injected SQL for node "model.travaux_angers.stg_travaux_angers"
[0m02:43:05.824842 [debug] [Thread-1 (]: Began executing node model.travaux_angers.stg_travaux_angers
[0m02:43:05.827681 [debug] [Thread-1 (]: Opening a new connection, currently in state closed
[0m02:43:06.244994 [debug] [Thread-1 (]: Writing runtime sql for node "model.travaux_angers.stg_travaux_angers"
[0m02:43:06.246279 [debug] [Thread-1 (]: On model.travaux_angers.stg_travaux_angers: /* {"app": "dbt", "dbt_version": "1.10.7", "profile_name": "travaux_angers", "target_name": "dev", "node_id": "model.travaux_angers.stg_travaux_angers"} */

  
    

    create or replace table `my-project-travaux-angers`.`travaux_angers_silver`.`stg_travaux_angers`
      
    
    

    
    OPTIONS()
    as (
      -- silver/stg_travaux_angers.sql
-- Données nettoyées et standardisées
WITH source AS (
    SELECT * FROM `my-project-travaux-angers`.`travaux_angers_bronze`.`src_travaux_angers`
)

SELECT
    -- Informations de base
    id,
    title as titre,
    description,
    address as adresse,

    -- Dates et durée
    TIMESTAMP(startat) as date_debut,
    TIMESTAMP(endat) as date_fin,

    -- Informations sur le trafic et le type
    traffic as impact_trafic,
    type,

    -- Coordonnées géographiques (extraites du geo_point_2d)
    CAST(JSON_EXTRACT(geo_point_2d, '$.lon') as FLOAT64) as longitude,
    CAST(JSON_EXTRACT(geo_point_2d, '$.lat') as FLOAT64) as latitude,

    -- Informations de contact
    contact,
    email,

    -- Métadonnées
    istramway as est_tramway,
    idparking as id_parking,

    -- Horodatage de mise à jour
    CURRENT_TIMESTAMP() as _updated_at
FROM source
    );
  
[0m02:43:06.812117 [debug] [Thread-1 (]: BigQuery adapter: https://console.cloud.google.com/bigquery?project=my-project-travaux-angers&j=bq:US:1b45e0b9-03af-4bcd-9e2a-b5cca3dd8d08&page=queryresults
[0m02:43:09.154419 [debug] [Thread-1 (]: Sending event: {'category': 'dbt', 'action': 'run_model', 'label': 'ea73a11f-b9a0-4b78-93ee-499bbf98d21c', 'context': [<snowplow_tracker.self_describing_json.SelfDescribingJson object at 0x7f28304797f0>]}
[0m02:43:09.156253 [info ] [Thread-1 (]: 6 of 9 OK created sql table model travaux_angers_silver.stg_travaux_angers ..... [[32mCREATE TABLE (17.1k rows, 5.4 MiB processed)[0m in 3.34s]
[0m02:43:09.157921 [debug] [Thread-1 (]: Finished running node model.travaux_angers.stg_travaux_angers
[0m02:43:09.160371 [debug] [Thread-1 (]: Began running node model.travaux_angers.dim_travaux_details
[0m02:43:09.161600 [info ] [Thread-1 (]: 7 of 9 START sql table model travaux_angers_gold.dim_travaux_details ........... [RUN]
[0m02:43:09.162672 [debug] [Thread-1 (]: Re-using an available connection from the pool (formerly model.travaux_angers.stg_travaux_angers, now model.travaux_angers.dim_travaux_details)
[0m02:43:09.163997 [debug] [Thread-1 (]: Began compiling node model.travaux_angers.dim_travaux_details
[0m02:43:09.168816 [debug] [Thread-1 (]: Writing injected SQL for node "model.travaux_angers.dim_travaux_details"
[0m02:43:09.170555 [debug] [Thread-1 (]: Began executing node model.travaux_angers.dim_travaux_details
[0m02:43:09.174499 [debug] [Thread-1 (]: Opening a new connection, currently in state closed
[0m02:43:09.580452 [debug] [Thread-1 (]: Writing runtime sql for node "model.travaux_angers.dim_travaux_details"
[0m02:43:09.582662 [debug] [Thread-1 (]: On model.travaux_angers.dim_travaux_details: /* {"app": "dbt", "dbt_version": "1.10.7", "profile_name": "travaux_angers", "target_name": "dev", "node_id": "model.travaux_angers.dim_travaux_details"} */

  
    

    create or replace table `my-project-travaux-angers`.`travaux_angers_gold`.`dim_travaux_details`
      
    
    

    
    OPTIONS()
    as (
      -- Modèle pour la visualisation des travaux actifs et leurs caractéristiques
WITH travaux_enrichis AS (
    SELECT
        *,
        TIMESTAMP_DIFF(date_fin, date_debut, DAY) as duree_jours,
        CASE
            WHEN CURRENT_TIMESTAMP() BETWEEN date_debut AND date_fin THEN 'En cours'
            WHEN CURRENT_TIMESTAMP() < date_debut THEN 'À venir'
            ELSE 'Terminé'
        END as statut
    FROM `my-project-travaux-angers`.`travaux_angers_silver`.`stg_travaux_angers`
)

SELECT
    id,
    titre,
    date_debut,
    date_fin,
    duree_jours,
    longitude,
    latitude,
    type as type_travaux,
    description,
    adresse,
    statut,
    est_tramway,
    id_parking,
    contact,
    email,
    _updated_at,
    -- Création d'une géométrie pour la visualisation cartographique
    ST_GEOGPOINT(longitude, latitude) as position
FROM travaux_enrichis
    );
  
[0m02:43:10.111268 [debug] [Thread-1 (]: BigQuery adapter: https://console.cloud.google.com/bigquery?project=my-project-travaux-angers&j=bq:US:6b5b1fd5-8026-46fb-9d00-b319cd700957&page=queryresults
[0m02:43:12.369553 [debug] [Thread-1 (]: Sending event: {'category': 'dbt', 'action': 'run_model', 'label': 'ea73a11f-b9a0-4b78-93ee-499bbf98d21c', 'context': [<snowplow_tracker.self_describing_json.SelfDescribingJson object at 0x7f2831423920>]}
[0m02:43:12.370502 [info ] [Thread-1 (]: 7 of 9 OK created sql table model travaux_angers_gold.dim_travaux_details ...... [[32mCREATE TABLE (17.1k rows, 4.9 MiB processed)[0m in 3.21s]
[0m02:43:12.371215 [debug] [Thread-1 (]: Finished running node model.travaux_angers.dim_travaux_details
[0m02:43:12.371662 [debug] [Thread-1 (]: Began running node model.travaux_angers.fct_travaux_stats
[0m02:43:12.372162 [info ] [Thread-1 (]: 8 of 9 START sql table model travaux_angers_gold.fct_travaux_stats ............. [RUN]
[0m02:43:12.372697 [debug] [Thread-1 (]: Re-using an available connection from the pool (formerly model.travaux_angers.dim_travaux_details, now model.travaux_angers.fct_travaux_stats)
[0m02:43:12.373352 [debug] [Thread-1 (]: Began compiling node model.travaux_angers.fct_travaux_stats
[0m02:43:12.377228 [debug] [Thread-1 (]: Writing injected SQL for node "model.travaux_angers.fct_travaux_stats"
[0m02:43:12.378308 [debug] [Thread-1 (]: Began executing node model.travaux_angers.fct_travaux_stats
[0m02:43:12.381659 [debug] [Thread-1 (]: Opening a new connection, currently in state closed
[0m02:43:12.774156 [debug] [Thread-1 (]: Writing runtime sql for node "model.travaux_angers.fct_travaux_stats"
[0m02:43:12.775069 [debug] [Thread-1 (]: On model.travaux_angers.fct_travaux_stats: /* {"app": "dbt", "dbt_version": "1.10.7", "profile_name": "travaux_angers", "target_name": "dev", "node_id": "model.travaux_angers.fct_travaux_stats"} */

  
    

    create or replace table `my-project-travaux-angers`.`travaux_angers_gold`.`fct_travaux_stats`
      
    
    

    
    OPTIONS()
    as (
      -- Modèle pour les analyses temporelles et les statistiques

WITH travaux_details AS (
    SELECT
        -- Clés et dimensions
        id,
        type as type_travaux,
        DATE_TRUNC(date_debut, DAY) as jour,  -- Changement à une granularité journalière

        -- Métriques temporelles
        DATE_DIFF(date_fin, date_debut, DAY) as duree_jours,
        CASE
            WHEN CURRENT_TIMESTAMP() BETWEEN date_debut AND date_fin THEN 1
            ELSE 0
        END as est_en_cours,

        -- Géolocalisation
        longitude,
        latitude,

        -- Autres informations
        titre,
        description,
        adresse
    FROM `my-project-travaux-angers`.`travaux_angers_silver`.`stg_travaux_angers`
),

statistiques_agregees AS (
    SELECT
        jour,
        type_travaux,
        -- Métriques d'agrégation
        COUNT(DISTINCT id) as nombre_travaux,
        SUM(est_en_cours) as travaux_en_cours,
        AVG(duree_jours) as duree_moyenne_jours,
        MIN(duree_jours) as duree_min_jours,
        MAX(duree_jours) as duree_max_jours,
        -- Coordonnées moyennes
        AVG(longitude) as longitude_moyenne,
        AVG(latitude) as latitude_moyenne,
        -- Liste des IDs pour jointure
        STRING_AGG(CAST(id as STRING), ',') as ids_travaux
    FROM travaux_details
    GROUP BY
        jour,
        type_travaux
)

SELECT
    -- Dimensions temporelles et type
    jour,
    type_travaux,
    ids_travaux,

    -- Métriques calculées
    nombre_travaux,
    travaux_en_cours,
    ROUND(duree_moyenne_jours, 1) as duree_moyenne_jours,
    duree_min_jours,
    duree_max_jours,

    -- Ratios et pourcentages
    SAFE_DIVIDE(travaux_en_cours, nombre_travaux) as ratio_actif,

    -- Position moyenne du groupe
    ST_GEOGPOINT(longitude_moyenne, latitude_moyenne) as position_representative,

    -- Horodatage
    CURRENT_TIMESTAMP() as _updated_at
FROM statistiques_agregees
ORDER BY
    jour DESC,
    nombre_travaux DESC
    );
  
[0m02:43:13.295846 [debug] [Thread-1 (]: BigQuery adapter: https://console.cloud.google.com/bigquery?project=my-project-travaux-angers&j=bq:US:dedf8050-72e2-424f-b462-7bd05b3267bc&page=queryresults
[0m02:43:15.473443 [debug] [Thread-1 (]: Sending event: {'category': 'dbt', 'action': 'run_model', 'label': 'ea73a11f-b9a0-4b78-93ee-499bbf98d21c', 'context': [<snowplow_tracker.self_describing_json.SelfDescribingJson object at 0x7f28304a7aa0>]}
[0m02:43:15.474298 [info ] [Thread-1 (]: 8 of 9 OK created sql table model travaux_angers_gold.fct_travaux_stats ........ [[32mCREATE TABLE (31.0 rows, 784.9 KiB processed)[0m in 3.10s]
[0m02:43:15.474940 [debug] [Thread-1 (]: Finished running node model.travaux_angers.fct_travaux_stats
[0m02:43:15.475469 [debug] [Thread-1 (]: Began running node model.travaux_angers.fct_travaux_stats_daily
[0m02:43:15.475960 [info ] [Thread-1 (]: 9 of 9 START sql table model travaux_angers_gold.fct_travaux_stats_daily ....... [RUN]
[0m02:43:15.476493 [debug] [Thread-1 (]: Re-using an available connection from the pool (formerly model.travaux_angers.fct_travaux_stats, now model.travaux_angers.fct_travaux_stats_daily)
[0m02:43:15.476859 [debug] [Thread-1 (]: Began compiling node model.travaux_angers.fct_travaux_stats_daily
[0m02:43:15.480876 [debug] [Thread-1 (]: Writing injected SQL for node "model.travaux_angers.fct_travaux_stats_daily"
[0m02:43:15.481976 [debug] [Thread-1 (]: Began executing node model.travaux_angers.fct_travaux_stats_daily
[0m02:43:15.485100 [debug] [Thread-1 (]: Opening a new connection, currently in state closed
[0m02:43:15.861288 [debug] [Thread-1 (]: Writing runtime sql for node "model.travaux_angers.fct_travaux_stats_daily"
[0m02:43:15.862754 [debug] [Thread-1 (]: On model.travaux_angers.fct_travaux_stats_daily: /* {"app": "dbt", "dbt_version": "1.10.7", "profile_name": "travaux_angers", "target_name": "dev", "node_id": "model.travaux_angers.fct_travaux_stats_daily"} */

  
    

    create or replace table `my-project-travaux-angers`.`travaux_angers_gold`.`fct_travaux_stats_daily`
      
    
    

    
    OPTIONS()
    as (
      WITH travaux_details AS (
    SELECT
        -- Clés et dimensions
        id,
        type as type_travaux,
        DATE(date_debut) as jour,  -- Date journalière

        -- Métriques temporelles
        DATE_DIFF(date_fin, date_debut, DAY) as duree_jours,
        CASE
            WHEN CURRENT_TIMESTAMP() BETWEEN date_debut AND date_fin THEN 1
            ELSE 0
        END as est_en_cours,

        -- Géolocalisation
        longitude,
        latitude,

        -- Autres informations
        titre,
        description,
        adresse
    FROM `my-project-travaux-angers`.`travaux_angers_silver`.`stg_travaux_angers`
),

statistiques_journalieres AS (
    SELECT
        jour,
        type_travaux,
        -- Métriques d'agrégation
        COUNT(DISTINCT id) as nombre_travaux,
        SUM(est_en_cours) as travaux_en_cours,
        AVG(duree_jours) as duree_moyenne_jours,
        MIN(duree_jours) as duree_min_jours,
        MAX(duree_jours) as duree_max_jours,
        -- Coordonnées moyennes
        AVG(longitude) as longitude_moyenne,
        AVG(latitude) as latitude_moyenne,
        -- Liste des IDs pour jointure
        STRING_AGG(CAST(id as STRING), ',') as ids_travaux
    FROM travaux_details
    GROUP BY
        jour,
        type_travaux
)

SELECT
    -- Dimensions temporelles et type
    jour,
    type_travaux,
    ids_travaux,

    -- Métriques calculées
    nombre_travaux,
    travaux_en_cours,
    ROUND(duree_moyenne_jours, 1) as duree_moyenne_jours,
    duree_min_jours,
    duree_max_jours,

    -- Ratios et pourcentages
    SAFE_DIVIDE(travaux_en_cours, nombre_travaux) as ratio_actif,

    -- Position moyenne du groupe
    ST_GEOGPOINT(longitude_moyenne, latitude_moyenne) as position_representative,

    -- Horodatage
    CURRENT_TIMESTAMP() as _updated_at
FROM statistiques_journalieres
ORDER BY
    jour DESC,
    nombre_travaux DESC
    );
  
[0m02:43:16.265124 [debug] [Thread-1 (]: BigQuery adapter: https://console.cloud.google.com/bigquery?project=my-project-travaux-angers&j=bq:US:b9762044-bccf-4211-9953-ba767e1a3e12&page=queryresults
[0m02:43:18.207535 [debug] [Thread-1 (]: Sending event: {'category': 'dbt', 'action': 'run_model', 'label': 'ea73a11f-b9a0-4b78-93ee-499bbf98d21c', 'context': [<snowplow_tracker.self_describing_json.SelfDescribingJson object at 0x7f28302bb8f0>]}
[0m02:43:18.208369 [info ] [Thread-1 (]: 9 of 9 OK created sql table model travaux_angers_gold.fct_travaux_stats_daily .. [[32mCREATE TABLE (31.0 rows, 784.9 KiB processed)[0m in 2.73s]
[0m02:43:18.209056 [debug] [Thread-1 (]: Finished running node model.travaux_angers.fct_travaux_stats_daily
[0m02:43:18.211811 [debug] [MainThread]: Opening a new connection, currently in state closed
[0m02:43:18.252883 [debug] [MainThread]: Connection 'master' was properly closed.
[0m02:43:18.253319 [debug] [MainThread]: Connection 'model.travaux_angers.fct_travaux_stats_daily' was properly closed.
[0m02:43:18.253711 [info ] [MainThread]: 
[0m02:43:18.254103 [info ] [MainThread]: Finished running 5 table models, 4 view models in 0 hours 0 minutes and 22.49 seconds (22.49s).
[0m02:43:18.255790 [debug] [MainThread]: Command end result
[0m02:43:18.286364 [debug] [MainThread]: Wrote artifact WritableManifest to /usr/ELT_Travaux_Angers/dbt/target/manifest.json
[0m02:43:18.288365 [debug] [MainThread]: Wrote artifact SemanticManifest to /usr/ELT_Travaux_Angers/dbt/target/semantic_manifest.json
[0m02:43:18.295616 [debug] [MainThread]: Wrote artifact RunExecutionResult to /usr/ELT_Travaux_Angers/dbt/target/run_results.json
[0m02:43:18.296054 [info ] [MainThread]: 
[0m02:43:18.296450 [info ] [MainThread]: [31mCompleted with 1 error, 0 partial successes, and 0 warnings:[0m
[0m02:43:18.296775 [info ] [MainThread]: 
[0m02:43:18.297167 [error] [MainThread]: [31mFailure in model fct_travaux_stats_monthly (models/gold/fct_travaux_stats_monthly.sql)[0m
[0m02:43:18.297512 [error] [MainThread]:   Database Error in model fct_travaux_stats_monthly (models/gold/fct_travaux_stats_monthly.sql)
  Unrecognized name: x at [30:9]
  compiled code at target/run/travaux_angers/models/gold/fct_travaux_stats_monthly.sql
[0m02:43:18.297774 [info ] [MainThread]: 
[0m02:43:18.298138 [info ] [MainThread]:   compiled code at target/compiled/travaux_angers/models/gold/fct_travaux_stats_monthly.sql
[0m02:43:18.298434 [info ] [MainThread]: 
[0m02:43:18.298744 [info ] [MainThread]: Done. PASS=8 WARN=0 ERROR=1 SKIP=0 NO-OP=0 TOTAL=9
[0m02:43:18.299738 [debug] [MainThread]: Resource report: {"command_name": "run", "command_success": false, "command_wall_clock_time": 26.298193, "process_in_blocks": "0", "process_kernel_time": 0.515428, "process_mem_max_rss": "410352", "process_out_blocks": "3080", "process_user_time": 7.812272}
[0m02:43:18.300202 [debug] [MainThread]: Command `dbt run` failed at 02:43:18.300107 after 26.30 seconds
[0m02:43:18.300561 [debug] [MainThread]: Sending event: {'category': 'dbt', 'action': 'invocation', 'label': 'end', 'context': [<snowplow_tracker.self_describing_json.SelfDescribingJson object at 0x7f28661e0bf0>, <snowplow_tracker.self_describing_json.SelfDescribingJson object at 0x7f2866076c00>, <snowplow_tracker.self_describing_json.SelfDescribingJson object at 0x7f286613f200>]}
[0m02:43:18.300895 [debug] [MainThread]: Flushing usage events
[0m02:43:18.825921 [debug] [MainThread]: An error was encountered while trying to flush usage events
[0m02:49:28.654268 [debug] [MainThread]: Sending event: {'category': 'dbt', 'action': 'invocation', 'label': 'start', 'context': [<snowplow_tracker.self_describing_json.SelfDescribingJson object at 0x7f134a5528a0>, <snowplow_tracker.self_describing_json.SelfDescribingJson object at 0x7f134a09ef00>, <snowplow_tracker.self_describing_json.SelfDescribingJson object at 0x7f134a7b3fe0>]}


============================== 02:49:28.668074 | 7d509da8-5850-4b31-98cb-ef7dd371a4fb ==============================
[0m02:49:28.668074 [info ] [MainThread]: Running with dbt=1.10.7
[0m02:49:28.668720 [debug] [MainThread]: running dbt with arguments {'printer_width': '80', 'indirect_selection': 'eager', 'write_json': 'True', 'log_cache_events': 'False', 'partial_parse': 'True', 'cache_selected_only': 'False', 'warn_error': 'None', 'debug': 'False', 'version_check': 'True', 'log_path': '/usr/ELT_Travaux_Angers/dbt/logs', 'profiles_dir': '/usr/ELT_Travaux_Angers/dbt', 'fail_fast': 'False', 'use_colors': 'True', 'use_experimental_parser': 'False', 'empty': 'None', 'quiet': 'False', 'no_print': 'None', 'log_format': 'default', 'invocation_command': 'dbt deps', 'static_parser': 'True', 'warn_error_options': 'WarnErrorOptionsV2(error=[], warn=[], silence=[])', 'target_path': 'None', 'introspect': 'True', 'send_anonymous_usage_stats': 'True'}
[0m02:49:28.901298 [debug] [MainThread]: Sending event: {'category': 'dbt', 'action': 'project_id', 'label': '7d509da8-5850-4b31-98cb-ef7dd371a4fb', 'context': [<snowplow_tracker.self_describing_json.SelfDescribingJson object at 0x7f1349efb0e0>]}
[0m02:49:28.981901 [debug] [MainThread]: Set downloads directory='/tmp/dbt-downloads-r58fo1ox'
[0m02:49:28.982560 [debug] [MainThread]: Making package index registry request: GET https://hub.getdbt.com/api/v1/index.json
[0m02:49:29.059235 [debug] [MainThread]: Response from registry index: GET https://hub.getdbt.com/api/v1/index.json 200
[0m02:49:29.060450 [debug] [MainThread]: Making package registry request: GET https://hub.getdbt.com/api/v1/dbt-labs/dbt_utils.json
[0m02:49:29.113041 [debug] [MainThread]: Response from registry: GET https://hub.getdbt.com/api/v1/dbt-labs/dbt_utils.json 200
[0m02:49:29.117216 [info ] [MainThread]: Installing dbt-labs/dbt_utils
[0m02:49:29.465389 [info ] [MainThread]: Installed from version 1.1.1
[0m02:49:29.465958 [info ] [MainThread]: Updated version available: 1.3.0
[0m02:49:29.466380 [debug] [MainThread]: Sending event: {'category': 'dbt', 'action': 'package', 'label': '7d509da8-5850-4b31-98cb-ef7dd371a4fb', 'property_': 'install', 'context': [<snowplow_tracker.self_describing_json.SelfDescribingJson object at 0x7f134a553140>, <snowplow_tracker.self_describing_json.SelfDescribingJson object at 0x7f1349f5d1c0>]}
[0m02:49:29.466738 [info ] [MainThread]: 
[0m02:49:29.467077 [info ] [MainThread]: Updates available for packages: ['dbt-labs/dbt_utils']                 
Update your versions in packages.yml, then run dbt deps
[0m02:49:29.469385 [debug] [MainThread]: Resource report: {"command_name": "deps", "command_success": true, "command_wall_clock_time": 0.8854271, "process_in_blocks": "0", "process_kernel_time": 1.216321, "process_mem_max_rss": "106284", "process_out_blocks": "2224", "process_user_time": 2.085123}
[0m02:49:29.469917 [debug] [MainThread]: Command `dbt deps` succeeded at 02:49:29.469811 after 0.89 seconds
[0m02:49:29.470261 [debug] [MainThread]: Sending event: {'category': 'dbt', 'action': 'invocation', 'label': 'end', 'context': [<snowplow_tracker.self_describing_json.SelfDescribingJson object at 0x7f134cb917c0>, <snowplow_tracker.self_describing_json.SelfDescribingJson object at 0x7f134a0d1580>, <snowplow_tracker.self_describing_json.SelfDescribingJson object at 0x7f134a34c980>]}
[0m02:49:29.470817 [debug] [MainThread]: Flushing usage events
[0m02:49:29.878234 [debug] [MainThread]: An error was encountered while trying to flush usage events
[0m02:49:31.961268 [debug] [MainThread]: Sending event: {'category': 'dbt', 'action': 'invocation', 'label': 'start', 'context': [<snowplow_tracker.self_describing_json.SelfDescribingJson object at 0x7fe225a04380>, <snowplow_tracker.self_describing_json.SelfDescribingJson object at 0x7fe225682030>, <snowplow_tracker.self_describing_json.SelfDescribingJson object at 0x7fe22784c6e0>]}


============================== 02:49:31.964548 | bb332fcb-4f17-423f-b6de-d8ca48909bb3 ==============================
[0m02:49:31.964548 [info ] [MainThread]: Running with dbt=1.10.7
[0m02:49:31.965129 [debug] [MainThread]: running dbt with arguments {'printer_width': '80', 'indirect_selection': 'eager', 'log_cache_events': 'False', 'write_json': 'True', 'partial_parse': 'True', 'cache_selected_only': 'False', 'profiles_dir': '/usr/ELT_Travaux_Angers/dbt', 'version_check': 'True', 'fail_fast': 'False', 'log_path': '/usr/ELT_Travaux_Angers/dbt/logs', 'warn_error': 'None', 'debug': 'False', 'use_colors': 'True', 'use_experimental_parser': 'False', 'empty': 'False', 'quiet': 'False', 'no_print': 'None', 'warn_error_options': 'WarnErrorOptionsV2(error=[], warn=[], silence=[])', 'introspect': 'True', 'invocation_command': 'dbt run', 'log_format': 'default', 'target_path': 'None', 'static_parser': 'True', 'send_anonymous_usage_stats': 'True'}
[0m02:49:39.951397 [debug] [MainThread]: Sending event: {'category': 'dbt', 'action': 'project_id', 'label': 'bb332fcb-4f17-423f-b6de-d8ca48909bb3', 'context': [<snowplow_tracker.self_describing_json.SelfDescribingJson object at 0x7fe1f0dcfda0>]}
[0m02:49:40.031017 [debug] [MainThread]: Sending event: {'category': 'dbt', 'action': 'adapter_info', 'label': 'bb332fcb-4f17-423f-b6de-d8ca48909bb3', 'context': [<snowplow_tracker.self_describing_json.SelfDescribingJson object at 0x7fe1f0d0be60>]}
[0m02:49:40.031877 [info ] [MainThread]: Registered adapter: bigquery=1.10.1
[0m02:49:40.238732 [debug] [MainThread]: checksum: 44f4b502e2ddc67beed4db71ce39b63f2d3b7fc0b96e49a69b096c8f6cc370bc, vars: {}, profile: , target: , version: 1.10.7
[0m02:49:40.505993 [debug] [MainThread]: Partial parsing enabled: 0 files deleted, 0 files added, 1 files changed.
[0m02:49:40.506838 [debug] [MainThread]: Partial parsing: updated file: travaux_angers://models/gold/fct_travaux_stats_monthly.sql
[0m02:49:40.919057 [debug] [MainThread]: Sending event: {'category': 'dbt', 'action': 'load_project', 'label': 'bb332fcb-4f17-423f-b6de-d8ca48909bb3', 'context': [<snowplow_tracker.self_describing_json.SelfDescribingJson object at 0x7fe1f05c9fa0>]}
[0m02:49:41.049102 [debug] [MainThread]: Wrote artifact WritableManifest to /usr/ELT_Travaux_Angers/dbt/target/manifest.json
[0m02:49:41.051771 [debug] [MainThread]: Wrote artifact SemanticManifest to /usr/ELT_Travaux_Angers/dbt/target/semantic_manifest.json
[0m02:49:41.090975 [debug] [MainThread]: Sending event: {'category': 'dbt', 'action': 'resource_counts', 'label': 'bb332fcb-4f17-423f-b6de-d8ca48909bb3', 'context': [<snowplow_tracker.self_describing_json.SelfDescribingJson object at 0x7fe1f05c7470>]}
[0m02:49:41.091634 [info ] [MainThread]: Found 9 models, 1 analysis, 17 data tests, 1 source, 610 macros
[0m02:49:41.092068 [debug] [MainThread]: Sending event: {'category': 'dbt', 'action': 'runnable_timing', 'label': 'bb332fcb-4f17-423f-b6de-d8ca48909bb3', 'context': [<snowplow_tracker.self_describing_json.SelfDescribingJson object at 0x7fe1f0828e00>]}
[0m02:49:41.094344 [info ] [MainThread]: 
[0m02:49:41.094772 [info ] [MainThread]: Concurrency: 1 threads (target='dev')
[0m02:49:41.095080 [info ] [MainThread]: 
[0m02:49:41.095671 [debug] [MainThread]: Acquiring new bigquery connection 'master'
[0m02:49:41.100888 [debug] [ThreadPool]: Acquiring new bigquery connection 'list_my-project-travaux-angers'
[0m02:49:41.101322 [debug] [ThreadPool]: Opening a new connection, currently in state init
[0m02:49:41.555218 [debug] [ThreadPool]: Opening a new connection, currently in state closed
[0m02:49:42.003420 [debug] [ThreadPool]: Opening a new connection, currently in state closed
[0m02:49:42.444600 [debug] [ThreadPool]: Opening a new connection, currently in state closed
[0m02:49:42.903803 [debug] [ThreadPool]: Re-using an available connection from the pool (formerly list_my-project-travaux-angers, now list_my-project-travaux-angers_travaux_angers_gold)
[0m02:49:42.905249 [debug] [ThreadPool]: Opening a new connection, currently in state closed
[0m02:49:43.341487 [debug] [ThreadPool]: Re-using an available connection from the pool (formerly list_my-project-travaux-angers_travaux_angers_gold, now list_my-project-travaux-angers_travaux_angers_silver)
[0m02:49:43.344155 [debug] [ThreadPool]: Opening a new connection, currently in state closed
[0m02:49:43.837940 [debug] [ThreadPool]: Re-using an available connection from the pool (formerly list_my-project-travaux-angers_travaux_angers_silver, now list_my-project-travaux-angers_travaux_angers)
[0m02:49:43.839480 [debug] [ThreadPool]: Opening a new connection, currently in state closed
[0m02:49:44.252739 [debug] [ThreadPool]: Re-using an available connection from the pool (formerly list_my-project-travaux-angers_travaux_angers, now list_my-project-travaux-angers_travaux_angers_bronze)
[0m02:49:44.253246 [debug] [ThreadPool]: Opening a new connection, currently in state closed
[0m02:49:44.631492 [debug] [MainThread]: Sending event: {'category': 'dbt', 'action': 'runnable_timing', 'label': 'bb332fcb-4f17-423f-b6de-d8ca48909bb3', 'context': [<snowplow_tracker.self_describing_json.SelfDescribingJson object at 0x7fe2275af530>]}
[0m02:49:44.632109 [debug] [MainThread]: Opening a new connection, currently in state init
[0m02:49:44.676527 [debug] [Thread-1 (]: Began running node model.travaux_angers.analyse_types
[0m02:49:44.677754 [info ] [Thread-1 (]: 1 of 9 START sql view model travaux_angers.analyse_types ....................... [RUN]
[0m02:49:44.678407 [debug] [Thread-1 (]: Re-using an available connection from the pool (formerly list_my-project-travaux-angers_travaux_angers_bronze, now model.travaux_angers.analyse_types)
[0m02:49:44.678829 [debug] [Thread-1 (]: Began compiling node model.travaux_angers.analyse_types
[0m02:49:44.689276 [debug] [Thread-1 (]: Writing injected SQL for node "model.travaux_angers.analyse_types"
[0m02:49:44.690755 [debug] [Thread-1 (]: Began executing node model.travaux_angers.analyse_types
[0m02:49:44.735291 [debug] [Thread-1 (]: Writing runtime sql for node "model.travaux_angers.analyse_types"
[0m02:49:44.737483 [debug] [Thread-1 (]: On model.travaux_angers.analyse_types: /* {"app": "dbt", "dbt_version": "1.10.7", "profile_name": "travaux_angers", "target_name": "dev", "node_id": "model.travaux_angers.analyse_types"} */


  create or replace view `my-project-travaux-angers`.`travaux_angers`.`analyse_types`
  OPTIONS()
  as 

SELECT
    type as type_travaux,
    COUNT(*) as nombre_total,
    COUNT(DISTINCT DATE_TRUNC(startat, MONTH)) as nombre_mois_distincts
FROM `my-project-travaux-angers`.`travaux_angers`.`travaux_angers`
GROUP BY type
ORDER BY nombre_total DESC;


[0m02:49:44.738357 [debug] [Thread-1 (]: Opening a new connection, currently in state closed
[0m02:49:45.426021 [debug] [Thread-1 (]: BigQuery adapter: https://console.cloud.google.com/bigquery?project=my-project-travaux-angers&j=bq:US:22b4b0bc-bca6-4064-8dff-a6beb842c1d4&page=queryresults
[0m02:49:46.353099 [debug] [Thread-1 (]: Sending event: {'category': 'dbt', 'action': 'run_model', 'label': 'bb332fcb-4f17-423f-b6de-d8ca48909bb3', 'context': [<snowplow_tracker.self_describing_json.SelfDescribingJson object at 0x7fe1f3a139e0>]}
[0m02:49:46.354538 [info ] [Thread-1 (]: 1 of 9 OK created sql view model travaux_angers.analyse_types .................. [[32mCREATE VIEW (0 processed)[0m in 1.67s]
[0m02:49:46.355316 [debug] [Thread-1 (]: Finished running node model.travaux_angers.analyse_types
[0m02:49:46.355807 [debug] [Thread-1 (]: Began running node model.travaux_angers.check_columns
[0m02:49:46.356570 [info ] [Thread-1 (]: 2 of 9 START sql view model travaux_angers.check_columns ....................... [RUN]
[0m02:49:46.357143 [debug] [Thread-1 (]: Re-using an available connection from the pool (formerly model.travaux_angers.analyse_types, now model.travaux_angers.check_columns)
[0m02:49:46.357517 [debug] [Thread-1 (]: Began compiling node model.travaux_angers.check_columns
[0m02:49:46.362327 [debug] [Thread-1 (]: Writing injected SQL for node "model.travaux_angers.check_columns"
[0m02:49:46.363705 [debug] [Thread-1 (]: Began executing node model.travaux_angers.check_columns
[0m02:49:46.370141 [debug] [Thread-1 (]: Writing runtime sql for node "model.travaux_angers.check_columns"
[0m02:49:46.371246 [debug] [Thread-1 (]: On model.travaux_angers.check_columns: /* {"app": "dbt", "dbt_version": "1.10.7", "profile_name": "travaux_angers", "target_name": "dev", "node_id": "model.travaux_angers.check_columns"} */


  create or replace view `my-project-travaux-angers`.`travaux_angers`.`check_columns`
  OPTIONS()
  as 

SELECT *
FROM `my-project-travaux-angers`.`travaux_angers`.`travaux_angers`
LIMIT 1;


[0m02:49:46.371778 [debug] [Thread-1 (]: Opening a new connection, currently in state closed
[0m02:49:46.986552 [debug] [Thread-1 (]: BigQuery adapter: https://console.cloud.google.com/bigquery?project=my-project-travaux-angers&j=bq:US:56ee6783-7cb5-4e88-a5ed-58e9dc522a80&page=queryresults
[0m02:49:47.436539 [debug] [Thread-1 (]: Sending event: {'category': 'dbt', 'action': 'run_model', 'label': 'bb332fcb-4f17-423f-b6de-d8ca48909bb3', 'context': [<snowplow_tracker.self_describing_json.SelfDescribingJson object at 0x7fe1e85cf530>]}
[0m02:49:47.437343 [info ] [Thread-1 (]: 2 of 9 OK created sql view model travaux_angers.check_columns .................. [[32mCREATE VIEW (0 processed)[0m in 1.08s]
[0m02:49:47.437976 [debug] [Thread-1 (]: Finished running node model.travaux_angers.check_columns
[0m02:49:47.438476 [debug] [Thread-1 (]: Began running node model.travaux_angers.check_source
[0m02:49:47.439204 [info ] [Thread-1 (]: 3 of 9 START sql view model travaux_angers.check_source ........................ [RUN]
[0m02:49:47.439720 [debug] [Thread-1 (]: Re-using an available connection from the pool (formerly model.travaux_angers.check_columns, now model.travaux_angers.check_source)
[0m02:49:47.440050 [debug] [Thread-1 (]: Began compiling node model.travaux_angers.check_source
[0m02:49:47.443167 [debug] [Thread-1 (]: Writing injected SQL for node "model.travaux_angers.check_source"
[0m02:49:47.443964 [debug] [Thread-1 (]: Began executing node model.travaux_angers.check_source
[0m02:49:47.447137 [debug] [Thread-1 (]: Writing runtime sql for node "model.travaux_angers.check_source"
[0m02:49:47.449100 [debug] [Thread-1 (]: On model.travaux_angers.check_source: /* {"app": "dbt", "dbt_version": "1.10.7", "profile_name": "travaux_angers", "target_name": "dev", "node_id": "model.travaux_angers.check_source"} */


  create or replace view `my-project-travaux-angers`.`travaux_angers`.`check_source`
  OPTIONS()
  as 

SELECT
    column_name,
    data_type
FROM `my-project-travaux-angers.travaux_angers`.INFORMATION_SCHEMA.COLUMNS
WHERE table_name = 'travaux_angers'
ORDER BY ordinal_position;


[0m02:49:47.449568 [debug] [Thread-1 (]: Opening a new connection, currently in state closed
[0m02:49:48.144632 [debug] [Thread-1 (]: BigQuery adapter: https://console.cloud.google.com/bigquery?project=my-project-travaux-angers&j=bq:US:4b79ef66-f682-47ec-a30e-7f8c04bed23e&page=queryresults
[0m02:49:48.591258 [debug] [Thread-1 (]: Sending event: {'category': 'dbt', 'action': 'run_model', 'label': 'bb332fcb-4f17-423f-b6de-d8ca48909bb3', 'context': [<snowplow_tracker.self_describing_json.SelfDescribingJson object at 0x7fe1e8608bc0>]}
[0m02:49:48.592066 [info ] [Thread-1 (]: 3 of 9 OK created sql view model travaux_angers.check_source ................... [[32mCREATE VIEW (0 processed)[0m in 1.15s]
[0m02:49:48.592686 [debug] [Thread-1 (]: Finished running node model.travaux_angers.check_source
[0m02:49:48.593088 [debug] [Thread-1 (]: Began running node model.travaux_angers.fct_travaux_stats_monthly
[0m02:49:48.593550 [info ] [Thread-1 (]: 4 of 9 START sql table model travaux_angers_gold.fct_travaux_stats_monthly ..... [RUN]
[0m02:49:48.594011 [debug] [Thread-1 (]: Re-using an available connection from the pool (formerly model.travaux_angers.check_source, now model.travaux_angers.fct_travaux_stats_monthly)
[0m02:49:48.594372 [debug] [Thread-1 (]: Began compiling node model.travaux_angers.fct_travaux_stats_monthly
[0m02:49:48.597518 [debug] [Thread-1 (]: Writing injected SQL for node "model.travaux_angers.fct_travaux_stats_monthly"
[0m02:49:48.598388 [debug] [Thread-1 (]: Began executing node model.travaux_angers.fct_travaux_stats_monthly
[0m02:49:48.611192 [debug] [Thread-1 (]: Opening a new connection, currently in state closed
[0m02:49:49.000403 [debug] [Thread-1 (]: Writing runtime sql for node "model.travaux_angers.fct_travaux_stats_monthly"
[0m02:49:49.001577 [debug] [Thread-1 (]: On model.travaux_angers.fct_travaux_stats_monthly: /* {"app": "dbt", "dbt_version": "1.10.7", "profile_name": "travaux_angers", "target_name": "dev", "node_id": "model.travaux_angers.fct_travaux_stats_monthly"} */

  
    

    create or replace table `my-project-travaux-angers`.`travaux_angers_gold`.`fct_travaux_stats_monthly`
      
    
    

    
    OPTIONS()
    as (
      WITH travaux_details AS (
    SELECT
        -- Clés et dimensions
        id,
        type as type_travaux,
        DATE_TRUNC(startat, MONTH) as mois,  -- Date mensuelle
        startat as date_debut,

        -- Métriques temporelles
        DATE_DIFF(endat, startat, DAY) as duree_jours,
        CASE
            WHEN CURRENT_TIMESTAMP() BETWEEN startat AND endat THEN 1
            ELSE 0
        END as est_en_cours,

        -- Géolocalisation
        ST_X(position) as longitude,  -- Extraction de la longitude depuis la position
        ST_Y(position) as latitude,   -- Extraction de la latitude depuis la position

        -- Autres informations
        title as titre,
        description,
        address as adresse
    FROM `my-project-travaux-angers`.`travaux_angers`.`travaux_angers`
),

statistiques_mensuelles AS (
    SELECT
        mois,
        type_travaux,
        -- Métriques d'agrégation
        COUNT(DISTINCT id) as nombre_travaux,
        SUM(est_en_cours) as travaux_en_cours,
        AVG(duree_jours) as duree_moyenne_jours,
        MIN(duree_jours) as duree_min_jours,
        MAX(duree_jours) as duree_max_jours,
        -- Statistiques additionnelles mensuelles
        COUNT(DISTINCT DATE(date_debut)) as nombre_jours_avec_nouveaux_travaux,
        -- Coordonnées moyennes
        AVG(longitude) as longitude_moyenne,
        AVG(latitude) as latitude_moyenne,
        -- Liste des IDs pour jointure
        STRING_AGG(CAST(id as STRING), ',') as ids_travaux
    FROM travaux_details
    GROUP BY
        mois,
        type_travaux
)

SELECT
    -- Dimensions temporelles et type
    mois,
    type_travaux,
    ids_travaux,

    -- Métriques calculées
    nombre_travaux,
    travaux_en_cours,
    ROUND(duree_moyenne_jours, 1) as duree_moyenne_jours,
    duree_min_jours,
    duree_max_jours,
    nombre_jours_avec_nouveaux_travaux,

    -- Ratios et pourcentages
    SAFE_DIVIDE(travaux_en_cours, nombre_travaux) as ratio_actif,

    -- Position moyenne du groupe
    ST_GEOGPOINT(longitude_moyenne, latitude_moyenne) as position_representative,

    -- Horodatage
    CURRENT_TIMESTAMP() as _updated_at
FROM statistiques_mensuelles
ORDER BY
    mois DESC,
    nombre_travaux DESC
    );
  
[0m02:49:49.571563 [debug] [Thread-1 (]: BigQuery adapter: https://console.cloud.google.com/bigquery?project=my-project-travaux-angers&j=bq:US:6f41eedc-5f89-4a2f-9e62-712b8480c603&page=queryresults
[0m02:49:49.753497 [error] [Thread-1 (]: BigQuery adapter: https://console.cloud.google.com/bigquery?project=my-project-travaux-angers&j=bq:US:6f41eedc-5f89-4a2f-9e62-712b8480c603&page=queryresults
[0m02:49:49.772420 [debug] [Thread-1 (]: Database Error in model fct_travaux_stats_monthly (models/gold/fct_travaux_stats_monthly.sql)
  Unrecognized name: position; Did you mean location? at [30:14]
  compiled code at target/run/travaux_angers/models/gold/fct_travaux_stats_monthly.sql
[0m02:49:49.773140 [debug] [Thread-1 (]: Sending event: {'category': 'dbt', 'action': 'run_model', 'label': 'bb332fcb-4f17-423f-b6de-d8ca48909bb3', 'context': [<snowplow_tracker.self_describing_json.SelfDescribingJson object at 0x7fe1eab0c6e0>]}
[0m02:49:49.773845 [error] [Thread-1 (]: 4 of 9 ERROR creating sql table model travaux_angers_gold.fct_travaux_stats_monthly  [[31mERROR[0m in 1.18s]
[0m02:49:49.774519 [debug] [Thread-1 (]: Finished running node model.travaux_angers.fct_travaux_stats_monthly
[0m02:49:49.774970 [debug] [Thread-1 (]: Began running node model.travaux_angers.src_travaux_angers
[0m02:49:49.776298 [debug] [Thread-4 (]: Marking all children of 'model.travaux_angers.fct_travaux_stats_monthly' to be skipped because of status 'error'.  Reason: Database Error in model fct_travaux_stats_monthly (models/gold/fct_travaux_stats_monthly.sql)
  Unrecognized name: position; Did you mean location? at [30:14]
  compiled code at target/run/travaux_angers/models/gold/fct_travaux_stats_monthly.sql.
[0m02:49:49.775447 [info ] [Thread-1 (]: 5 of 9 START sql view model travaux_angers_bronze.src_travaux_angers ........... [RUN]
[0m02:49:49.778852 [debug] [Thread-1 (]: Re-using an available connection from the pool (formerly model.travaux_angers.fct_travaux_stats_monthly, now model.travaux_angers.src_travaux_angers)
[0m02:49:49.779346 [debug] [Thread-1 (]: Began compiling node model.travaux_angers.src_travaux_angers
[0m02:49:49.783480 [debug] [Thread-1 (]: Writing injected SQL for node "model.travaux_angers.src_travaux_angers"
[0m02:49:49.785005 [debug] [Thread-1 (]: Began executing node model.travaux_angers.src_travaux_angers
[0m02:49:49.789447 [debug] [Thread-1 (]: Writing runtime sql for node "model.travaux_angers.src_travaux_angers"
[0m02:49:49.790711 [debug] [Thread-1 (]: On model.travaux_angers.src_travaux_angers: /* {"app": "dbt", "dbt_version": "1.10.7", "profile_name": "travaux_angers", "target_name": "dev", "node_id": "model.travaux_angers.src_travaux_angers"} */


  create or replace view `my-project-travaux-angers`.`travaux_angers_bronze`.`src_travaux_angers`
  OPTIONS()
  as -- bronze/src_travaux_angers.sql
-- Source brute des données de travaux
SELECT
    *,
    CURRENT_TIMESTAMP() as _loaded_at
FROM `my-project-travaux-angers`.`travaux_angers`.`travaux_angers`;


[0m02:49:49.791202 [debug] [Thread-1 (]: Opening a new connection, currently in state closed
[0m02:49:50.312077 [debug] [Thread-1 (]: BigQuery adapter: https://console.cloud.google.com/bigquery?project=my-project-travaux-angers&j=bq:US:a2b20e23-4955-4c54-8c4b-f46f13dec8c2&page=queryresults
[0m02:49:50.767831 [debug] [Thread-1 (]: Sending event: {'category': 'dbt', 'action': 'run_model', 'label': 'bb332fcb-4f17-423f-b6de-d8ca48909bb3', 'context': [<snowplow_tracker.self_describing_json.SelfDescribingJson object at 0x7fe1eab2dfa0>]}
[0m02:49:50.768765 [info ] [Thread-1 (]: 5 of 9 OK created sql view model travaux_angers_bronze.src_travaux_angers ...... [[32mCREATE VIEW (0 processed)[0m in 0.99s]
[0m02:49:50.769428 [debug] [Thread-1 (]: Finished running node model.travaux_angers.src_travaux_angers
[0m02:49:50.771087 [debug] [Thread-1 (]: Began running node model.travaux_angers.stg_travaux_angers
[0m02:49:50.771935 [info ] [Thread-1 (]: 6 of 9 START sql table model travaux_angers_silver.stg_travaux_angers .......... [RUN]
[0m02:49:50.772466 [debug] [Thread-1 (]: Re-using an available connection from the pool (formerly model.travaux_angers.src_travaux_angers, now model.travaux_angers.stg_travaux_angers)
[0m02:49:50.772823 [debug] [Thread-1 (]: Began compiling node model.travaux_angers.stg_travaux_angers
[0m02:49:50.776596 [debug] [Thread-1 (]: Writing injected SQL for node "model.travaux_angers.stg_travaux_angers"
[0m02:49:50.777515 [debug] [Thread-1 (]: Began executing node model.travaux_angers.stg_travaux_angers
[0m02:49:50.782690 [debug] [Thread-1 (]: Opening a new connection, currently in state closed
[0m02:49:51.209338 [debug] [Thread-1 (]: Writing runtime sql for node "model.travaux_angers.stg_travaux_angers"
[0m02:49:51.210574 [debug] [Thread-1 (]: On model.travaux_angers.stg_travaux_angers: /* {"app": "dbt", "dbt_version": "1.10.7", "profile_name": "travaux_angers", "target_name": "dev", "node_id": "model.travaux_angers.stg_travaux_angers"} */

  
    

    create or replace table `my-project-travaux-angers`.`travaux_angers_silver`.`stg_travaux_angers`
      
    
    

    
    OPTIONS()
    as (
      -- silver/stg_travaux_angers.sql
-- Données nettoyées et standardisées
WITH source AS (
    SELECT * FROM `my-project-travaux-angers`.`travaux_angers_bronze`.`src_travaux_angers`
)

SELECT
    -- Informations de base
    id,
    title as titre,
    description,
    address as adresse,

    -- Dates et durée
    TIMESTAMP(startat) as date_debut,
    TIMESTAMP(endat) as date_fin,

    -- Informations sur le trafic et le type
    traffic as impact_trafic,
    type,

    -- Coordonnées géographiques (extraites du geo_point_2d)
    CAST(JSON_EXTRACT(geo_point_2d, '$.lon') as FLOAT64) as longitude,
    CAST(JSON_EXTRACT(geo_point_2d, '$.lat') as FLOAT64) as latitude,

    -- Informations de contact
    contact,
    email,

    -- Métadonnées
    istramway as est_tramway,
    idparking as id_parking,

    -- Horodatage de mise à jour
    CURRENT_TIMESTAMP() as _updated_at
FROM source
    );
  
[0m02:49:51.753643 [debug] [Thread-1 (]: BigQuery adapter: https://console.cloud.google.com/bigquery?project=my-project-travaux-angers&j=bq:US:6f282a79-8dac-4bd7-9584-93686c96a222&page=queryresults
[0m02:49:53.990036 [debug] [Thread-1 (]: Sending event: {'category': 'dbt', 'action': 'run_model', 'label': 'bb332fcb-4f17-423f-b6de-d8ca48909bb3', 'context': [<snowplow_tracker.self_describing_json.SelfDescribingJson object at 0x7fe1e8384e90>]}
[0m02:49:53.990941 [info ] [Thread-1 (]: 6 of 9 OK created sql table model travaux_angers_silver.stg_travaux_angers ..... [[32mCREATE TABLE (18.1k rows, 5.7 MiB processed)[0m in 3.22s]
[0m02:49:53.991578 [debug] [Thread-1 (]: Finished running node model.travaux_angers.stg_travaux_angers
[0m02:49:53.992873 [debug] [Thread-1 (]: Began running node model.travaux_angers.dim_travaux_details
[0m02:49:53.993436 [info ] [Thread-1 (]: 7 of 9 START sql table model travaux_angers_gold.dim_travaux_details ........... [RUN]
[0m02:49:53.993914 [debug] [Thread-1 (]: Re-using an available connection from the pool (formerly model.travaux_angers.stg_travaux_angers, now model.travaux_angers.dim_travaux_details)
[0m02:49:53.994280 [debug] [Thread-1 (]: Began compiling node model.travaux_angers.dim_travaux_details
[0m02:49:53.997342 [debug] [Thread-1 (]: Writing injected SQL for node "model.travaux_angers.dim_travaux_details"
[0m02:49:53.998151 [debug] [Thread-1 (]: Began executing node model.travaux_angers.dim_travaux_details
[0m02:49:54.000596 [debug] [Thread-1 (]: Opening a new connection, currently in state closed
[0m02:49:54.378683 [debug] [Thread-1 (]: Writing runtime sql for node "model.travaux_angers.dim_travaux_details"
[0m02:49:54.379790 [debug] [Thread-1 (]: On model.travaux_angers.dim_travaux_details: /* {"app": "dbt", "dbt_version": "1.10.7", "profile_name": "travaux_angers", "target_name": "dev", "node_id": "model.travaux_angers.dim_travaux_details"} */

  
    

    create or replace table `my-project-travaux-angers`.`travaux_angers_gold`.`dim_travaux_details`
      
    
    

    
    OPTIONS()
    as (
      -- Modèle pour la visualisation des travaux actifs et leurs caractéristiques
WITH travaux_enrichis AS (
    SELECT
        *,
        TIMESTAMP_DIFF(date_fin, date_debut, DAY) as duree_jours,
        CASE
            WHEN CURRENT_TIMESTAMP() BETWEEN date_debut AND date_fin THEN 'En cours'
            WHEN CURRENT_TIMESTAMP() < date_debut THEN 'À venir'
            ELSE 'Terminé'
        END as statut
    FROM `my-project-travaux-angers`.`travaux_angers_silver`.`stg_travaux_angers`
)

SELECT
    id,
    titre,
    date_debut,
    date_fin,
    duree_jours,
    longitude,
    latitude,
    type as type_travaux,
    description,
    adresse,
    statut,
    est_tramway,
    id_parking,
    contact,
    email,
    _updated_at,
    -- Création d'une géométrie pour la visualisation cartographique
    ST_GEOGPOINT(longitude, latitude) as position
FROM travaux_enrichis
    );
  
[0m02:49:54.921242 [debug] [Thread-1 (]: BigQuery adapter: https://console.cloud.google.com/bigquery?project=my-project-travaux-angers&j=bq:US:218324ae-47b0-40d9-b4a4-1ece4fc26f90&page=queryresults
[0m02:49:56.904629 [debug] [Thread-1 (]: Sending event: {'category': 'dbt', 'action': 'run_model', 'label': 'bb332fcb-4f17-423f-b6de-d8ca48909bb3', 'context': [<snowplow_tracker.self_describing_json.SelfDescribingJson object at 0x7fe1e8616de0>]}
[0m02:49:56.905378 [info ] [Thread-1 (]: 7 of 9 OK created sql table model travaux_angers_gold.dim_travaux_details ...... [[32mCREATE TABLE (18.1k rows, 5.2 MiB processed)[0m in 2.91s]
[0m02:49:56.905991 [debug] [Thread-1 (]: Finished running node model.travaux_angers.dim_travaux_details
[0m02:49:56.906423 [debug] [Thread-1 (]: Began running node model.travaux_angers.fct_travaux_stats
[0m02:49:56.906843 [info ] [Thread-1 (]: 8 of 9 START sql table model travaux_angers_gold.fct_travaux_stats ............. [RUN]
[0m02:49:56.907211 [debug] [Thread-1 (]: Re-using an available connection from the pool (formerly model.travaux_angers.dim_travaux_details, now model.travaux_angers.fct_travaux_stats)
[0m02:49:56.907513 [debug] [Thread-1 (]: Began compiling node model.travaux_angers.fct_travaux_stats
[0m02:49:56.912518 [debug] [Thread-1 (]: Writing injected SQL for node "model.travaux_angers.fct_travaux_stats"
[0m02:49:56.913640 [debug] [Thread-1 (]: Began executing node model.travaux_angers.fct_travaux_stats
[0m02:49:56.916301 [debug] [Thread-1 (]: Opening a new connection, currently in state closed
[0m02:49:57.312413 [debug] [Thread-1 (]: Writing runtime sql for node "model.travaux_angers.fct_travaux_stats"
[0m02:49:57.313568 [debug] [Thread-1 (]: On model.travaux_angers.fct_travaux_stats: /* {"app": "dbt", "dbt_version": "1.10.7", "profile_name": "travaux_angers", "target_name": "dev", "node_id": "model.travaux_angers.fct_travaux_stats"} */

  
    

    create or replace table `my-project-travaux-angers`.`travaux_angers_gold`.`fct_travaux_stats`
      
    
    

    
    OPTIONS()
    as (
      -- Modèle pour les analyses temporelles et les statistiques

WITH travaux_details AS (
    SELECT
        -- Clés et dimensions
        id,
        type as type_travaux,
        DATE_TRUNC(date_debut, DAY) as jour,  -- Changement à une granularité journalière

        -- Métriques temporelles
        DATE_DIFF(date_fin, date_debut, DAY) as duree_jours,
        CASE
            WHEN CURRENT_TIMESTAMP() BETWEEN date_debut AND date_fin THEN 1
            ELSE 0
        END as est_en_cours,

        -- Géolocalisation
        longitude,
        latitude,

        -- Autres informations
        titre,
        description,
        adresse
    FROM `my-project-travaux-angers`.`travaux_angers_silver`.`stg_travaux_angers`
),

statistiques_agregees AS (
    SELECT
        jour,
        type_travaux,
        -- Métriques d'agrégation
        COUNT(DISTINCT id) as nombre_travaux,
        SUM(est_en_cours) as travaux_en_cours,
        AVG(duree_jours) as duree_moyenne_jours,
        MIN(duree_jours) as duree_min_jours,
        MAX(duree_jours) as duree_max_jours,
        -- Coordonnées moyennes
        AVG(longitude) as longitude_moyenne,
        AVG(latitude) as latitude_moyenne,
        -- Liste des IDs pour jointure
        STRING_AGG(CAST(id as STRING), ',') as ids_travaux
    FROM travaux_details
    GROUP BY
        jour,
        type_travaux
)

SELECT
    -- Dimensions temporelles et type
    jour,
    type_travaux,
    ids_travaux,

    -- Métriques calculées
    nombre_travaux,
    travaux_en_cours,
    ROUND(duree_moyenne_jours, 1) as duree_moyenne_jours,
    duree_min_jours,
    duree_max_jours,

    -- Ratios et pourcentages
    SAFE_DIVIDE(travaux_en_cours, nombre_travaux) as ratio_actif,

    -- Position moyenne du groupe
    ST_GEOGPOINT(longitude_moyenne, latitude_moyenne) as position_representative,

    -- Horodatage
    CURRENT_TIMESTAMP() as _updated_at
FROM statistiques_agregees
ORDER BY
    jour DESC,
    nombre_travaux DESC
    );
  
[0m02:49:58.391254 [debug] [Thread-1 (]: BigQuery adapter: https://console.cloud.google.com/bigquery?project=my-project-travaux-angers&j=bq:US:983a07b2-3906-4aa0-86a8-5f8cdfe6f469&page=queryresults
[0m02:50:00.897625 [debug] [Thread-1 (]: Sending event: {'category': 'dbt', 'action': 'run_model', 'label': 'bb332fcb-4f17-423f-b6de-d8ca48909bb3', 'context': [<snowplow_tracker.self_describing_json.SelfDescribingJson object at 0x7fe1e838f770>]}
[0m02:50:00.899497 [info ] [Thread-1 (]: 8 of 9 OK created sql table model travaux_angers_gold.fct_travaux_stats ........ [[32mCREATE TABLE (31.0 rows, 830.3 KiB processed)[0m in 3.99s]
[0m02:50:00.900646 [debug] [Thread-1 (]: Finished running node model.travaux_angers.fct_travaux_stats
[0m02:50:00.901102 [debug] [Thread-1 (]: Began running node model.travaux_angers.fct_travaux_stats_daily
[0m02:50:00.901707 [info ] [Thread-1 (]: 9 of 9 START sql table model travaux_angers_gold.fct_travaux_stats_daily ....... [RUN]
[0m02:50:00.902191 [debug] [Thread-1 (]: Re-using an available connection from the pool (formerly model.travaux_angers.fct_travaux_stats, now model.travaux_angers.fct_travaux_stats_daily)
[0m02:50:00.902518 [debug] [Thread-1 (]: Began compiling node model.travaux_angers.fct_travaux_stats_daily
[0m02:50:00.905672 [debug] [Thread-1 (]: Writing injected SQL for node "model.travaux_angers.fct_travaux_stats_daily"
[0m02:50:00.906347 [debug] [Thread-1 (]: Began executing node model.travaux_angers.fct_travaux_stats_daily
[0m02:50:00.908685 [debug] [Thread-1 (]: Opening a new connection, currently in state closed
[0m02:50:01.315968 [debug] [Thread-1 (]: Writing runtime sql for node "model.travaux_angers.fct_travaux_stats_daily"
[0m02:50:01.316973 [debug] [Thread-1 (]: On model.travaux_angers.fct_travaux_stats_daily: /* {"app": "dbt", "dbt_version": "1.10.7", "profile_name": "travaux_angers", "target_name": "dev", "node_id": "model.travaux_angers.fct_travaux_stats_daily"} */

  
    

    create or replace table `my-project-travaux-angers`.`travaux_angers_gold`.`fct_travaux_stats_daily`
      
    
    

    
    OPTIONS()
    as (
      WITH travaux_details AS (
    SELECT
        -- Clés et dimensions
        id,
        type as type_travaux,
        DATE(date_debut) as jour,  -- Date journalière

        -- Métriques temporelles
        DATE_DIFF(date_fin, date_debut, DAY) as duree_jours,
        CASE
            WHEN CURRENT_TIMESTAMP() BETWEEN date_debut AND date_fin THEN 1
            ELSE 0
        END as est_en_cours,

        -- Géolocalisation
        longitude,
        latitude,

        -- Autres informations
        titre,
        description,
        adresse
    FROM `my-project-travaux-angers`.`travaux_angers_silver`.`stg_travaux_angers`
),

statistiques_journalieres AS (
    SELECT
        jour,
        type_travaux,
        -- Métriques d'agrégation
        COUNT(DISTINCT id) as nombre_travaux,
        SUM(est_en_cours) as travaux_en_cours,
        AVG(duree_jours) as duree_moyenne_jours,
        MIN(duree_jours) as duree_min_jours,
        MAX(duree_jours) as duree_max_jours,
        -- Coordonnées moyennes
        AVG(longitude) as longitude_moyenne,
        AVG(latitude) as latitude_moyenne,
        -- Liste des IDs pour jointure
        STRING_AGG(CAST(id as STRING), ',') as ids_travaux
    FROM travaux_details
    GROUP BY
        jour,
        type_travaux
)

SELECT
    -- Dimensions temporelles et type
    jour,
    type_travaux,
    ids_travaux,

    -- Métriques calculées
    nombre_travaux,
    travaux_en_cours,
    ROUND(duree_moyenne_jours, 1) as duree_moyenne_jours,
    duree_min_jours,
    duree_max_jours,

    -- Ratios et pourcentages
    SAFE_DIVIDE(travaux_en_cours, nombre_travaux) as ratio_actif,

    -- Position moyenne du groupe
    ST_GEOGPOINT(longitude_moyenne, latitude_moyenne) as position_representative,

    -- Horodatage
    CURRENT_TIMESTAMP() as _updated_at
FROM statistiques_journalieres
ORDER BY
    jour DESC,
    nombre_travaux DESC
    );
  
[0m02:50:01.817743 [debug] [Thread-1 (]: BigQuery adapter: https://console.cloud.google.com/bigquery?project=my-project-travaux-angers&j=bq:US:9e7ee49f-9135-4a3d-8ba2-9cb8902f13e0&page=queryresults
[0m02:50:03.865010 [debug] [Thread-1 (]: Sending event: {'category': 'dbt', 'action': 'run_model', 'label': 'bb332fcb-4f17-423f-b6de-d8ca48909bb3', 'context': [<snowplow_tracker.self_describing_json.SelfDescribingJson object at 0x7fe1eab38b00>]}
[0m02:50:03.865851 [info ] [Thread-1 (]: 9 of 9 OK created sql table model travaux_angers_gold.fct_travaux_stats_daily .. [[32mCREATE TABLE (31.0 rows, 830.3 KiB processed)[0m in 2.96s]
[0m02:50:03.866498 [debug] [Thread-1 (]: Finished running node model.travaux_angers.fct_travaux_stats_daily
[0m02:50:03.869106 [debug] [MainThread]: Opening a new connection, currently in state closed
[0m02:50:03.910228 [debug] [MainThread]: Connection 'master' was properly closed.
[0m02:50:03.910691 [debug] [MainThread]: Connection 'model.travaux_angers.fct_travaux_stats_daily' was properly closed.
[0m02:50:03.911272 [info ] [MainThread]: 
[0m02:50:03.911716 [info ] [MainThread]: Finished running 5 table models, 4 view models in 0 hours 0 minutes and 22.82 seconds (22.82s).
[0m02:50:03.913358 [debug] [MainThread]: Command end result
[0m02:50:03.944249 [debug] [MainThread]: Wrote artifact WritableManifest to /usr/ELT_Travaux_Angers/dbt/target/manifest.json
[0m02:50:03.946429 [debug] [MainThread]: Wrote artifact SemanticManifest to /usr/ELT_Travaux_Angers/dbt/target/semantic_manifest.json
[0m02:50:03.954714 [debug] [MainThread]: Wrote artifact RunExecutionResult to /usr/ELT_Travaux_Angers/dbt/target/run_results.json
[0m02:50:03.955175 [info ] [MainThread]: 
[0m02:50:03.955587 [info ] [MainThread]: [31mCompleted with 1 error, 0 partial successes, and 0 warnings:[0m
[0m02:50:03.955936 [info ] [MainThread]: 
[0m02:50:03.956341 [error] [MainThread]: [31mFailure in model fct_travaux_stats_monthly (models/gold/fct_travaux_stats_monthly.sql)[0m
[0m02:50:03.956704 [error] [MainThread]:   Database Error in model fct_travaux_stats_monthly (models/gold/fct_travaux_stats_monthly.sql)
  Unrecognized name: position; Did you mean location? at [30:14]
  compiled code at target/run/travaux_angers/models/gold/fct_travaux_stats_monthly.sql
[0m02:50:03.956990 [info ] [MainThread]: 
[0m02:50:03.957325 [info ] [MainThread]:   compiled code at target/compiled/travaux_angers/models/gold/fct_travaux_stats_monthly.sql
[0m02:50:03.957608 [info ] [MainThread]: 
[0m02:50:03.957913 [info ] [MainThread]: Done. PASS=8 WARN=0 ERROR=1 SKIP=0 NO-OP=0 TOTAL=9
[0m02:50:03.959744 [debug] [MainThread]: Resource report: {"command_name": "run", "command_success": false, "command_wall_clock_time": 31.883568, "process_in_blocks": "0", "process_kernel_time": 4.836029, "process_mem_max_rss": "413716", "process_out_blocks": "4448", "process_user_time": 8.6587}
[0m02:50:03.960596 [debug] [MainThread]: Command `dbt run` failed at 02:50:03.960408 after 31.88 seconds
[0m02:50:03.961324 [debug] [MainThread]: Sending event: {'category': 'dbt', 'action': 'invocation', 'label': 'end', 'context': [<snowplow_tracker.self_describing_json.SelfDescribingJson object at 0x7fe22518ba40>, <snowplow_tracker.self_describing_json.SelfDescribingJson object at 0x7fe225d44fe0>, <snowplow_tracker.self_describing_json.SelfDescribingJson object at 0x7fe225d45eb0>]}
[0m02:50:03.961825 [debug] [MainThread]: Flushing usage events
[0m02:50:04.435504 [debug] [MainThread]: An error was encountered while trying to flush usage events
[0m02:53:04.194420 [debug] [MainThread]: Sending event: {'category': 'dbt', 'action': 'invocation', 'label': 'start', 'context': [<snowplow_tracker.self_describing_json.SelfDescribingJson object at 0x7ff1f104af30>, <snowplow_tracker.self_describing_json.SelfDescribingJson object at 0x7ff1f2d1dd30>, <snowplow_tracker.self_describing_json.SelfDescribingJson object at 0x7ff1f0b93da0>]}


============================== 02:53:04.197935 | b5b7719b-08ec-44ad-962a-d1f99203a104 ==============================
[0m02:53:04.197935 [info ] [MainThread]: Running with dbt=1.10.7
[0m02:53:04.198550 [debug] [MainThread]: running dbt with arguments {'printer_width': '80', 'indirect_selection': 'eager', 'log_cache_events': 'False', 'write_json': 'True', 'partial_parse': 'True', 'cache_selected_only': 'False', 'profiles_dir': '/usr/ELT_Travaux_Angers/dbt', 'version_check': 'True', 'warn_error': 'None', 'log_path': '/usr/ELT_Travaux_Angers/dbt/logs', 'debug': 'False', 'fail_fast': 'False', 'use_colors': 'True', 'use_experimental_parser': 'False', 'no_print': 'None', 'quiet': 'False', 'empty': 'None', 'log_format': 'default', 'introspect': 'True', 'warn_error_options': 'WarnErrorOptionsV2(error=[], warn=[], silence=[])', 'static_parser': 'True', 'target_path': 'None', 'invocation_command': 'dbt deps', 'send_anonymous_usage_stats': 'True'}
[0m02:53:04.343873 [debug] [MainThread]: Sending event: {'category': 'dbt', 'action': 'project_id', 'label': 'b5b7719b-08ec-44ad-962a-d1f99203a104', 'context': [<snowplow_tracker.self_describing_json.SelfDescribingJson object at 0x7ff1f04e4cb0>]}
[0m02:53:04.367460 [debug] [MainThread]: Set downloads directory='/tmp/dbt-downloads-362_zuk4'
[0m02:53:04.368695 [debug] [MainThread]: Making package index registry request: GET https://hub.getdbt.com/api/v1/index.json
[0m02:53:04.453715 [debug] [MainThread]: Response from registry index: GET https://hub.getdbt.com/api/v1/index.json 200
[0m02:53:04.454871 [debug] [MainThread]: Making package registry request: GET https://hub.getdbt.com/api/v1/dbt-labs/dbt_utils.json
[0m02:53:04.498000 [debug] [MainThread]: Response from registry: GET https://hub.getdbt.com/api/v1/dbt-labs/dbt_utils.json 200
[0m02:53:04.502154 [info ] [MainThread]: Installing dbt-labs/dbt_utils
[0m02:53:04.821619 [info ] [MainThread]: Installed from version 1.1.1
[0m02:53:04.822143 [info ] [MainThread]: Updated version available: 1.3.0
[0m02:53:04.822578 [debug] [MainThread]: Sending event: {'category': 'dbt', 'action': 'package', 'label': 'b5b7719b-08ec-44ad-962a-d1f99203a104', 'property_': 'install', 'context': [<snowplow_tracker.self_describing_json.SelfDescribingJson object at 0x7ff1f0067230>, <snowplow_tracker.self_describing_json.SelfDescribingJson object at 0x7ff1f009deb0>]}
[0m02:53:04.822948 [info ] [MainThread]: 
[0m02:53:04.823292 [info ] [MainThread]: Updates available for packages: ['dbt-labs/dbt_utils']                 
Update your versions in packages.yml, then run dbt deps
[0m02:53:04.825545 [debug] [MainThread]: Resource report: {"command_name": "deps", "command_success": true, "command_wall_clock_time": 0.6917242, "process_in_blocks": "0", "process_kernel_time": 0.179026, "process_mem_max_rss": "106628", "process_out_blocks": "2232", "process_user_time": 1.889727}
[0m02:53:04.826134 [debug] [MainThread]: Command `dbt deps` succeeded at 02:53:04.826026 after 0.69 seconds
[0m02:53:04.826479 [debug] [MainThread]: Sending event: {'category': 'dbt', 'action': 'invocation', 'label': 'end', 'context': [<snowplow_tracker.self_describing_json.SelfDescribingJson object at 0x7ff1f0ae6840>, <snowplow_tracker.self_describing_json.SelfDescribingJson object at 0x7ff1f0bbf830>, <snowplow_tracker.self_describing_json.SelfDescribingJson object at 0x7ff1f0230bf0>]}
[0m02:53:04.826824 [debug] [MainThread]: Flushing usage events
[0m02:53:05.243539 [debug] [MainThread]: An error was encountered while trying to flush usage events
[0m02:53:07.439134 [debug] [MainThread]: Sending event: {'category': 'dbt', 'action': 'invocation', 'label': 'start', 'context': [<snowplow_tracker.self_describing_json.SelfDescribingJson object at 0x7f161627b6b0>, <snowplow_tracker.self_describing_json.SelfDescribingJson object at 0x7f1615d5bcb0>, <snowplow_tracker.self_describing_json.SelfDescribingJson object at 0x7f1615d06c90>]}


============================== 02:53:07.442392 | 9d231f9d-278b-44d5-b643-ae259b6a7c37 ==============================
[0m02:53:07.442392 [info ] [MainThread]: Running with dbt=1.10.7
[0m02:53:07.447118 [debug] [MainThread]: running dbt with arguments {'printer_width': '80', 'indirect_selection': 'eager', 'write_json': 'True', 'log_cache_events': 'False', 'partial_parse': 'True', 'cache_selected_only': 'False', 'warn_error': 'None', 'fail_fast': 'False', 'debug': 'False', 'log_path': '/usr/ELT_Travaux_Angers/dbt/logs', 'profiles_dir': '/usr/ELT_Travaux_Angers/dbt', 'version_check': 'True', 'use_colors': 'True', 'use_experimental_parser': 'False', 'no_print': 'None', 'quiet': 'False', 'empty': 'False', 'log_format': 'default', 'invocation_command': 'dbt run', 'introspect': 'True', 'static_parser': 'True', 'target_path': 'None', 'warn_error_options': 'WarnErrorOptionsV2(error=[], warn=[], silence=[])', 'send_anonymous_usage_stats': 'True'}
[0m02:53:11.288675 [debug] [MainThread]: Sending event: {'category': 'dbt', 'action': 'project_id', 'label': '9d231f9d-278b-44d5-b643-ae259b6a7c37', 'context': [<snowplow_tracker.self_describing_json.SelfDescribingJson object at 0x7f15e13b1460>]}
[0m02:53:11.386434 [debug] [MainThread]: Sending event: {'category': 'dbt', 'action': 'adapter_info', 'label': '9d231f9d-278b-44d5-b643-ae259b6a7c37', 'context': [<snowplow_tracker.self_describing_json.SelfDescribingJson object at 0x7f161773a060>]}
[0m02:53:11.387275 [info ] [MainThread]: Registered adapter: bigquery=1.10.1
[0m02:53:11.583640 [debug] [MainThread]: checksum: 44f4b502e2ddc67beed4db71ce39b63f2d3b7fc0b96e49a69b096c8f6cc370bc, vars: {}, profile: , target: , version: 1.10.7
[0m02:53:11.786117 [debug] [MainThread]: Partial parsing enabled: 0 files deleted, 0 files added, 1 files changed.
[0m02:53:11.786941 [debug] [MainThread]: Partial parsing: updated file: travaux_angers://models/gold/fct_travaux_stats_monthly.sql
[0m02:53:12.200249 [debug] [MainThread]: Sending event: {'category': 'dbt', 'action': 'load_project', 'label': '9d231f9d-278b-44d5-b643-ae259b6a7c37', 'context': [<snowplow_tracker.self_describing_json.SelfDescribingJson object at 0x7f15dee0e4b0>]}
[0m02:53:12.327320 [debug] [MainThread]: Wrote artifact WritableManifest to /usr/ELT_Travaux_Angers/dbt/target/manifest.json
[0m02:53:12.329518 [debug] [MainThread]: Wrote artifact SemanticManifest to /usr/ELT_Travaux_Angers/dbt/target/semantic_manifest.json
[0m02:53:12.362079 [debug] [MainThread]: Sending event: {'category': 'dbt', 'action': 'resource_counts', 'label': '9d231f9d-278b-44d5-b643-ae259b6a7c37', 'context': [<snowplow_tracker.self_describing_json.SelfDescribingJson object at 0x7f15dedb21e0>]}
[0m02:53:12.362667 [info ] [MainThread]: Found 9 models, 1 analysis, 17 data tests, 1 source, 610 macros
[0m02:53:12.363093 [debug] [MainThread]: Sending event: {'category': 'dbt', 'action': 'runnable_timing', 'label': '9d231f9d-278b-44d5-b643-ae259b6a7c37', 'context': [<snowplow_tracker.self_describing_json.SelfDescribingJson object at 0x7f15dee0dd90>]}
[0m02:53:12.365504 [info ] [MainThread]: 
[0m02:53:12.365986 [info ] [MainThread]: Concurrency: 1 threads (target='dev')
[0m02:53:12.366347 [info ] [MainThread]: 
[0m02:53:12.366868 [debug] [MainThread]: Acquiring new bigquery connection 'master'
[0m02:53:12.374446 [debug] [ThreadPool]: Acquiring new bigquery connection 'list_my-project-travaux-angers'
[0m02:53:12.375029 [debug] [ThreadPool]: Opening a new connection, currently in state init
[0m02:53:12.836285 [debug] [ThreadPool]: Opening a new connection, currently in state closed
[0m02:53:13.299897 [debug] [ThreadPool]: Opening a new connection, currently in state closed
[0m02:53:13.728897 [debug] [ThreadPool]: Opening a new connection, currently in state closed
[0m02:53:14.202040 [debug] [ThreadPool]: Re-using an available connection from the pool (formerly list_my-project-travaux-angers, now list_my-project-travaux-angers_travaux_angers)
[0m02:53:14.202566 [debug] [ThreadPool]: Opening a new connection, currently in state closed
[0m02:53:14.628721 [debug] [ThreadPool]: Re-using an available connection from the pool (formerly list_my-project-travaux-angers_travaux_angers, now list_my-project-travaux-angers_travaux_angers_bronze)
[0m02:53:14.629615 [debug] [ThreadPool]: Opening a new connection, currently in state closed
[0m02:53:15.036686 [debug] [ThreadPool]: Re-using an available connection from the pool (formerly list_my-project-travaux-angers_travaux_angers_bronze, now list_my-project-travaux-angers_travaux_angers_silver)
[0m02:53:15.038272 [debug] [ThreadPool]: Opening a new connection, currently in state closed
[0m02:53:15.430850 [debug] [ThreadPool]: Re-using an available connection from the pool (formerly list_my-project-travaux-angers_travaux_angers_silver, now list_my-project-travaux-angers_travaux_angers_gold)
[0m02:53:15.432070 [debug] [ThreadPool]: Opening a new connection, currently in state closed
[0m02:53:15.847806 [debug] [MainThread]: Sending event: {'category': 'dbt', 'action': 'runnable_timing', 'label': '9d231f9d-278b-44d5-b643-ae259b6a7c37', 'context': [<snowplow_tracker.self_describing_json.SelfDescribingJson object at 0x7f161585df10>]}
[0m02:53:15.848501 [debug] [MainThread]: Opening a new connection, currently in state init
[0m02:53:15.893397 [debug] [Thread-1 (]: Began running node model.travaux_angers.analyse_types
[0m02:53:15.894128 [info ] [Thread-1 (]: 1 of 9 START sql view model travaux_angers.analyse_types ....................... [RUN]
[0m02:53:15.894710 [debug] [Thread-1 (]: Re-using an available connection from the pool (formerly list_my-project-travaux-angers_travaux_angers_gold, now model.travaux_angers.analyse_types)
[0m02:53:15.895187 [debug] [Thread-1 (]: Began compiling node model.travaux_angers.analyse_types
[0m02:53:15.903191 [debug] [Thread-1 (]: Writing injected SQL for node "model.travaux_angers.analyse_types"
[0m02:53:15.904056 [debug] [Thread-1 (]: Began executing node model.travaux_angers.analyse_types
[0m02:53:15.939088 [debug] [Thread-1 (]: Writing runtime sql for node "model.travaux_angers.analyse_types"
[0m02:53:15.939965 [debug] [Thread-1 (]: On model.travaux_angers.analyse_types: /* {"app": "dbt", "dbt_version": "1.10.7", "profile_name": "travaux_angers", "target_name": "dev", "node_id": "model.travaux_angers.analyse_types"} */


  create or replace view `my-project-travaux-angers`.`travaux_angers`.`analyse_types`
  OPTIONS()
  as 

SELECT
    type as type_travaux,
    COUNT(*) as nombre_total,
    COUNT(DISTINCT DATE_TRUNC(startat, MONTH)) as nombre_mois_distincts
FROM `my-project-travaux-angers`.`travaux_angers`.`travaux_angers`
GROUP BY type
ORDER BY nombre_total DESC;


[0m02:53:15.940401 [debug] [Thread-1 (]: Opening a new connection, currently in state closed
[0m02:53:16.834007 [debug] [Thread-1 (]: BigQuery adapter: https://console.cloud.google.com/bigquery?project=my-project-travaux-angers&j=bq:US:3613b431-ddf4-4e99-8e21-05daf6b8edd3&page=queryresults
[0m02:53:17.333993 [debug] [Thread-1 (]: Sending event: {'category': 'dbt', 'action': 'run_model', 'label': '9d231f9d-278b-44d5-b643-ae259b6a7c37', 'context': [<snowplow_tracker.self_describing_json.SelfDescribingJson object at 0x7f1615fd4b90>]}
[0m02:53:17.335128 [info ] [Thread-1 (]: 1 of 9 OK created sql view model travaux_angers.analyse_types .................. [[32mCREATE VIEW (0 processed)[0m in 1.44s]
[0m02:53:17.335875 [debug] [Thread-1 (]: Finished running node model.travaux_angers.analyse_types
[0m02:53:17.336308 [debug] [Thread-1 (]: Began running node model.travaux_angers.check_columns
[0m02:53:17.336820 [info ] [Thread-1 (]: 2 of 9 START sql view model travaux_angers.check_columns ....................... [RUN]
[0m02:53:17.337356 [debug] [Thread-1 (]: Re-using an available connection from the pool (formerly model.travaux_angers.analyse_types, now model.travaux_angers.check_columns)
[0m02:53:17.337902 [debug] [Thread-1 (]: Began compiling node model.travaux_angers.check_columns
[0m02:53:17.343984 [debug] [Thread-1 (]: Writing injected SQL for node "model.travaux_angers.check_columns"
[0m02:53:17.345005 [debug] [Thread-1 (]: Began executing node model.travaux_angers.check_columns
[0m02:53:17.351559 [debug] [Thread-1 (]: Writing runtime sql for node "model.travaux_angers.check_columns"
[0m02:53:17.352567 [debug] [Thread-1 (]: On model.travaux_angers.check_columns: /* {"app": "dbt", "dbt_version": "1.10.7", "profile_name": "travaux_angers", "target_name": "dev", "node_id": "model.travaux_angers.check_columns"} */


  create or replace view `my-project-travaux-angers`.`travaux_angers`.`check_columns`
  OPTIONS()
  as 

SELECT *
FROM `my-project-travaux-angers`.`travaux_angers`.`travaux_angers`
LIMIT 1;


[0m02:53:17.352995 [debug] [Thread-1 (]: Opening a new connection, currently in state closed
[0m02:53:17.956828 [debug] [Thread-1 (]: BigQuery adapter: https://console.cloud.google.com/bigquery?project=my-project-travaux-angers&j=bq:US:3d05f6aa-a4ea-42e0-a75a-ec909ebadcf5&page=queryresults
[0m02:53:18.404888 [debug] [Thread-1 (]: Sending event: {'category': 'dbt', 'action': 'run_model', 'label': '9d231f9d-278b-44d5-b643-ae259b6a7c37', 'context': [<snowplow_tracker.self_describing_json.SelfDescribingJson object at 0x7f15dc894c20>]}
[0m02:53:18.405828 [info ] [Thread-1 (]: 2 of 9 OK created sql view model travaux_angers.check_columns .................. [[32mCREATE VIEW (0 processed)[0m in 1.07s]
[0m02:53:18.406444 [debug] [Thread-1 (]: Finished running node model.travaux_angers.check_columns
[0m02:53:18.406879 [debug] [Thread-1 (]: Began running node model.travaux_angers.check_source
[0m02:53:18.407349 [info ] [Thread-1 (]: 3 of 9 START sql view model travaux_angers.check_source ........................ [RUN]
[0m02:53:18.407831 [debug] [Thread-1 (]: Re-using an available connection from the pool (formerly model.travaux_angers.check_columns, now model.travaux_angers.check_source)
[0m02:53:18.408218 [debug] [Thread-1 (]: Began compiling node model.travaux_angers.check_source
[0m02:53:18.411890 [debug] [Thread-1 (]: Writing injected SQL for node "model.travaux_angers.check_source"
[0m02:53:18.412955 [debug] [Thread-1 (]: Began executing node model.travaux_angers.check_source
[0m02:53:18.416152 [debug] [Thread-1 (]: Writing runtime sql for node "model.travaux_angers.check_source"
[0m02:53:18.416776 [debug] [Thread-1 (]: On model.travaux_angers.check_source: /* {"app": "dbt", "dbt_version": "1.10.7", "profile_name": "travaux_angers", "target_name": "dev", "node_id": "model.travaux_angers.check_source"} */


  create or replace view `my-project-travaux-angers`.`travaux_angers`.`check_source`
  OPTIONS()
  as 

SELECT
    column_name,
    data_type
FROM `my-project-travaux-angers.travaux_angers`.INFORMATION_SCHEMA.COLUMNS
WHERE table_name = 'travaux_angers'
ORDER BY ordinal_position;


[0m02:53:18.417153 [debug] [Thread-1 (]: Opening a new connection, currently in state closed
[0m02:53:19.022954 [debug] [Thread-1 (]: BigQuery adapter: https://console.cloud.google.com/bigquery?project=my-project-travaux-angers&j=bq:US:d062ef96-9b57-454e-981b-3f06f16167eb&page=queryresults
[0m02:53:19.475922 [debug] [Thread-1 (]: Sending event: {'category': 'dbt', 'action': 'run_model', 'label': '9d231f9d-278b-44d5-b643-ae259b6a7c37', 'context': [<snowplow_tracker.self_describing_json.SelfDescribingJson object at 0x7f15dc799af0>]}
[0m02:53:19.476930 [info ] [Thread-1 (]: 3 of 9 OK created sql view model travaux_angers.check_source ................... [[32mCREATE VIEW (0 processed)[0m in 1.07s]
[0m02:53:19.477619 [debug] [Thread-1 (]: Finished running node model.travaux_angers.check_source
[0m02:53:19.478046 [debug] [Thread-1 (]: Began running node model.travaux_angers.fct_travaux_stats_monthly
[0m02:53:19.478532 [info ] [Thread-1 (]: 4 of 9 START sql table model travaux_angers_gold.fct_travaux_stats_monthly ..... [RUN]
[0m02:53:19.479107 [debug] [Thread-1 (]: Re-using an available connection from the pool (formerly model.travaux_angers.check_source, now model.travaux_angers.fct_travaux_stats_monthly)
[0m02:53:19.479544 [debug] [Thread-1 (]: Began compiling node model.travaux_angers.fct_travaux_stats_monthly
[0m02:53:19.487703 [debug] [Thread-1 (]: Writing injected SQL for node "model.travaux_angers.fct_travaux_stats_monthly"
[0m02:53:19.489544 [debug] [Thread-1 (]: Began executing node model.travaux_angers.fct_travaux_stats_monthly
[0m02:53:19.506800 [debug] [Thread-1 (]: Opening a new connection, currently in state closed
[0m02:53:19.960042 [debug] [Thread-1 (]: Writing runtime sql for node "model.travaux_angers.fct_travaux_stats_monthly"
[0m02:53:19.961278 [debug] [Thread-1 (]: On model.travaux_angers.fct_travaux_stats_monthly: /* {"app": "dbt", "dbt_version": "1.10.7", "profile_name": "travaux_angers", "target_name": "dev", "node_id": "model.travaux_angers.fct_travaux_stats_monthly"} */

  
    

    create or replace table `my-project-travaux-angers`.`travaux_angers_gold`.`fct_travaux_stats_monthly`
      
    
    

    
    OPTIONS()
    as (
      WITH travaux_details AS (
    SELECT
        -- Clés et dimensions
        id,
        type as type_travaux,
        DATE_TRUNC(startat, MONTH) as mois,  -- Date mensuelle
        startat as date_debut,

        -- Métriques temporelles
        DATE_DIFF(endat, startat, DAY) as duree_jours,
        CASE
            WHEN CURRENT_TIMESTAMP() BETWEEN startat AND endat THEN 1
            ELSE 0
        END as est_en_cours,

        -- Géolocalisation
        ST_X(location) as longitude,  -- Extraction de la longitude depuis location
        ST_Y(location) as latitude,   -- Extraction de la latitude depuis location

        -- Autres informations
        title as titre,
        description,
        address as adresse
    FROM `my-project-travaux-angers`.`travaux_angers`.`travaux_angers`
),

statistiques_mensuelles AS (
    SELECT
        mois,
        type_travaux,
        -- Métriques d'agrégation
        COUNT(DISTINCT id) as nombre_travaux,
        SUM(est_en_cours) as travaux_en_cours,
        AVG(duree_jours) as duree_moyenne_jours,
        MIN(duree_jours) as duree_min_jours,
        MAX(duree_jours) as duree_max_jours,
        -- Statistiques additionnelles mensuelles
        COUNT(DISTINCT DATE(date_debut)) as nombre_jours_avec_nouveaux_travaux,
        -- Coordonnées moyennes
        AVG(longitude) as longitude_moyenne,
        AVG(latitude) as latitude_moyenne,
        -- Liste des IDs pour jointure
        STRING_AGG(CAST(id as STRING), ',') as ids_travaux
    FROM travaux_details
    GROUP BY
        mois,
        type_travaux
)

SELECT
    -- Dimensions temporelles et type
    mois,
    type_travaux,
    ids_travaux,

    -- Métriques calculées
    nombre_travaux,
    travaux_en_cours,
    ROUND(duree_moyenne_jours, 1) as duree_moyenne_jours,
    duree_min_jours,
    duree_max_jours,
    nombre_jours_avec_nouveaux_travaux,

    -- Ratios et pourcentages
    SAFE_DIVIDE(travaux_en_cours, nombre_travaux) as ratio_actif,

    -- Position moyenne du groupe
    ST_GEOGPOINT(longitude_moyenne, latitude_moyenne) as position_representative,

    -- Horodatage
    CURRENT_TIMESTAMP() as _updated_at
FROM statistiques_mensuelles
ORDER BY
    mois DESC,
    nombre_travaux DESC
    );
  
[0m02:53:20.555519 [debug] [Thread-1 (]: BigQuery adapter: https://console.cloud.google.com/bigquery?project=my-project-travaux-angers&j=bq:US:518db53a-c9d3-4fc6-a171-9b886d14138a&page=queryresults
[0m02:53:20.770597 [error] [Thread-1 (]: BigQuery adapter: https://console.cloud.google.com/bigquery?project=my-project-travaux-angers&j=bq:US:518db53a-c9d3-4fc6-a171-9b886d14138a&page=queryresults
[0m02:53:20.777241 [debug] [Thread-1 (]: Database Error in model fct_travaux_stats_monthly (models/gold/fct_travaux_stats_monthly.sql)
  No matching signature for function ST_X
    Argument types: STRING
    Signature: ST_X(GEOGRAPHY)
      Argument 1: Unable to coerce type STRING to expected type GEOGRAPHY at [30:9]
  compiled code at target/run/travaux_angers/models/gold/fct_travaux_stats_monthly.sql
[0m02:53:20.778124 [debug] [Thread-1 (]: Sending event: {'category': 'dbt', 'action': 'run_model', 'label': '9d231f9d-278b-44d5-b643-ae259b6a7c37', 'context': [<snowplow_tracker.self_describing_json.SelfDescribingJson object at 0x7f15e068b710>]}
[0m02:53:20.779031 [error] [Thread-1 (]: 4 of 9 ERROR creating sql table model travaux_angers_gold.fct_travaux_stats_monthly  [[31mERROR[0m in 1.30s]
[0m02:53:20.779790 [debug] [Thread-1 (]: Finished running node model.travaux_angers.fct_travaux_stats_monthly
[0m02:53:20.780611 [debug] [Thread-1 (]: Began running node model.travaux_angers.src_travaux_angers
[0m02:53:20.781974 [debug] [Thread-4 (]: Marking all children of 'model.travaux_angers.fct_travaux_stats_monthly' to be skipped because of status 'error'.  Reason: Database Error in model fct_travaux_stats_monthly (models/gold/fct_travaux_stats_monthly.sql)
  No matching signature for function ST_X
    Argument types: STRING
    Signature: ST_X(GEOGRAPHY)
      Argument 1: Unable to coerce type STRING to expected type GEOGRAPHY at [30:9]
  compiled code at target/run/travaux_angers/models/gold/fct_travaux_stats_monthly.sql.
[0m02:53:20.782910 [info ] [Thread-1 (]: 5 of 9 START sql view model travaux_angers_bronze.src_travaux_angers ........... [RUN]
[0m02:53:20.784786 [debug] [Thread-1 (]: Re-using an available connection from the pool (formerly model.travaux_angers.fct_travaux_stats_monthly, now model.travaux_angers.src_travaux_angers)
[0m02:53:20.785344 [debug] [Thread-1 (]: Began compiling node model.travaux_angers.src_travaux_angers
[0m02:53:20.789550 [debug] [Thread-1 (]: Writing injected SQL for node "model.travaux_angers.src_travaux_angers"
[0m02:53:20.790333 [debug] [Thread-1 (]: Began executing node model.travaux_angers.src_travaux_angers
[0m02:53:20.794735 [debug] [Thread-1 (]: Writing runtime sql for node "model.travaux_angers.src_travaux_angers"
[0m02:53:20.795804 [debug] [Thread-1 (]: On model.travaux_angers.src_travaux_angers: /* {"app": "dbt", "dbt_version": "1.10.7", "profile_name": "travaux_angers", "target_name": "dev", "node_id": "model.travaux_angers.src_travaux_angers"} */


  create or replace view `my-project-travaux-angers`.`travaux_angers_bronze`.`src_travaux_angers`
  OPTIONS()
  as -- bronze/src_travaux_angers.sql
-- Source brute des données de travaux
SELECT
    *,
    CURRENT_TIMESTAMP() as _loaded_at
FROM `my-project-travaux-angers`.`travaux_angers`.`travaux_angers`;


[0m02:53:20.796458 [debug] [Thread-1 (]: Opening a new connection, currently in state closed
[0m02:53:21.431782 [debug] [Thread-1 (]: BigQuery adapter: https://console.cloud.google.com/bigquery?project=my-project-travaux-angers&j=bq:US:9bfad894-a79c-4ac7-a26f-a4afbe1ecba3&page=queryresults
[0m02:53:21.851729 [debug] [Thread-1 (]: Sending event: {'category': 'dbt', 'action': 'run_model', 'label': '9d231f9d-278b-44d5-b643-ae259b6a7c37', 'context': [<snowplow_tracker.self_describing_json.SelfDescribingJson object at 0x7f15dc659940>]}
[0m02:53:21.852564 [info ] [Thread-1 (]: 5 of 9 OK created sql view model travaux_angers_bronze.src_travaux_angers ...... [[32mCREATE VIEW (0 processed)[0m in 1.07s]
[0m02:53:21.853216 [debug] [Thread-1 (]: Finished running node model.travaux_angers.src_travaux_angers
[0m02:53:21.854630 [debug] [Thread-1 (]: Began running node model.travaux_angers.stg_travaux_angers
[0m02:53:21.855332 [info ] [Thread-1 (]: 6 of 9 START sql table model travaux_angers_silver.stg_travaux_angers .......... [RUN]
[0m02:53:21.855822 [debug] [Thread-1 (]: Re-using an available connection from the pool (formerly model.travaux_angers.src_travaux_angers, now model.travaux_angers.stg_travaux_angers)
[0m02:53:21.856229 [debug] [Thread-1 (]: Began compiling node model.travaux_angers.stg_travaux_angers
[0m02:53:21.861162 [debug] [Thread-1 (]: Writing injected SQL for node "model.travaux_angers.stg_travaux_angers"
[0m02:53:21.861999 [debug] [Thread-1 (]: Began executing node model.travaux_angers.stg_travaux_angers
[0m02:53:21.868044 [debug] [Thread-1 (]: Opening a new connection, currently in state closed
[0m02:53:22.273621 [debug] [Thread-1 (]: Writing runtime sql for node "model.travaux_angers.stg_travaux_angers"
[0m02:53:22.274528 [debug] [Thread-1 (]: On model.travaux_angers.stg_travaux_angers: /* {"app": "dbt", "dbt_version": "1.10.7", "profile_name": "travaux_angers", "target_name": "dev", "node_id": "model.travaux_angers.stg_travaux_angers"} */

  
    

    create or replace table `my-project-travaux-angers`.`travaux_angers_silver`.`stg_travaux_angers`
      
    
    

    
    OPTIONS()
    as (
      -- silver/stg_travaux_angers.sql
-- Données nettoyées et standardisées
WITH source AS (
    SELECT * FROM `my-project-travaux-angers`.`travaux_angers_bronze`.`src_travaux_angers`
)

SELECT
    -- Informations de base
    id,
    title as titre,
    description,
    address as adresse,

    -- Dates et durée
    TIMESTAMP(startat) as date_debut,
    TIMESTAMP(endat) as date_fin,

    -- Informations sur le trafic et le type
    traffic as impact_trafic,
    type,

    -- Coordonnées géographiques (extraites du geo_point_2d)
    CAST(JSON_EXTRACT(geo_point_2d, '$.lon') as FLOAT64) as longitude,
    CAST(JSON_EXTRACT(geo_point_2d, '$.lat') as FLOAT64) as latitude,

    -- Informations de contact
    contact,
    email,

    -- Métadonnées
    istramway as est_tramway,
    idparking as id_parking,

    -- Horodatage de mise à jour
    CURRENT_TIMESTAMP() as _updated_at
FROM source
    );
  
[0m02:53:22.838905 [debug] [Thread-1 (]: BigQuery adapter: https://console.cloud.google.com/bigquery?project=my-project-travaux-angers&j=bq:US:644630fa-8ede-4e8d-96c2-bcd34593f0e2&page=queryresults
[0m02:53:24.758738 [debug] [Thread-1 (]: Sending event: {'category': 'dbt', 'action': 'run_model', 'label': '9d231f9d-278b-44d5-b643-ae259b6a7c37', 'context': [<snowplow_tracker.self_describing_json.SelfDescribingJson object at 0x7f15dc6839b0>]}
[0m02:53:24.759930 [info ] [Thread-1 (]: 6 of 9 OK created sql table model travaux_angers_silver.stg_travaux_angers ..... [[32mCREATE TABLE (19.1k rows, 6.0 MiB processed)[0m in 2.90s]
[0m02:53:24.760804 [debug] [Thread-1 (]: Finished running node model.travaux_angers.stg_travaux_angers
[0m02:53:24.762732 [debug] [Thread-1 (]: Began running node model.travaux_angers.dim_travaux_details
[0m02:53:24.763703 [info ] [Thread-1 (]: 7 of 9 START sql table model travaux_angers_gold.dim_travaux_details ........... [RUN]
[0m02:53:24.764469 [debug] [Thread-1 (]: Re-using an available connection from the pool (formerly model.travaux_angers.stg_travaux_angers, now model.travaux_angers.dim_travaux_details)
[0m02:53:24.764853 [debug] [Thread-1 (]: Began compiling node model.travaux_angers.dim_travaux_details
[0m02:53:24.768790 [debug] [Thread-1 (]: Writing injected SQL for node "model.travaux_angers.dim_travaux_details"
[0m02:53:24.770178 [debug] [Thread-1 (]: Began executing node model.travaux_angers.dim_travaux_details
[0m02:53:24.774016 [debug] [Thread-1 (]: Opening a new connection, currently in state closed
[0m02:53:25.173769 [debug] [Thread-1 (]: Writing runtime sql for node "model.travaux_angers.dim_travaux_details"
[0m02:53:25.174886 [debug] [Thread-1 (]: On model.travaux_angers.dim_travaux_details: /* {"app": "dbt", "dbt_version": "1.10.7", "profile_name": "travaux_angers", "target_name": "dev", "node_id": "model.travaux_angers.dim_travaux_details"} */

  
    

    create or replace table `my-project-travaux-angers`.`travaux_angers_gold`.`dim_travaux_details`
      
    
    

    
    OPTIONS()
    as (
      -- Modèle pour la visualisation des travaux actifs et leurs caractéristiques
WITH travaux_enrichis AS (
    SELECT
        *,
        TIMESTAMP_DIFF(date_fin, date_debut, DAY) as duree_jours,
        CASE
            WHEN CURRENT_TIMESTAMP() BETWEEN date_debut AND date_fin THEN 'En cours'
            WHEN CURRENT_TIMESTAMP() < date_debut THEN 'À venir'
            ELSE 'Terminé'
        END as statut
    FROM `my-project-travaux-angers`.`travaux_angers_silver`.`stg_travaux_angers`
)

SELECT
    id,
    titre,
    date_debut,
    date_fin,
    duree_jours,
    longitude,
    latitude,
    type as type_travaux,
    description,
    adresse,
    statut,
    est_tramway,
    id_parking,
    contact,
    email,
    _updated_at,
    -- Création d'une géométrie pour la visualisation cartographique
    ST_GEOGPOINT(longitude, latitude) as position
FROM travaux_enrichis
    );
  
[0m02:53:25.654352 [debug] [Thread-1 (]: BigQuery adapter: https://console.cloud.google.com/bigquery?project=my-project-travaux-angers&j=bq:US:44559fee-39fe-47a8-8715-7783fa316226&page=queryresults
[0m02:53:27.826334 [debug] [Thread-1 (]: Sending event: {'category': 'dbt', 'action': 'run_model', 'label': '9d231f9d-278b-44d5-b643-ae259b6a7c37', 'context': [<snowplow_tracker.self_describing_json.SelfDescribingJson object at 0x7f16158ce450>]}
[0m02:53:27.827349 [info ] [Thread-1 (]: 7 of 9 OK created sql table model travaux_angers_gold.dim_travaux_details ...... [[32mCREATE TABLE (19.1k rows, 5.5 MiB processed)[0m in 3.06s]
[0m02:53:27.828195 [debug] [Thread-1 (]: Finished running node model.travaux_angers.dim_travaux_details
[0m02:53:27.828672 [debug] [Thread-1 (]: Began running node model.travaux_angers.fct_travaux_stats
[0m02:53:27.830233 [info ] [Thread-1 (]: 8 of 9 START sql table model travaux_angers_gold.fct_travaux_stats ............. [RUN]
[0m02:53:27.830879 [debug] [Thread-1 (]: Re-using an available connection from the pool (formerly model.travaux_angers.dim_travaux_details, now model.travaux_angers.fct_travaux_stats)
[0m02:53:27.831260 [debug] [Thread-1 (]: Began compiling node model.travaux_angers.fct_travaux_stats
[0m02:53:27.836287 [debug] [Thread-1 (]: Writing injected SQL for node "model.travaux_angers.fct_travaux_stats"
[0m02:53:27.838409 [debug] [Thread-1 (]: Began executing node model.travaux_angers.fct_travaux_stats
[0m02:53:27.843527 [debug] [Thread-1 (]: Opening a new connection, currently in state closed
[0m02:53:28.244705 [debug] [Thread-1 (]: Writing runtime sql for node "model.travaux_angers.fct_travaux_stats"
[0m02:53:28.245714 [debug] [Thread-1 (]: On model.travaux_angers.fct_travaux_stats: /* {"app": "dbt", "dbt_version": "1.10.7", "profile_name": "travaux_angers", "target_name": "dev", "node_id": "model.travaux_angers.fct_travaux_stats"} */

  
    

    create or replace table `my-project-travaux-angers`.`travaux_angers_gold`.`fct_travaux_stats`
      
    
    

    
    OPTIONS()
    as (
      -- Modèle pour les analyses temporelles et les statistiques

WITH travaux_details AS (
    SELECT
        -- Clés et dimensions
        id,
        type as type_travaux,
        DATE_TRUNC(date_debut, DAY) as jour,  -- Changement à une granularité journalière

        -- Métriques temporelles
        DATE_DIFF(date_fin, date_debut, DAY) as duree_jours,
        CASE
            WHEN CURRENT_TIMESTAMP() BETWEEN date_debut AND date_fin THEN 1
            ELSE 0
        END as est_en_cours,

        -- Géolocalisation
        longitude,
        latitude,

        -- Autres informations
        titre,
        description,
        adresse
    FROM `my-project-travaux-angers`.`travaux_angers_silver`.`stg_travaux_angers`
),

statistiques_agregees AS (
    SELECT
        jour,
        type_travaux,
        -- Métriques d'agrégation
        COUNT(DISTINCT id) as nombre_travaux,
        SUM(est_en_cours) as travaux_en_cours,
        AVG(duree_jours) as duree_moyenne_jours,
        MIN(duree_jours) as duree_min_jours,
        MAX(duree_jours) as duree_max_jours,
        -- Coordonnées moyennes
        AVG(longitude) as longitude_moyenne,
        AVG(latitude) as latitude_moyenne,
        -- Liste des IDs pour jointure
        STRING_AGG(CAST(id as STRING), ',') as ids_travaux
    FROM travaux_details
    GROUP BY
        jour,
        type_travaux
)

SELECT
    -- Dimensions temporelles et type
    jour,
    type_travaux,
    ids_travaux,

    -- Métriques calculées
    nombre_travaux,
    travaux_en_cours,
    ROUND(duree_moyenne_jours, 1) as duree_moyenne_jours,
    duree_min_jours,
    duree_max_jours,

    -- Ratios et pourcentages
    SAFE_DIVIDE(travaux_en_cours, nombre_travaux) as ratio_actif,

    -- Position moyenne du groupe
    ST_GEOGPOINT(longitude_moyenne, latitude_moyenne) as position_representative,

    -- Horodatage
    CURRENT_TIMESTAMP() as _updated_at
FROM statistiques_agregees
ORDER BY
    jour DESC,
    nombre_travaux DESC
    );
  
[0m02:53:28.716605 [debug] [Thread-1 (]: BigQuery adapter: https://console.cloud.google.com/bigquery?project=my-project-travaux-angers&j=bq:US:3ebf2c21-c698-47a8-8a13-f1762d33a857&page=queryresults
[0m02:53:30.868919 [debug] [Thread-1 (]: Sending event: {'category': 'dbt', 'action': 'run_model', 'label': '9d231f9d-278b-44d5-b643-ae259b6a7c37', 'context': [<snowplow_tracker.self_describing_json.SelfDescribingJson object at 0x7f15dec8e240>]}
[0m02:53:30.869646 [info ] [Thread-1 (]: 8 of 9 OK created sql table model travaux_angers_gold.fct_travaux_stats ........ [[32mCREATE TABLE (31.0 rows, 875.7 KiB processed)[0m in 3.04s]
[0m02:53:30.870392 [debug] [Thread-1 (]: Finished running node model.travaux_angers.fct_travaux_stats
[0m02:53:30.870835 [debug] [Thread-1 (]: Began running node model.travaux_angers.fct_travaux_stats_daily
[0m02:53:30.871392 [info ] [Thread-1 (]: 9 of 9 START sql table model travaux_angers_gold.fct_travaux_stats_daily ....... [RUN]
[0m02:53:30.873061 [debug] [Thread-1 (]: Re-using an available connection from the pool (formerly model.travaux_angers.fct_travaux_stats, now model.travaux_angers.fct_travaux_stats_daily)
[0m02:53:30.874749 [debug] [Thread-1 (]: Began compiling node model.travaux_angers.fct_travaux_stats_daily
[0m02:53:30.879813 [debug] [Thread-1 (]: Writing injected SQL for node "model.travaux_angers.fct_travaux_stats_daily"
[0m02:53:30.881061 [debug] [Thread-1 (]: Began executing node model.travaux_angers.fct_travaux_stats_daily
[0m02:53:30.883580 [debug] [Thread-1 (]: Opening a new connection, currently in state closed
[0m02:53:31.270618 [debug] [Thread-1 (]: Writing runtime sql for node "model.travaux_angers.fct_travaux_stats_daily"
[0m02:53:31.271636 [debug] [Thread-1 (]: On model.travaux_angers.fct_travaux_stats_daily: /* {"app": "dbt", "dbt_version": "1.10.7", "profile_name": "travaux_angers", "target_name": "dev", "node_id": "model.travaux_angers.fct_travaux_stats_daily"} */

  
    

    create or replace table `my-project-travaux-angers`.`travaux_angers_gold`.`fct_travaux_stats_daily`
      
    
    

    
    OPTIONS()
    as (
      WITH travaux_details AS (
    SELECT
        -- Clés et dimensions
        id,
        type as type_travaux,
        DATE(date_debut) as jour,  -- Date journalière

        -- Métriques temporelles
        DATE_DIFF(date_fin, date_debut, DAY) as duree_jours,
        CASE
            WHEN CURRENT_TIMESTAMP() BETWEEN date_debut AND date_fin THEN 1
            ELSE 0
        END as est_en_cours,

        -- Géolocalisation
        longitude,
        latitude,

        -- Autres informations
        titre,
        description,
        adresse
    FROM `my-project-travaux-angers`.`travaux_angers_silver`.`stg_travaux_angers`
),

statistiques_journalieres AS (
    SELECT
        jour,
        type_travaux,
        -- Métriques d'agrégation
        COUNT(DISTINCT id) as nombre_travaux,
        SUM(est_en_cours) as travaux_en_cours,
        AVG(duree_jours) as duree_moyenne_jours,
        MIN(duree_jours) as duree_min_jours,
        MAX(duree_jours) as duree_max_jours,
        -- Coordonnées moyennes
        AVG(longitude) as longitude_moyenne,
        AVG(latitude) as latitude_moyenne,
        -- Liste des IDs pour jointure
        STRING_AGG(CAST(id as STRING), ',') as ids_travaux
    FROM travaux_details
    GROUP BY
        jour,
        type_travaux
)

SELECT
    -- Dimensions temporelles et type
    jour,
    type_travaux,
    ids_travaux,

    -- Métriques calculées
    nombre_travaux,
    travaux_en_cours,
    ROUND(duree_moyenne_jours, 1) as duree_moyenne_jours,
    duree_min_jours,
    duree_max_jours,

    -- Ratios et pourcentages
    SAFE_DIVIDE(travaux_en_cours, nombre_travaux) as ratio_actif,

    -- Position moyenne du groupe
    ST_GEOGPOINT(longitude_moyenne, latitude_moyenne) as position_representative,

    -- Horodatage
    CURRENT_TIMESTAMP() as _updated_at
FROM statistiques_journalieres
ORDER BY
    jour DESC,
    nombre_travaux DESC
    );
  
[0m02:53:31.955710 [debug] [Thread-1 (]: BigQuery adapter: https://console.cloud.google.com/bigquery?project=my-project-travaux-angers&j=bq:US:ef325ada-ed65-4ca8-bef9-a691c952dc6c&page=queryresults
[0m02:53:34.262673 [debug] [Thread-1 (]: Sending event: {'category': 'dbt', 'action': 'run_model', 'label': '9d231f9d-278b-44d5-b643-ae259b6a7c37', 'context': [<snowplow_tracker.self_describing_json.SelfDescribingJson object at 0x7f15dc7b8770>]}
[0m02:53:34.265299 [info ] [Thread-1 (]: 9 of 9 OK created sql table model travaux_angers_gold.fct_travaux_stats_daily .. [[32mCREATE TABLE (31.0 rows, 875.7 KiB processed)[0m in 3.39s]
[0m02:53:34.266185 [debug] [Thread-1 (]: Finished running node model.travaux_angers.fct_travaux_stats_daily
[0m02:53:34.268453 [debug] [MainThread]: Opening a new connection, currently in state closed
[0m02:53:34.319004 [debug] [MainThread]: Connection 'master' was properly closed.
[0m02:53:34.320207 [debug] [MainThread]: Connection 'model.travaux_angers.fct_travaux_stats_daily' was properly closed.
[0m02:53:34.321545 [info ] [MainThread]: 
[0m02:53:34.322021 [info ] [MainThread]: Finished running 5 table models, 4 view models in 0 hours 0 minutes and 21.95 seconds (21.95s).
[0m02:53:34.324103 [debug] [MainThread]: Command end result
[0m02:53:34.362607 [debug] [MainThread]: Wrote artifact WritableManifest to /usr/ELT_Travaux_Angers/dbt/target/manifest.json
[0m02:53:34.364967 [debug] [MainThread]: Wrote artifact SemanticManifest to /usr/ELT_Travaux_Angers/dbt/target/semantic_manifest.json
[0m02:53:34.372132 [debug] [MainThread]: Wrote artifact RunExecutionResult to /usr/ELT_Travaux_Angers/dbt/target/run_results.json
[0m02:53:34.372565 [info ] [MainThread]: 
[0m02:53:34.372985 [info ] [MainThread]: [31mCompleted with 1 error, 0 partial successes, and 0 warnings:[0m
[0m02:53:34.373331 [info ] [MainThread]: 
[0m02:53:34.373825 [error] [MainThread]: [31mFailure in model fct_travaux_stats_monthly (models/gold/fct_travaux_stats_monthly.sql)[0m
[0m02:53:34.375716 [error] [MainThread]:   Database Error in model fct_travaux_stats_monthly (models/gold/fct_travaux_stats_monthly.sql)
  No matching signature for function ST_X
    Argument types: STRING
    Signature: ST_X(GEOGRAPHY)
      Argument 1: Unable to coerce type STRING to expected type GEOGRAPHY at [30:9]
  compiled code at target/run/travaux_angers/models/gold/fct_travaux_stats_monthly.sql
[0m02:53:34.376908 [info ] [MainThread]: 
[0m02:53:34.378140 [info ] [MainThread]:   compiled code at target/compiled/travaux_angers/models/gold/fct_travaux_stats_monthly.sql
[0m02:53:34.378594 [info ] [MainThread]: 
[0m02:53:34.378963 [info ] [MainThread]: Done. PASS=8 WARN=0 ERROR=1 SKIP=0 NO-OP=0 TOTAL=9
[0m02:53:34.380313 [debug] [MainThread]: Resource report: {"command_name": "run", "command_success": false, "command_wall_clock_time": 26.921127, "process_in_blocks": "0", "process_kernel_time": 0.834424, "process_mem_max_rss": "406856", "process_out_blocks": "4456", "process_user_time": 8.622385}
[0m02:53:34.380873 [debug] [MainThread]: Command `dbt run` failed at 02:53:34.380759 after 26.92 seconds
[0m02:53:34.381301 [debug] [MainThread]: Sending event: {'category': 'dbt', 'action': 'invocation', 'label': 'end', 'context': [<snowplow_tracker.self_describing_json.SelfDescribingJson object at 0x7f1616104770>, <snowplow_tracker.self_describing_json.SelfDescribingJson object at 0x7f1617c75b50>, <snowplow_tracker.self_describing_json.SelfDescribingJson object at 0x7f15e0689d90>]}
[0m02:53:34.381701 [debug] [MainThread]: Flushing usage events
[0m02:53:34.869037 [debug] [MainThread]: An error was encountered while trying to flush usage events
[0m02:59:10.961224 [debug] [MainThread]: Sending event: {'category': 'dbt', 'action': 'invocation', 'label': 'start', 'context': [<snowplow_tracker.self_describing_json.SelfDescribingJson object at 0x7fd8f54ade50>, <snowplow_tracker.self_describing_json.SelfDescribingJson object at 0x7fd8f61cc980>, <snowplow_tracker.self_describing_json.SelfDescribingJson object at 0x7fd8f4be1730>]}


============================== 02:59:10.979342 | bee9d995-a6f5-4a8d-be73-760229998952 ==============================
[0m02:59:10.979342 [info ] [MainThread]: Running with dbt=1.10.7
[0m02:59:10.980090 [debug] [MainThread]: running dbt with arguments {'printer_width': '80', 'indirect_selection': 'eager', 'write_json': 'True', 'log_cache_events': 'False', 'partial_parse': 'True', 'cache_selected_only': 'False', 'profiles_dir': '/usr/ELT_Travaux_Angers/dbt', 'debug': 'False', 'version_check': 'True', 'log_path': '/usr/ELT_Travaux_Angers/dbt/logs', 'warn_error': 'None', 'fail_fast': 'False', 'use_colors': 'True', 'use_experimental_parser': 'False', 'empty': 'None', 'quiet': 'False', 'no_print': 'None', 'warn_error_options': 'WarnErrorOptionsV2(error=[], warn=[], silence=[])', 'introspect': 'True', 'log_format': 'default', 'static_parser': 'True', 'target_path': 'None', 'invocation_command': 'dbt deps', 'send_anonymous_usage_stats': 'True'}
[0m02:59:11.303412 [debug] [MainThread]: Sending event: {'category': 'dbt', 'action': 'project_id', 'label': 'bee9d995-a6f5-4a8d-be73-760229998952', 'context': [<snowplow_tracker.self_describing_json.SelfDescribingJson object at 0x7fd8f535f0e0>]}
[0m02:59:11.383647 [debug] [MainThread]: Set downloads directory='/tmp/dbt-downloads-adpmkn0i'
[0m02:59:11.384187 [debug] [MainThread]: Making package index registry request: GET https://hub.getdbt.com/api/v1/index.json
[0m02:59:11.474387 [debug] [MainThread]: Response from registry index: GET https://hub.getdbt.com/api/v1/index.json 200
[0m02:59:11.475639 [debug] [MainThread]: Making package registry request: GET https://hub.getdbt.com/api/v1/dbt-labs/dbt_utils.json
[0m02:59:11.524140 [debug] [MainThread]: Response from registry: GET https://hub.getdbt.com/api/v1/dbt-labs/dbt_utils.json 200
[0m02:59:11.528988 [info ] [MainThread]: Installing dbt-labs/dbt_utils
[0m02:59:11.857168 [info ] [MainThread]: Installed from version 1.1.1
[0m02:59:11.857739 [info ] [MainThread]: Updated version available: 1.3.0
[0m02:59:11.858232 [debug] [MainThread]: Sending event: {'category': 'dbt', 'action': 'package', 'label': 'bee9d995-a6f5-4a8d-be73-760229998952', 'property_': 'install', 'context': [<snowplow_tracker.self_describing_json.SelfDescribingJson object at 0x7fd8f44006e0>, <snowplow_tracker.self_describing_json.SelfDescribingJson object at 0x7fd8f4400350>]}
[0m02:59:11.858605 [info ] [MainThread]: 
[0m02:59:11.858936 [info ] [MainThread]: Updates available for packages: ['dbt-labs/dbt_utils']                 
Update your versions in packages.yml, then run dbt deps
[0m02:59:11.860353 [debug] [MainThread]: Resource report: {"command_name": "deps", "command_success": true, "command_wall_clock_time": 0.9832655, "process_in_blocks": "0", "process_kernel_time": 1.1909, "process_mem_max_rss": "106452", "process_out_blocks": "2232", "process_user_time": 2.281726}
[0m02:59:11.860838 [debug] [MainThread]: Command `dbt deps` succeeded at 02:59:11.860738 after 0.98 seconds
[0m02:59:11.861929 [debug] [MainThread]: Sending event: {'category': 'dbt', 'action': 'invocation', 'label': 'end', 'context': [<snowplow_tracker.self_describing_json.SelfDescribingJson object at 0x7fd8f4720770>, <snowplow_tracker.self_describing_json.SelfDescribingJson object at 0x7fd8f4d2fb60>, <snowplow_tracker.self_describing_json.SelfDescribingJson object at 0x7fd8f71a5c40>]}
[0m02:59:11.862523 [debug] [MainThread]: Flushing usage events
[0m02:59:12.286135 [debug] [MainThread]: An error was encountered while trying to flush usage events
[0m02:59:14.683466 [debug] [MainThread]: Sending event: {'category': 'dbt', 'action': 'invocation', 'label': 'start', 'context': [<snowplow_tracker.self_describing_json.SelfDescribingJson object at 0x7f436c92ecc0>, <snowplow_tracker.self_describing_json.SelfDescribingJson object at 0x7f436c07ec30>, <snowplow_tracker.self_describing_json.SelfDescribingJson object at 0x7f436c3b7980>]}


============================== 02:59:14.687800 | fc6128e3-46b1-43cd-ab81-1c535070a372 ==============================
[0m02:59:14.687800 [info ] [MainThread]: Running with dbt=1.10.7
[0m02:59:14.688489 [debug] [MainThread]: running dbt with arguments {'printer_width': '80', 'indirect_selection': 'eager', 'write_json': 'True', 'log_cache_events': 'False', 'partial_parse': 'True', 'cache_selected_only': 'False', 'warn_error': 'None', 'debug': 'False', 'profiles_dir': '/usr/ELT_Travaux_Angers/dbt', 'log_path': '/usr/ELT_Travaux_Angers/dbt/logs', 'fail_fast': 'False', 'version_check': 'True', 'use_colors': 'True', 'use_experimental_parser': 'False', 'no_print': 'None', 'quiet': 'False', 'empty': 'False', 'warn_error_options': 'WarnErrorOptionsV2(error=[], warn=[], silence=[])', 'invocation_command': 'dbt run', 'log_format': 'default', 'static_parser': 'True', 'target_path': 'None', 'introspect': 'True', 'send_anonymous_usage_stats': 'True'}
[0m02:59:21.582934 [debug] [MainThread]: Sending event: {'category': 'dbt', 'action': 'project_id', 'label': 'fc6128e3-46b1-43cd-ab81-1c535070a372', 'context': [<snowplow_tracker.self_describing_json.SelfDescribingJson object at 0x7f436bc76c60>]}
[0m02:59:21.661311 [debug] [MainThread]: Sending event: {'category': 'dbt', 'action': 'adapter_info', 'label': 'fc6128e3-46b1-43cd-ab81-1c535070a372', 'context': [<snowplow_tracker.self_describing_json.SelfDescribingJson object at 0x7f433798e0f0>]}
[0m02:59:21.662139 [info ] [MainThread]: Registered adapter: bigquery=1.10.1
[0m02:59:21.884554 [debug] [MainThread]: checksum: 44f4b502e2ddc67beed4db71ce39b63f2d3b7fc0b96e49a69b096c8f6cc370bc, vars: {}, profile: , target: , version: 1.10.7
[0m02:59:22.217078 [debug] [MainThread]: Partial parsing enabled: 0 files deleted, 0 files added, 0 files changed.
[0m02:59:22.217679 [debug] [MainThread]: Partial parsing enabled, no changes found, skipping parsing
[0m02:59:22.290495 [debug] [MainThread]: Sending event: {'category': 'dbt', 'action': 'load_project', 'label': 'fc6128e3-46b1-43cd-ab81-1c535070a372', 'context': [<snowplow_tracker.self_describing_json.SelfDescribingJson object at 0x7f433734ffe0>]}
[0m02:59:22.463157 [debug] [MainThread]: Wrote artifact WritableManifest to /usr/ELT_Travaux_Angers/dbt/target/manifest.json
[0m02:59:22.465918 [debug] [MainThread]: Wrote artifact SemanticManifest to /usr/ELT_Travaux_Angers/dbt/target/semantic_manifest.json
[0m02:59:22.527766 [debug] [MainThread]: Sending event: {'category': 'dbt', 'action': 'resource_counts', 'label': 'fc6128e3-46b1-43cd-ab81-1c535070a372', 'context': [<snowplow_tracker.self_describing_json.SelfDescribingJson object at 0x7f43373a23c0>]}
[0m02:59:22.528811 [info ] [MainThread]: Found 9 models, 1 analysis, 17 data tests, 1 source, 610 macros
[0m02:59:22.529561 [debug] [MainThread]: Sending event: {'category': 'dbt', 'action': 'runnable_timing', 'label': 'fc6128e3-46b1-43cd-ab81-1c535070a372', 'context': [<snowplow_tracker.self_describing_json.SelfDescribingJson object at 0x7f4337812de0>]}
[0m02:59:22.534286 [info ] [MainThread]: 
[0m02:59:22.535264 [info ] [MainThread]: Concurrency: 1 threads (target='dev')
[0m02:59:22.535991 [info ] [MainThread]: 
[0m02:59:22.536941 [debug] [MainThread]: Acquiring new bigquery connection 'master'
[0m02:59:22.543679 [debug] [ThreadPool]: Acquiring new bigquery connection 'list_my-project-travaux-angers'
[0m02:59:22.544482 [debug] [ThreadPool]: Opening a new connection, currently in state init
[0m02:59:23.015703 [debug] [ThreadPool]: Opening a new connection, currently in state closed
[0m02:59:23.413420 [debug] [ThreadPool]: Opening a new connection, currently in state closed
[0m02:59:23.849343 [debug] [ThreadPool]: Opening a new connection, currently in state closed
[0m02:59:24.266418 [debug] [ThreadPool]: Re-using an available connection from the pool (formerly list_my-project-travaux-angers, now list_my-project-travaux-angers_travaux_angers_silver)
[0m02:59:24.266946 [debug] [ThreadPool]: Opening a new connection, currently in state closed
[0m02:59:24.660888 [debug] [ThreadPool]: Re-using an available connection from the pool (formerly list_my-project-travaux-angers_travaux_angers_silver, now list_my-project-travaux-angers_travaux_angers_gold)
[0m02:59:24.662334 [debug] [ThreadPool]: Opening a new connection, currently in state closed
[0m02:59:25.084988 [debug] [ThreadPool]: Re-using an available connection from the pool (formerly list_my-project-travaux-angers_travaux_angers_gold, now list_my-project-travaux-angers_travaux_angers)
[0m02:59:25.086961 [debug] [ThreadPool]: Opening a new connection, currently in state closed
[0m02:59:25.456503 [debug] [ThreadPool]: Re-using an available connection from the pool (formerly list_my-project-travaux-angers_travaux_angers, now list_my-project-travaux-angers_travaux_angers_bronze)
[0m02:59:25.459216 [debug] [ThreadPool]: Opening a new connection, currently in state closed
[0m02:59:25.864827 [debug] [MainThread]: Sending event: {'category': 'dbt', 'action': 'runnable_timing', 'label': 'fc6128e3-46b1-43cd-ab81-1c535070a372', 'context': [<snowplow_tracker.self_describing_json.SelfDescribingJson object at 0x7f4337559d30>]}
[0m02:59:25.865495 [debug] [MainThread]: Opening a new connection, currently in state init
[0m02:59:25.912006 [debug] [Thread-1 (]: Began running node model.travaux_angers.analyse_types
[0m02:59:25.912826 [info ] [Thread-1 (]: 1 of 9 START sql view model travaux_angers.analyse_types ....................... [RUN]
[0m02:59:25.913383 [debug] [Thread-1 (]: Re-using an available connection from the pool (formerly list_my-project-travaux-angers_travaux_angers_bronze, now model.travaux_angers.analyse_types)
[0m02:59:25.913734 [debug] [Thread-1 (]: Began compiling node model.travaux_angers.analyse_types
[0m02:59:25.925452 [debug] [Thread-1 (]: Writing injected SQL for node "model.travaux_angers.analyse_types"
[0m02:59:25.927211 [debug] [Thread-1 (]: Began executing node model.travaux_angers.analyse_types
[0m02:59:25.971216 [debug] [Thread-1 (]: Writing runtime sql for node "model.travaux_angers.analyse_types"
[0m02:59:25.972241 [debug] [Thread-1 (]: On model.travaux_angers.analyse_types: /* {"app": "dbt", "dbt_version": "1.10.7", "profile_name": "travaux_angers", "target_name": "dev", "node_id": "model.travaux_angers.analyse_types"} */


  create or replace view `my-project-travaux-angers`.`travaux_angers`.`analyse_types`
  OPTIONS()
  as 

SELECT
    type as type_travaux,
    COUNT(*) as nombre_total,
    COUNT(DISTINCT DATE_TRUNC(startat, MONTH)) as nombre_mois_distincts
FROM `my-project-travaux-angers`.`travaux_angers`.`travaux_angers`
GROUP BY type
ORDER BY nombre_total DESC;


[0m02:59:25.972718 [debug] [Thread-1 (]: Opening a new connection, currently in state closed
[0m02:59:26.615522 [debug] [Thread-1 (]: BigQuery adapter: https://console.cloud.google.com/bigquery?project=my-project-travaux-angers&j=bq:US:ab727938-f8d5-48b7-9898-097ce4d581e3&page=queryresults
[0m02:59:27.155132 [debug] [Thread-1 (]: Sending event: {'category': 'dbt', 'action': 'run_model', 'label': 'fc6128e3-46b1-43cd-ab81-1c535070a372', 'context': [<snowplow_tracker.self_describing_json.SelfDescribingJson object at 0x7f433a74b8c0>]}
[0m02:59:27.156080 [info ] [Thread-1 (]: 1 of 9 OK created sql view model travaux_angers.analyse_types .................. [[32mCREATE VIEW (0 processed)[0m in 1.24s]
[0m02:59:27.156748 [debug] [Thread-1 (]: Finished running node model.travaux_angers.analyse_types
[0m02:59:27.157166 [debug] [Thread-1 (]: Began running node model.travaux_angers.check_columns
[0m02:59:27.157640 [info ] [Thread-1 (]: 2 of 9 START sql view model travaux_angers.check_columns ....................... [RUN]
[0m02:59:27.158178 [debug] [Thread-1 (]: Re-using an available connection from the pool (formerly model.travaux_angers.analyse_types, now model.travaux_angers.check_columns)
[0m02:59:27.158573 [debug] [Thread-1 (]: Began compiling node model.travaux_angers.check_columns
[0m02:59:27.164588 [debug] [Thread-1 (]: Writing injected SQL for node "model.travaux_angers.check_columns"
[0m02:59:27.166038 [debug] [Thread-1 (]: Began executing node model.travaux_angers.check_columns
[0m02:59:27.169616 [debug] [Thread-1 (]: Writing runtime sql for node "model.travaux_angers.check_columns"
[0m02:59:27.170853 [debug] [Thread-1 (]: On model.travaux_angers.check_columns: /* {"app": "dbt", "dbt_version": "1.10.7", "profile_name": "travaux_angers", "target_name": "dev", "node_id": "model.travaux_angers.check_columns"} */


  create or replace view `my-project-travaux-angers`.`travaux_angers`.`check_columns`
  OPTIONS()
  as 

SELECT *
FROM `my-project-travaux-angers`.`travaux_angers`.`travaux_angers`
LIMIT 1;


[0m02:59:27.171373 [debug] [Thread-1 (]: Opening a new connection, currently in state closed
[0m02:59:27.840315 [debug] [Thread-1 (]: BigQuery adapter: https://console.cloud.google.com/bigquery?project=my-project-travaux-angers&j=bq:US:746ba62d-0abb-4c1a-a32f-2e643d3b2d4d&page=queryresults
[0m02:59:28.340302 [debug] [Thread-1 (]: Sending event: {'category': 'dbt', 'action': 'run_model', 'label': 'fc6128e3-46b1-43cd-ab81-1c535070a372', 'context': [<snowplow_tracker.self_describing_json.SelfDescribingJson object at 0x7f4334d75190>]}
[0m02:59:28.341118 [info ] [Thread-1 (]: 2 of 9 OK created sql view model travaux_angers.check_columns .................. [[32mCREATE VIEW (0 processed)[0m in 1.18s]
[0m02:59:28.341712 [debug] [Thread-1 (]: Finished running node model.travaux_angers.check_columns
[0m02:59:28.342122 [debug] [Thread-1 (]: Began running node model.travaux_angers.check_source
[0m02:59:28.342576 [info ] [Thread-1 (]: 3 of 9 START sql view model travaux_angers.check_source ........................ [RUN]
[0m02:59:28.343038 [debug] [Thread-1 (]: Re-using an available connection from the pool (formerly model.travaux_angers.check_columns, now model.travaux_angers.check_source)
[0m02:59:28.343380 [debug] [Thread-1 (]: Began compiling node model.travaux_angers.check_source
[0m02:59:28.348319 [debug] [Thread-1 (]: Writing injected SQL for node "model.travaux_angers.check_source"
[0m02:59:28.350957 [debug] [Thread-1 (]: Began executing node model.travaux_angers.check_source
[0m02:59:28.354249 [debug] [Thread-1 (]: Writing runtime sql for node "model.travaux_angers.check_source"
[0m02:59:28.355058 [debug] [Thread-1 (]: On model.travaux_angers.check_source: /* {"app": "dbt", "dbt_version": "1.10.7", "profile_name": "travaux_angers", "target_name": "dev", "node_id": "model.travaux_angers.check_source"} */


  create or replace view `my-project-travaux-angers`.`travaux_angers`.`check_source`
  OPTIONS()
  as 

SELECT
    column_name,
    data_type
FROM `my-project-travaux-angers.travaux_angers`.INFORMATION_SCHEMA.COLUMNS
WHERE table_name = 'travaux_angers'
ORDER BY ordinal_position;


[0m02:59:28.355500 [debug] [Thread-1 (]: Opening a new connection, currently in state closed
[0m02:59:29.334208 [debug] [Thread-1 (]: BigQuery adapter: https://console.cloud.google.com/bigquery?project=my-project-travaux-angers&j=bq:US:53ead195-5d3d-4737-812c-fe4e68745cbe&page=queryresults
[0m02:59:29.828973 [debug] [Thread-1 (]: Sending event: {'category': 'dbt', 'action': 'run_model', 'label': 'fc6128e3-46b1-43cd-ab81-1c535070a372', 'context': [<snowplow_tracker.self_describing_json.SelfDescribingJson object at 0x7f4337232390>]}
[0m02:59:29.829722 [info ] [Thread-1 (]: 3 of 9 OK created sql view model travaux_angers.check_source ................... [[32mCREATE VIEW (0 processed)[0m in 1.49s]
[0m02:59:29.830397 [debug] [Thread-1 (]: Finished running node model.travaux_angers.check_source
[0m02:59:29.830813 [debug] [Thread-1 (]: Began running node model.travaux_angers.fct_travaux_stats_monthly
[0m02:59:29.831288 [info ] [Thread-1 (]: 4 of 9 START sql table model travaux_angers_gold.fct_travaux_stats_monthly ..... [RUN]
[0m02:59:29.832052 [debug] [Thread-1 (]: Re-using an available connection from the pool (formerly model.travaux_angers.check_source, now model.travaux_angers.fct_travaux_stats_monthly)
[0m02:59:29.832803 [debug] [Thread-1 (]: Began compiling node model.travaux_angers.fct_travaux_stats_monthly
[0m02:59:29.837318 [debug] [Thread-1 (]: Writing injected SQL for node "model.travaux_angers.fct_travaux_stats_monthly"
[0m02:59:29.839785 [debug] [Thread-1 (]: Began executing node model.travaux_angers.fct_travaux_stats_monthly
[0m02:59:29.854297 [debug] [Thread-1 (]: Opening a new connection, currently in state closed
[0m02:59:30.330596 [debug] [Thread-1 (]: Writing runtime sql for node "model.travaux_angers.fct_travaux_stats_monthly"
[0m02:59:30.331534 [debug] [Thread-1 (]: On model.travaux_angers.fct_travaux_stats_monthly: /* {"app": "dbt", "dbt_version": "1.10.7", "profile_name": "travaux_angers", "target_name": "dev", "node_id": "model.travaux_angers.fct_travaux_stats_monthly"} */

  
    

    create or replace table `my-project-travaux-angers`.`travaux_angers_gold`.`fct_travaux_stats_monthly`
      
    
    

    
    OPTIONS()
    as (
      WITH travaux_details AS (
    SELECT
        -- Clés et dimensions
        id,
        type as type_travaux,
        DATE_TRUNC(startat, MONTH) as mois,  -- Date mensuelle
        startat as date_debut,

        -- Métriques temporelles
        DATE_DIFF(endat, startat, DAY) as duree_jours,
        CASE
            WHEN CURRENT_TIMESTAMP() BETWEEN startat AND endat THEN 1
            ELSE 0
        END as est_en_cours,

        -- Géolocalisation
        ST_X(location) as longitude,  -- Extraction de la longitude depuis location
        ST_Y(location) as latitude,   -- Extraction de la latitude depuis location

        -- Autres informations
        title as titre,
        description,
        address as adresse
    FROM `my-project-travaux-angers`.`travaux_angers`.`travaux_angers`
),

statistiques_mensuelles AS (
    SELECT
        mois,
        type_travaux,
        -- Métriques d'agrégation
        COUNT(DISTINCT id) as nombre_travaux,
        SUM(est_en_cours) as travaux_en_cours,
        AVG(duree_jours) as duree_moyenne_jours,
        MIN(duree_jours) as duree_min_jours,
        MAX(duree_jours) as duree_max_jours,
        -- Statistiques additionnelles mensuelles
        COUNT(DISTINCT DATE(date_debut)) as nombre_jours_avec_nouveaux_travaux,
        -- Coordonnées moyennes
        AVG(longitude) as longitude_moyenne,
        AVG(latitude) as latitude_moyenne,
        -- Liste des IDs pour jointure
        STRING_AGG(CAST(id as STRING), ',') as ids_travaux
    FROM travaux_details
    GROUP BY
        mois,
        type_travaux
)

SELECT
    -- Dimensions temporelles et type
    mois,
    type_travaux,
    ids_travaux,

    -- Métriques calculées
    nombre_travaux,
    travaux_en_cours,
    ROUND(duree_moyenne_jours, 1) as duree_moyenne_jours,
    duree_min_jours,
    duree_max_jours,
    nombre_jours_avec_nouveaux_travaux,

    -- Ratios et pourcentages
    SAFE_DIVIDE(travaux_en_cours, nombre_travaux) as ratio_actif,

    -- Position moyenne du groupe
    ST_GEOGPOINT(longitude_moyenne, latitude_moyenne) as position_representative,

    -- Horodatage
    CURRENT_TIMESTAMP() as _updated_at
FROM statistiques_mensuelles
ORDER BY
    mois DESC,
    nombre_travaux DESC
    );
  
[0m02:59:30.874922 [debug] [Thread-1 (]: BigQuery adapter: https://console.cloud.google.com/bigquery?project=my-project-travaux-angers&j=bq:US:a69aa232-a26f-4691-8396-af89ae940990&page=queryresults
[0m02:59:31.094258 [error] [Thread-1 (]: BigQuery adapter: https://console.cloud.google.com/bigquery?project=my-project-travaux-angers&j=bq:US:a69aa232-a26f-4691-8396-af89ae940990&page=queryresults
[0m02:59:31.112440 [debug] [Thread-1 (]: Database Error in model fct_travaux_stats_monthly (models/gold/fct_travaux_stats_monthly.sql)
  No matching signature for function ST_X
    Argument types: STRING
    Signature: ST_X(GEOGRAPHY)
      Argument 1: Unable to coerce type STRING to expected type GEOGRAPHY at [30:9]
  compiled code at target/run/travaux_angers/models/gold/fct_travaux_stats_monthly.sql
[0m02:59:31.113203 [debug] [Thread-1 (]: Sending event: {'category': 'dbt', 'action': 'run_model', 'label': 'fc6128e3-46b1-43cd-ab81-1c535070a372', 'context': [<snowplow_tracker.self_describing_json.SelfDescribingJson object at 0x7f4337232bd0>]}
[0m02:59:31.113907 [error] [Thread-1 (]: 4 of 9 ERROR creating sql table model travaux_angers_gold.fct_travaux_stats_monthly  [[31mERROR[0m in 1.28s]
[0m02:59:31.114526 [debug] [Thread-1 (]: Finished running node model.travaux_angers.fct_travaux_stats_monthly
[0m02:59:31.114976 [debug] [Thread-1 (]: Began running node model.travaux_angers.src_travaux_angers
[0m02:59:31.115513 [info ] [Thread-1 (]: 5 of 9 START sql view model travaux_angers_bronze.src_travaux_angers ........... [RUN]
[0m02:59:31.116044 [debug] [Thread-1 (]: Re-using an available connection from the pool (formerly model.travaux_angers.fct_travaux_stats_monthly, now model.travaux_angers.src_travaux_angers)
[0m02:59:31.116416 [debug] [Thread-1 (]: Began compiling node model.travaux_angers.src_travaux_angers
[0m02:59:31.120699 [debug] [Thread-1 (]: Writing injected SQL for node "model.travaux_angers.src_travaux_angers"
[0m02:59:31.122215 [debug] [Thread-4 (]: Marking all children of 'model.travaux_angers.fct_travaux_stats_monthly' to be skipped because of status 'error'.  Reason: Database Error in model fct_travaux_stats_monthly (models/gold/fct_travaux_stats_monthly.sql)
  No matching signature for function ST_X
    Argument types: STRING
    Signature: ST_X(GEOGRAPHY)
      Argument 1: Unable to coerce type STRING to expected type GEOGRAPHY at [30:9]
  compiled code at target/run/travaux_angers/models/gold/fct_travaux_stats_monthly.sql.
[0m02:59:31.124204 [debug] [Thread-1 (]: Began executing node model.travaux_angers.src_travaux_angers
[0m02:59:31.128557 [debug] [Thread-1 (]: Writing runtime sql for node "model.travaux_angers.src_travaux_angers"
[0m02:59:31.129784 [debug] [Thread-1 (]: On model.travaux_angers.src_travaux_angers: /* {"app": "dbt", "dbt_version": "1.10.7", "profile_name": "travaux_angers", "target_name": "dev", "node_id": "model.travaux_angers.src_travaux_angers"} */


  create or replace view `my-project-travaux-angers`.`travaux_angers_bronze`.`src_travaux_angers`
  OPTIONS()
  as -- bronze/src_travaux_angers.sql
-- Source brute des données de travaux
SELECT
    *,
    CURRENT_TIMESTAMP() as _loaded_at
FROM `my-project-travaux-angers`.`travaux_angers`.`travaux_angers`;


[0m02:59:31.130303 [debug] [Thread-1 (]: Opening a new connection, currently in state closed
[0m02:59:31.672764 [debug] [Thread-1 (]: BigQuery adapter: https://console.cloud.google.com/bigquery?project=my-project-travaux-angers&j=bq:US:b6a9f96c-b02b-4b03-9afb-bbccf302e573&page=queryresults
[0m02:59:32.093653 [debug] [Thread-1 (]: Sending event: {'category': 'dbt', 'action': 'run_model', 'label': 'fc6128e3-46b1-43cd-ab81-1c535070a372', 'context': [<snowplow_tracker.self_describing_json.SelfDescribingJson object at 0x7f4334c060c0>]}
[0m02:59:32.094445 [info ] [Thread-1 (]: 5 of 9 OK created sql view model travaux_angers_bronze.src_travaux_angers ...... [[32mCREATE VIEW (0 processed)[0m in 0.98s]
[0m02:59:32.095123 [debug] [Thread-1 (]: Finished running node model.travaux_angers.src_travaux_angers
[0m02:59:32.096627 [debug] [Thread-1 (]: Began running node model.travaux_angers.stg_travaux_angers
[0m02:59:32.097468 [info ] [Thread-1 (]: 6 of 9 START sql table model travaux_angers_silver.stg_travaux_angers .......... [RUN]
[0m02:59:32.098000 [debug] [Thread-1 (]: Re-using an available connection from the pool (formerly model.travaux_angers.src_travaux_angers, now model.travaux_angers.stg_travaux_angers)
[0m02:59:32.098389 [debug] [Thread-1 (]: Began compiling node model.travaux_angers.stg_travaux_angers
[0m02:59:32.104369 [debug] [Thread-1 (]: Writing injected SQL for node "model.travaux_angers.stg_travaux_angers"
[0m02:59:32.105781 [debug] [Thread-1 (]: Began executing node model.travaux_angers.stg_travaux_angers
[0m02:59:32.108977 [debug] [Thread-1 (]: Opening a new connection, currently in state closed
[0m02:59:32.476013 [debug] [Thread-1 (]: Writing runtime sql for node "model.travaux_angers.stg_travaux_angers"
[0m02:59:32.477393 [debug] [Thread-1 (]: On model.travaux_angers.stg_travaux_angers: /* {"app": "dbt", "dbt_version": "1.10.7", "profile_name": "travaux_angers", "target_name": "dev", "node_id": "model.travaux_angers.stg_travaux_angers"} */

  
    

    create or replace table `my-project-travaux-angers`.`travaux_angers_silver`.`stg_travaux_angers`
      
    
    

    
    OPTIONS()
    as (
      -- silver/stg_travaux_angers.sql
-- Données nettoyées et standardisées
WITH source AS (
    SELECT * FROM `my-project-travaux-angers`.`travaux_angers_bronze`.`src_travaux_angers`
)

SELECT
    -- Informations de base
    id,
    title as titre,
    description,
    address as adresse,

    -- Dates et durée
    TIMESTAMP(startat) as date_debut,
    TIMESTAMP(endat) as date_fin,

    -- Informations sur le trafic et le type
    traffic as impact_trafic,
    type,

    -- Coordonnées géographiques (extraites du geo_point_2d)
    CAST(JSON_EXTRACT(geo_point_2d, '$.lon') as FLOAT64) as longitude,
    CAST(JSON_EXTRACT(geo_point_2d, '$.lat') as FLOAT64) as latitude,

    -- Informations de contact
    contact,
    email,

    -- Métadonnées
    istramway as est_tramway,
    idparking as id_parking,

    -- Horodatage de mise à jour
    CURRENT_TIMESTAMP() as _updated_at
FROM source
    );
  
[0m02:59:33.091507 [debug] [Thread-1 (]: BigQuery adapter: https://console.cloud.google.com/bigquery?project=my-project-travaux-angers&j=bq:US:37c63622-10a1-4800-bfb5-40a0d1cc6eb4&page=queryresults
[0m02:59:35.159496 [debug] [Thread-1 (]: Sending event: {'category': 'dbt', 'action': 'run_model', 'label': 'fc6128e3-46b1-43cd-ab81-1c535070a372', 'context': [<snowplow_tracker.self_describing_json.SelfDescribingJson object at 0x7f4334d29460>]}
[0m02:59:35.160440 [info ] [Thread-1 (]: 6 of 9 OK created sql table model travaux_angers_silver.stg_travaux_angers ..... [[32mCREATE TABLE (20.1k rows, 6.3 MiB processed)[0m in 3.06s]
[0m02:59:35.161109 [debug] [Thread-1 (]: Finished running node model.travaux_angers.stg_travaux_angers
[0m02:59:35.162478 [debug] [Thread-1 (]: Began running node model.travaux_angers.dim_travaux_details
[0m02:59:35.163046 [info ] [Thread-1 (]: 7 of 9 START sql table model travaux_angers_gold.dim_travaux_details ........... [RUN]
[0m02:59:35.164872 [debug] [Thread-1 (]: Re-using an available connection from the pool (formerly model.travaux_angers.stg_travaux_angers, now model.travaux_angers.dim_travaux_details)
[0m02:59:35.165351 [debug] [Thread-1 (]: Began compiling node model.travaux_angers.dim_travaux_details
[0m02:59:35.171508 [debug] [Thread-1 (]: Writing injected SQL for node "model.travaux_angers.dim_travaux_details"
[0m02:59:35.172547 [debug] [Thread-1 (]: Began executing node model.travaux_angers.dim_travaux_details
[0m02:59:35.175197 [debug] [Thread-1 (]: Opening a new connection, currently in state closed
[0m02:59:35.560099 [debug] [Thread-1 (]: Writing runtime sql for node "model.travaux_angers.dim_travaux_details"
[0m02:59:35.561326 [debug] [Thread-1 (]: On model.travaux_angers.dim_travaux_details: /* {"app": "dbt", "dbt_version": "1.10.7", "profile_name": "travaux_angers", "target_name": "dev", "node_id": "model.travaux_angers.dim_travaux_details"} */

  
    

    create or replace table `my-project-travaux-angers`.`travaux_angers_gold`.`dim_travaux_details`
      
    
    

    
    OPTIONS()
    as (
      -- Modèle pour la visualisation des travaux actifs et leurs caractéristiques
WITH travaux_enrichis AS (
    SELECT
        *,
        TIMESTAMP_DIFF(date_fin, date_debut, DAY) as duree_jours,
        CASE
            WHEN CURRENT_TIMESTAMP() BETWEEN date_debut AND date_fin THEN 'En cours'
            WHEN CURRENT_TIMESTAMP() < date_debut THEN 'À venir'
            ELSE 'Terminé'
        END as statut
    FROM `my-project-travaux-angers`.`travaux_angers_silver`.`stg_travaux_angers`
)

SELECT
    id,
    titre,
    date_debut,
    date_fin,
    duree_jours,
    longitude,
    latitude,
    type as type_travaux,
    description,
    adresse,
    statut,
    est_tramway,
    id_parking,
    contact,
    email,
    _updated_at,
    -- Création d'une géométrie pour la visualisation cartographique
    ST_GEOGPOINT(longitude, latitude) as position
FROM travaux_enrichis
    );
  
[0m02:59:36.071118 [debug] [Thread-1 (]: BigQuery adapter: https://console.cloud.google.com/bigquery?project=my-project-travaux-angers&j=bq:US:11c096a3-ba7f-453f-9b3b-e882cd69e8d2&page=queryresults
[0m02:59:38.328342 [debug] [Thread-1 (]: Sending event: {'category': 'dbt', 'action': 'run_model', 'label': 'fc6128e3-46b1-43cd-ab81-1c535070a372', 'context': [<snowplow_tracker.self_describing_json.SelfDescribingJson object at 0x7f43373a30e0>]}
[0m02:59:38.329736 [info ] [Thread-1 (]: 7 of 9 OK created sql table model travaux_angers_gold.dim_travaux_details ...... [[32mCREATE TABLE (20.1k rows, 5.8 MiB processed)[0m in 3.16s]
[0m02:59:38.331022 [debug] [Thread-1 (]: Finished running node model.travaux_angers.dim_travaux_details
[0m02:59:38.331860 [debug] [Thread-1 (]: Began running node model.travaux_angers.fct_travaux_stats
[0m02:59:38.332688 [info ] [Thread-1 (]: 8 of 9 START sql table model travaux_angers_gold.fct_travaux_stats ............. [RUN]
[0m02:59:38.333729 [debug] [Thread-1 (]: Re-using an available connection from the pool (formerly model.travaux_angers.dim_travaux_details, now model.travaux_angers.fct_travaux_stats)
[0m02:59:38.334238 [debug] [Thread-1 (]: Began compiling node model.travaux_angers.fct_travaux_stats
[0m02:59:38.337839 [debug] [Thread-1 (]: Writing injected SQL for node "model.travaux_angers.fct_travaux_stats"
[0m02:59:38.338723 [debug] [Thread-1 (]: Began executing node model.travaux_angers.fct_travaux_stats
[0m02:59:38.342290 [debug] [Thread-1 (]: Opening a new connection, currently in state closed
[0m02:59:38.710602 [debug] [Thread-1 (]: Writing runtime sql for node "model.travaux_angers.fct_travaux_stats"
[0m02:59:38.713361 [debug] [Thread-1 (]: On model.travaux_angers.fct_travaux_stats: /* {"app": "dbt", "dbt_version": "1.10.7", "profile_name": "travaux_angers", "target_name": "dev", "node_id": "model.travaux_angers.fct_travaux_stats"} */

  
    

    create or replace table `my-project-travaux-angers`.`travaux_angers_gold`.`fct_travaux_stats`
      
    
    

    
    OPTIONS()
    as (
      -- Modèle pour les analyses temporelles et les statistiques

WITH travaux_details AS (
    SELECT
        -- Clés et dimensions
        id,
        type as type_travaux,
        DATE_TRUNC(date_debut, DAY) as jour,  -- Changement à une granularité journalière

        -- Métriques temporelles
        DATE_DIFF(date_fin, date_debut, DAY) as duree_jours,
        CASE
            WHEN CURRENT_TIMESTAMP() BETWEEN date_debut AND date_fin THEN 1
            ELSE 0
        END as est_en_cours,

        -- Géolocalisation
        longitude,
        latitude,

        -- Autres informations
        titre,
        description,
        adresse
    FROM `my-project-travaux-angers`.`travaux_angers_silver`.`stg_travaux_angers`
),

statistiques_agregees AS (
    SELECT
        jour,
        type_travaux,
        -- Métriques d'agrégation
        COUNT(DISTINCT id) as nombre_travaux,
        SUM(est_en_cours) as travaux_en_cours,
        AVG(duree_jours) as duree_moyenne_jours,
        MIN(duree_jours) as duree_min_jours,
        MAX(duree_jours) as duree_max_jours,
        -- Coordonnées moyennes
        AVG(longitude) as longitude_moyenne,
        AVG(latitude) as latitude_moyenne,
        -- Liste des IDs pour jointure
        STRING_AGG(CAST(id as STRING), ',') as ids_travaux
    FROM travaux_details
    GROUP BY
        jour,
        type_travaux
)

SELECT
    -- Dimensions temporelles et type
    jour,
    type_travaux,
    ids_travaux,

    -- Métriques calculées
    nombre_travaux,
    travaux_en_cours,
    ROUND(duree_moyenne_jours, 1) as duree_moyenne_jours,
    duree_min_jours,
    duree_max_jours,

    -- Ratios et pourcentages
    SAFE_DIVIDE(travaux_en_cours, nombre_travaux) as ratio_actif,

    -- Position moyenne du groupe
    ST_GEOGPOINT(longitude_moyenne, latitude_moyenne) as position_representative,

    -- Horodatage
    CURRENT_TIMESTAMP() as _updated_at
FROM statistiques_agregees
ORDER BY
    jour DESC,
    nombre_travaux DESC
    );
  
[0m02:59:39.252514 [debug] [Thread-1 (]: BigQuery adapter: https://console.cloud.google.com/bigquery?project=my-project-travaux-angers&j=bq:US:c51c4164-c5f5-4433-b3fc-94fff506f9ba&page=queryresults
[0m02:59:41.604325 [debug] [Thread-1 (]: Sending event: {'category': 'dbt', 'action': 'run_model', 'label': 'fc6128e3-46b1-43cd-ab81-1c535070a372', 'context': [<snowplow_tracker.self_describing_json.SelfDescribingJson object at 0x7f4334d30290>]}
[0m02:59:41.605166 [info ] [Thread-1 (]: 8 of 9 OK created sql table model travaux_angers_gold.fct_travaux_stats ........ [[32mCREATE TABLE (31.0 rows, 921.2 KiB processed)[0m in 3.27s]
[0m02:59:41.605816 [debug] [Thread-1 (]: Finished running node model.travaux_angers.fct_travaux_stats
[0m02:59:41.606463 [debug] [Thread-1 (]: Began running node model.travaux_angers.fct_travaux_stats_daily
[0m02:59:41.607766 [info ] [Thread-1 (]: 9 of 9 START sql table model travaux_angers_gold.fct_travaux_stats_daily ....... [RUN]
[0m02:59:41.608473 [debug] [Thread-1 (]: Re-using an available connection from the pool (formerly model.travaux_angers.fct_travaux_stats, now model.travaux_angers.fct_travaux_stats_daily)
[0m02:59:41.608848 [debug] [Thread-1 (]: Began compiling node model.travaux_angers.fct_travaux_stats_daily
[0m02:59:41.612159 [debug] [Thread-1 (]: Writing injected SQL for node "model.travaux_angers.fct_travaux_stats_daily"
[0m02:59:41.613425 [debug] [Thread-1 (]: Began executing node model.travaux_angers.fct_travaux_stats_daily
[0m02:59:41.616985 [debug] [Thread-1 (]: Opening a new connection, currently in state closed
[0m02:59:42.210016 [debug] [Thread-1 (]: Writing runtime sql for node "model.travaux_angers.fct_travaux_stats_daily"
[0m02:59:42.210911 [debug] [Thread-1 (]: On model.travaux_angers.fct_travaux_stats_daily: /* {"app": "dbt", "dbt_version": "1.10.7", "profile_name": "travaux_angers", "target_name": "dev", "node_id": "model.travaux_angers.fct_travaux_stats_daily"} */

  
    

    create or replace table `my-project-travaux-angers`.`travaux_angers_gold`.`fct_travaux_stats_daily`
      
    
    

    
    OPTIONS()
    as (
      WITH travaux_details AS (
    SELECT
        -- Clés et dimensions
        id,
        type as type_travaux,
        DATE(date_debut) as jour,  -- Date journalière

        -- Métriques temporelles
        DATE_DIFF(date_fin, date_debut, DAY) as duree_jours,
        CASE
            WHEN CURRENT_TIMESTAMP() BETWEEN date_debut AND date_fin THEN 1
            ELSE 0
        END as est_en_cours,

        -- Géolocalisation
        longitude,
        latitude,

        -- Autres informations
        titre,
        description,
        adresse
    FROM `my-project-travaux-angers`.`travaux_angers_silver`.`stg_travaux_angers`
),

statistiques_journalieres AS (
    SELECT
        jour,
        type_travaux,
        -- Métriques d'agrégation
        COUNT(DISTINCT id) as nombre_travaux,
        SUM(est_en_cours) as travaux_en_cours,
        AVG(duree_jours) as duree_moyenne_jours,
        MIN(duree_jours) as duree_min_jours,
        MAX(duree_jours) as duree_max_jours,
        -- Coordonnées moyennes
        AVG(longitude) as longitude_moyenne,
        AVG(latitude) as latitude_moyenne,
        -- Liste des IDs pour jointure
        STRING_AGG(CAST(id as STRING), ',') as ids_travaux
    FROM travaux_details
    GROUP BY
        jour,
        type_travaux
)

SELECT
    -- Dimensions temporelles et type
    jour,
    type_travaux,
    ids_travaux,

    -- Métriques calculées
    nombre_travaux,
    travaux_en_cours,
    ROUND(duree_moyenne_jours, 1) as duree_moyenne_jours,
    duree_min_jours,
    duree_max_jours,

    -- Ratios et pourcentages
    SAFE_DIVIDE(travaux_en_cours, nombre_travaux) as ratio_actif,

    -- Position moyenne du groupe
    ST_GEOGPOINT(longitude_moyenne, latitude_moyenne) as position_representative,

    -- Horodatage
    CURRENT_TIMESTAMP() as _updated_at
FROM statistiques_journalieres
ORDER BY
    jour DESC,
    nombre_travaux DESC
    );
  
[0m02:59:42.725532 [debug] [Thread-1 (]: BigQuery adapter: https://console.cloud.google.com/bigquery?project=my-project-travaux-angers&j=bq:US:b4db5888-bf78-4657-a4db-154907b310cd&page=queryresults
[0m02:59:44.929548 [debug] [Thread-1 (]: Sending event: {'category': 'dbt', 'action': 'run_model', 'label': 'fc6128e3-46b1-43cd-ab81-1c535070a372', 'context': [<snowplow_tracker.self_describing_json.SelfDescribingJson object at 0x7f4334c825d0>]}
[0m02:59:44.931151 [info ] [Thread-1 (]: 9 of 9 OK created sql table model travaux_angers_gold.fct_travaux_stats_daily .. [[32mCREATE TABLE (31.0 rows, 921.2 KiB processed)[0m in 3.32s]
[0m02:59:44.932748 [debug] [Thread-1 (]: Finished running node model.travaux_angers.fct_travaux_stats_daily
[0m02:59:44.935712 [debug] [MainThread]: Opening a new connection, currently in state closed
[0m02:59:45.002410 [debug] [MainThread]: Connection 'master' was properly closed.
[0m02:59:45.003034 [debug] [MainThread]: Connection 'model.travaux_angers.fct_travaux_stats_daily' was properly closed.
[0m02:59:45.003684 [info ] [MainThread]: 
[0m02:59:45.004197 [info ] [MainThread]: Finished running 5 table models, 4 view models in 0 hours 0 minutes and 22.47 seconds (22.47s).
[0m02:59:45.007597 [debug] [MainThread]: Command end result
[0m02:59:45.074545 [debug] [MainThread]: Wrote artifact WritableManifest to /usr/ELT_Travaux_Angers/dbt/target/manifest.json
[0m02:59:45.079980 [debug] [MainThread]: Wrote artifact SemanticManifest to /usr/ELT_Travaux_Angers/dbt/target/semantic_manifest.json
[0m02:59:45.093976 [debug] [MainThread]: Wrote artifact RunExecutionResult to /usr/ELT_Travaux_Angers/dbt/target/run_results.json
[0m02:59:45.094734 [info ] [MainThread]: 
[0m02:59:45.095578 [info ] [MainThread]: [31mCompleted with 1 error, 0 partial successes, and 0 warnings:[0m
[0m02:59:45.096363 [info ] [MainThread]: 
[0m02:59:45.097181 [error] [MainThread]: [31mFailure in model fct_travaux_stats_monthly (models/gold/fct_travaux_stats_monthly.sql)[0m
[0m02:59:45.097950 [error] [MainThread]:   Database Error in model fct_travaux_stats_monthly (models/gold/fct_travaux_stats_monthly.sql)
  No matching signature for function ST_X
    Argument types: STRING
    Signature: ST_X(GEOGRAPHY)
      Argument 1: Unable to coerce type STRING to expected type GEOGRAPHY at [30:9]
  compiled code at target/run/travaux_angers/models/gold/fct_travaux_stats_monthly.sql
[0m02:59:45.098768 [info ] [MainThread]: 
[0m02:59:45.101678 [info ] [MainThread]:   compiled code at target/compiled/travaux_angers/models/gold/fct_travaux_stats_monthly.sql
[0m02:59:45.102862 [info ] [MainThread]: 
[0m02:59:45.103626 [info ] [MainThread]: Done. PASS=8 WARN=0 ERROR=1 SKIP=0 NO-OP=0 TOTAL=9
[0m02:59:45.105511 [debug] [MainThread]: Resource report: {"command_name": "run", "command_success": false, "command_wall_clock_time": 30.394178, "process_in_blocks": "0", "process_kernel_time": 3.754765, "process_mem_max_rss": "407820", "process_out_blocks": "3088", "process_user_time": 8.969157}
[0m02:59:45.106675 [debug] [MainThread]: Command `dbt run` failed at 02:59:45.106393 after 30.40 seconds
[0m02:59:45.107618 [debug] [MainThread]: Sending event: {'category': 'dbt', 'action': 'invocation', 'label': 'end', 'context': [<snowplow_tracker.self_describing_json.SelfDescribingJson object at 0x7f436bda0920>, <snowplow_tracker.self_describing_json.SelfDescribingJson object at 0x7f436bda1370>, <snowplow_tracker.self_describing_json.SelfDescribingJson object at 0x7f436c4593a0>]}
[0m02:59:45.108537 [debug] [MainThread]: Flushing usage events
[0m02:59:45.589369 [debug] [MainThread]: An error was encountered while trying to flush usage events
[0m03:00:55.462339 [debug] [MainThread]: Sending event: {'category': 'dbt', 'action': 'invocation', 'label': 'start', 'context': [<snowplow_tracker.self_describing_json.SelfDescribingJson object at 0x7f6e3ab5f0b0>, <snowplow_tracker.self_describing_json.SelfDescribingJson object at 0x7f6e3ab5cd40>, <snowplow_tracker.self_describing_json.SelfDescribingJson object at 0x7f6e3b28ba70>]}


============================== 03:00:55.465796 | 4a17a642-720a-426e-bda2-ce87f17f7994 ==============================
[0m03:00:55.465796 [info ] [MainThread]: Running with dbt=1.10.7
[0m03:00:55.466776 [debug] [MainThread]: running dbt with arguments {'printer_width': '80', 'indirect_selection': 'eager', 'log_cache_events': 'False', 'write_json': 'True', 'partial_parse': 'True', 'cache_selected_only': 'False', 'profiles_dir': '/usr/ELT_Travaux_Angers/dbt', 'version_check': 'True', 'debug': 'False', 'log_path': '/usr/ELT_Travaux_Angers/dbt/logs', 'fail_fast': 'False', 'warn_error': 'None', 'use_colors': 'True', 'use_experimental_parser': 'False', 'no_print': 'None', 'quiet': 'False', 'empty': 'None', 'warn_error_options': 'WarnErrorOptionsV2(error=[], warn=[], silence=[])', 'introspect': 'True', 'static_parser': 'True', 'log_format': 'default', 'target_path': 'None', 'invocation_command': 'dbt deps', 'send_anonymous_usage_stats': 'True'}
[0m03:00:55.631090 [debug] [MainThread]: Sending event: {'category': 'dbt', 'action': 'project_id', 'label': '4a17a642-720a-426e-bda2-ce87f17f7994', 'context': [<snowplow_tracker.self_describing_json.SelfDescribingJson object at 0x7f6e3a295460>]}
[0m03:00:55.655898 [debug] [MainThread]: Set downloads directory='/tmp/dbt-downloads-4immnpj0'
[0m03:00:55.656636 [debug] [MainThread]: Making package index registry request: GET https://hub.getdbt.com/api/v1/index.json
[0m03:00:55.747634 [debug] [MainThread]: Response from registry index: GET https://hub.getdbt.com/api/v1/index.json 200
[0m03:00:55.748554 [debug] [MainThread]: Making package registry request: GET https://hub.getdbt.com/api/v1/dbt-labs/dbt_utils.json
[0m03:00:55.793709 [debug] [MainThread]: Response from registry: GET https://hub.getdbt.com/api/v1/dbt-labs/dbt_utils.json 200
[0m03:00:55.798138 [info ] [MainThread]: Installing dbt-labs/dbt_utils
[0m03:00:56.119807 [info ] [MainThread]: Installed from version 1.1.1
[0m03:00:56.120334 [info ] [MainThread]: Updated version available: 1.3.0
[0m03:00:56.120755 [debug] [MainThread]: Sending event: {'category': 'dbt', 'action': 'package', 'label': '4a17a642-720a-426e-bda2-ce87f17f7994', 'property_': 'install', 'context': [<snowplow_tracker.self_describing_json.SelfDescribingJson object at 0x7f6e3a297b00>, <snowplow_tracker.self_describing_json.SelfDescribingJson object at 0x7f6e3b0b8c80>]}
[0m03:00:56.121123 [info ] [MainThread]: 
[0m03:00:56.121441 [info ] [MainThread]: Updates available for packages: ['dbt-labs/dbt_utils']                 
Update your versions in packages.yml, then run dbt deps
[0m03:00:56.122484 [debug] [MainThread]: Resource report: {"command_name": "deps", "command_success": true, "command_wall_clock_time": 0.7317215, "process_in_blocks": "0", "process_kernel_time": 0.131253, "process_mem_max_rss": "106600", "process_out_blocks": "2232", "process_user_time": 2.029385}
[0m03:00:56.122980 [debug] [MainThread]: Command `dbt deps` succeeded at 03:00:56.122865 after 0.73 seconds
[0m03:00:56.123311 [debug] [MainThread]: Sending event: {'category': 'dbt', 'action': 'invocation', 'label': 'end', 'context': [<snowplow_tracker.self_describing_json.SelfDescribingJson object at 0x7f6e3b7995e0>, <snowplow_tracker.self_describing_json.SelfDescribingJson object at 0x7f6e3a4c92e0>, <snowplow_tracker.self_describing_json.SelfDescribingJson object at 0x7f6e3a179460>]}
[0m03:00:56.123646 [debug] [MainThread]: Flushing usage events
[0m03:00:56.543215 [debug] [MainThread]: An error was encountered while trying to flush usage events
[0m03:00:58.662863 [debug] [MainThread]: Sending event: {'category': 'dbt', 'action': 'invocation', 'label': 'start', 'context': [<snowplow_tracker.self_describing_json.SelfDescribingJson object at 0x7fcead4a0110>, <snowplow_tracker.self_describing_json.SelfDescribingJson object at 0x7fceab8263f0>, <snowplow_tracker.self_describing_json.SelfDescribingJson object at 0x7fceab826360>]}


============================== 03:00:58.673520 | 081b6bff-fc61-4678-a14d-c788b4e5a1ce ==============================
[0m03:00:58.673520 [info ] [MainThread]: Running with dbt=1.10.7
[0m03:00:58.677316 [debug] [MainThread]: running dbt with arguments {'printer_width': '80', 'indirect_selection': 'eager', 'log_cache_events': 'False', 'write_json': 'True', 'partial_parse': 'True', 'cache_selected_only': 'False', 'warn_error': 'None', 'version_check': 'True', 'debug': 'False', 'log_path': '/usr/ELT_Travaux_Angers/dbt/logs', 'fail_fast': 'False', 'profiles_dir': '/usr/ELT_Travaux_Angers/dbt', 'use_colors': 'True', 'use_experimental_parser': 'False', 'no_print': 'None', 'quiet': 'False', 'empty': 'False', 'log_format': 'default', 'static_parser': 'True', 'introspect': 'True', 'invocation_command': 'dbt run', 'target_path': 'None', 'warn_error_options': 'WarnErrorOptionsV2(error=[], warn=[], silence=[])', 'send_anonymous_usage_stats': 'True'}
[0m03:01:01.971064 [debug] [MainThread]: Sending event: {'category': 'dbt', 'action': 'project_id', 'label': '081b6bff-fc61-4678-a14d-c788b4e5a1ce', 'context': [<snowplow_tracker.self_describing_json.SelfDescribingJson object at 0x7fce769e1d00>]}
[0m03:01:02.046814 [debug] [MainThread]: Sending event: {'category': 'dbt', 'action': 'adapter_info', 'label': '081b6bff-fc61-4678-a14d-c788b4e5a1ce', 'context': [<snowplow_tracker.self_describing_json.SelfDescribingJson object at 0x7fce76965bb0>]}
[0m03:01:02.047641 [info ] [MainThread]: Registered adapter: bigquery=1.10.1
[0m03:01:02.211057 [debug] [MainThread]: checksum: 44f4b502e2ddc67beed4db71ce39b63f2d3b7fc0b96e49a69b096c8f6cc370bc, vars: {}, profile: , target: , version: 1.10.7
[0m03:01:02.401740 [debug] [MainThread]: Partial parsing enabled: 0 files deleted, 0 files added, 0 files changed.
[0m03:01:02.402211 [debug] [MainThread]: Partial parsing enabled, no changes found, skipping parsing
[0m03:01:02.465134 [debug] [MainThread]: Sending event: {'category': 'dbt', 'action': 'load_project', 'label': '081b6bff-fc61-4678-a14d-c788b4e5a1ce', 'context': [<snowplow_tracker.self_describing_json.SelfDescribingJson object at 0x7fce76587200>]}
[0m03:01:02.578072 [debug] [MainThread]: Wrote artifact WritableManifest to /usr/ELT_Travaux_Angers/dbt/target/manifest.json
[0m03:01:02.580138 [debug] [MainThread]: Wrote artifact SemanticManifest to /usr/ELT_Travaux_Angers/dbt/target/semantic_manifest.json
[0m03:01:02.603747 [debug] [MainThread]: Sending event: {'category': 'dbt', 'action': 'resource_counts', 'label': '081b6bff-fc61-4678-a14d-c788b4e5a1ce', 'context': [<snowplow_tracker.self_describing_json.SelfDescribingJson object at 0x7fce761bca70>]}
[0m03:01:02.604543 [info ] [MainThread]: Found 9 models, 1 analysis, 17 data tests, 1 source, 610 macros
[0m03:01:02.605206 [debug] [MainThread]: Sending event: {'category': 'dbt', 'action': 'runnable_timing', 'label': '081b6bff-fc61-4678-a14d-c788b4e5a1ce', 'context': [<snowplow_tracker.self_describing_json.SelfDescribingJson object at 0x7fce7628e0f0>]}
[0m03:01:02.607543 [info ] [MainThread]: 
[0m03:01:02.607971 [info ] [MainThread]: Concurrency: 1 threads (target='dev')
[0m03:01:02.608286 [info ] [MainThread]: 
[0m03:01:02.608823 [debug] [MainThread]: Acquiring new bigquery connection 'master'
[0m03:01:02.614301 [debug] [ThreadPool]: Acquiring new bigquery connection 'list_my-project-travaux-angers'
[0m03:01:02.614792 [debug] [ThreadPool]: Opening a new connection, currently in state init
[0m03:01:03.048143 [debug] [ThreadPool]: Opening a new connection, currently in state closed
[0m03:01:03.500713 [debug] [ThreadPool]: Opening a new connection, currently in state closed
[0m03:01:03.980561 [debug] [ThreadPool]: Opening a new connection, currently in state closed
[0m03:01:04.405291 [debug] [ThreadPool]: Re-using an available connection from the pool (formerly list_my-project-travaux-angers, now list_my-project-travaux-angers_travaux_angers_bronze)
[0m03:01:04.405847 [debug] [ThreadPool]: Opening a new connection, currently in state closed
[0m03:01:04.808280 [debug] [ThreadPool]: Re-using an available connection from the pool (formerly list_my-project-travaux-angers_travaux_angers_bronze, now list_my-project-travaux-angers_travaux_angers_silver)
[0m03:01:04.808853 [debug] [ThreadPool]: Opening a new connection, currently in state closed
[0m03:01:05.339183 [debug] [ThreadPool]: Re-using an available connection from the pool (formerly list_my-project-travaux-angers_travaux_angers_silver, now list_my-project-travaux-angers_travaux_angers)
[0m03:01:05.340732 [debug] [ThreadPool]: Opening a new connection, currently in state closed
[0m03:01:05.728459 [debug] [ThreadPool]: Re-using an available connection from the pool (formerly list_my-project-travaux-angers_travaux_angers, now list_my-project-travaux-angers_travaux_angers_gold)
[0m03:01:05.729007 [debug] [ThreadPool]: Opening a new connection, currently in state closed
[0m03:01:06.103827 [debug] [MainThread]: Sending event: {'category': 'dbt', 'action': 'runnable_timing', 'label': '081b6bff-fc61-4678-a14d-c788b4e5a1ce', 'context': [<snowplow_tracker.self_describing_json.SelfDescribingJson object at 0x7fce766a7980>]}
[0m03:01:06.104673 [debug] [MainThread]: Opening a new connection, currently in state init
[0m03:01:06.156032 [debug] [Thread-1 (]: Began running node model.travaux_angers.analyse_types
[0m03:01:06.156695 [info ] [Thread-1 (]: 1 of 9 START sql view model travaux_angers.analyse_types ....................... [RUN]
[0m03:01:06.157254 [debug] [Thread-1 (]: Re-using an available connection from the pool (formerly list_my-project-travaux-angers_travaux_angers_gold, now model.travaux_angers.analyse_types)
[0m03:01:06.157624 [debug] [Thread-1 (]: Began compiling node model.travaux_angers.analyse_types
[0m03:01:06.167571 [debug] [Thread-1 (]: Writing injected SQL for node "model.travaux_angers.analyse_types"
[0m03:01:06.168356 [debug] [Thread-1 (]: Began executing node model.travaux_angers.analyse_types
[0m03:01:06.205065 [debug] [Thread-1 (]: Writing runtime sql for node "model.travaux_angers.analyse_types"
[0m03:01:06.206849 [debug] [Thread-1 (]: On model.travaux_angers.analyse_types: /* {"app": "dbt", "dbt_version": "1.10.7", "profile_name": "travaux_angers", "target_name": "dev", "node_id": "model.travaux_angers.analyse_types"} */


  create or replace view `my-project-travaux-angers`.`travaux_angers`.`analyse_types`
  OPTIONS()
  as 

SELECT
    type as type_travaux,
    COUNT(*) as nombre_total,
    COUNT(DISTINCT DATE_TRUNC(startat, MONTH)) as nombre_mois_distincts
FROM `my-project-travaux-angers`.`travaux_angers`.`travaux_angers`
GROUP BY type
ORDER BY nombre_total DESC;


[0m03:01:06.207741 [debug] [Thread-1 (]: Opening a new connection, currently in state closed
[0m03:01:06.852888 [debug] [Thread-1 (]: BigQuery adapter: https://console.cloud.google.com/bigquery?project=my-project-travaux-angers&j=bq:US:4f0a1c1e-f261-4680-bfe2-d4b2a5bc98b0&page=queryresults
[0m03:01:07.545181 [debug] [Thread-1 (]: Sending event: {'category': 'dbt', 'action': 'run_model', 'label': '081b6bff-fc61-4678-a14d-c788b4e5a1ce', 'context': [<snowplow_tracker.self_describing_json.SelfDescribingJson object at 0x7fce796d7980>]}
[0m03:01:07.546007 [info ] [Thread-1 (]: 1 of 9 OK created sql view model travaux_angers.analyse_types .................. [[32mCREATE VIEW (0 processed)[0m in 1.39s]
[0m03:01:07.546712 [debug] [Thread-1 (]: Finished running node model.travaux_angers.analyse_types
[0m03:01:07.547139 [debug] [Thread-1 (]: Began running node model.travaux_angers.check_columns
[0m03:01:07.547665 [info ] [Thread-1 (]: 2 of 9 START sql view model travaux_angers.check_columns ....................... [RUN]
[0m03:01:07.548226 [debug] [Thread-1 (]: Re-using an available connection from the pool (formerly model.travaux_angers.analyse_types, now model.travaux_angers.check_columns)
[0m03:01:07.548952 [debug] [Thread-1 (]: Began compiling node model.travaux_angers.check_columns
[0m03:01:07.554252 [debug] [Thread-1 (]: Writing injected SQL for node "model.travaux_angers.check_columns"
[0m03:01:07.555031 [debug] [Thread-1 (]: Began executing node model.travaux_angers.check_columns
[0m03:01:07.558147 [debug] [Thread-1 (]: Writing runtime sql for node "model.travaux_angers.check_columns"
[0m03:01:07.558968 [debug] [Thread-1 (]: On model.travaux_angers.check_columns: /* {"app": "dbt", "dbt_version": "1.10.7", "profile_name": "travaux_angers", "target_name": "dev", "node_id": "model.travaux_angers.check_columns"} */


  create or replace view `my-project-travaux-angers`.`travaux_angers`.`check_columns`
  OPTIONS()
  as 

SELECT *
FROM `my-project-travaux-angers`.`travaux_angers`.`travaux_angers`
LIMIT 1;


[0m03:01:07.559416 [debug] [Thread-1 (]: Opening a new connection, currently in state closed
[0m03:01:08.211919 [debug] [Thread-1 (]: BigQuery adapter: https://console.cloud.google.com/bigquery?project=my-project-travaux-angers&j=bq:US:79dbd3df-f8dd-4de9-bc09-a593ae2ad09f&page=queryresults
[0m03:01:08.873873 [debug] [Thread-1 (]: Sending event: {'category': 'dbt', 'action': 'run_model', 'label': '081b6bff-fc61-4678-a14d-c788b4e5a1ce', 'context': [<snowplow_tracker.self_describing_json.SelfDescribingJson object at 0x7fce74314b60>]}
[0m03:01:08.874706 [info ] [Thread-1 (]: 2 of 9 OK created sql view model travaux_angers.check_columns .................. [[32mCREATE VIEW (0 processed)[0m in 1.33s]
[0m03:01:08.875354 [debug] [Thread-1 (]: Finished running node model.travaux_angers.check_columns
[0m03:01:08.875764 [debug] [Thread-1 (]: Began running node model.travaux_angers.check_source
[0m03:01:08.876232 [info ] [Thread-1 (]: 3 of 9 START sql view model travaux_angers.check_source ........................ [RUN]
[0m03:01:08.876710 [debug] [Thread-1 (]: Re-using an available connection from the pool (formerly model.travaux_angers.check_columns, now model.travaux_angers.check_source)
[0m03:01:08.877073 [debug] [Thread-1 (]: Began compiling node model.travaux_angers.check_source
[0m03:01:08.880419 [debug] [Thread-1 (]: Writing injected SQL for node "model.travaux_angers.check_source"
[0m03:01:08.881587 [debug] [Thread-1 (]: Began executing node model.travaux_angers.check_source
[0m03:01:08.886432 [debug] [Thread-1 (]: Writing runtime sql for node "model.travaux_angers.check_source"
[0m03:01:08.887203 [debug] [Thread-1 (]: On model.travaux_angers.check_source: /* {"app": "dbt", "dbt_version": "1.10.7", "profile_name": "travaux_angers", "target_name": "dev", "node_id": "model.travaux_angers.check_source"} */


  create or replace view `my-project-travaux-angers`.`travaux_angers`.`check_source`
  OPTIONS()
  as 

SELECT
    column_name,
    data_type
FROM `my-project-travaux-angers.travaux_angers`.INFORMATION_SCHEMA.COLUMNS
WHERE table_name = 'travaux_angers'
ORDER BY ordinal_position;


[0m03:01:08.887697 [debug] [Thread-1 (]: Opening a new connection, currently in state closed
[0m03:01:09.436664 [debug] [Thread-1 (]: BigQuery adapter: https://console.cloud.google.com/bigquery?project=my-project-travaux-angers&j=bq:US:6bd6b09c-95c4-4be4-9aa3-3e321ab53069&page=queryresults
[0m03:01:09.911958 [debug] [Thread-1 (]: Sending event: {'category': 'dbt', 'action': 'run_model', 'label': '081b6bff-fc61-4678-a14d-c788b4e5a1ce', 'context': [<snowplow_tracker.self_describing_json.SelfDescribingJson object at 0x7fce742f39e0>]}
[0m03:01:09.912899 [info ] [Thread-1 (]: 3 of 9 OK created sql view model travaux_angers.check_source ................... [[32mCREATE VIEW (0 processed)[0m in 1.04s]
[0m03:01:09.913646 [debug] [Thread-1 (]: Finished running node model.travaux_angers.check_source
[0m03:01:09.914094 [debug] [Thread-1 (]: Began running node model.travaux_angers.fct_travaux_stats_monthly
[0m03:01:09.914586 [info ] [Thread-1 (]: 4 of 9 START sql table model travaux_angers_gold.fct_travaux_stats_monthly ..... [RUN]
[0m03:01:09.915297 [debug] [Thread-1 (]: Re-using an available connection from the pool (formerly model.travaux_angers.check_source, now model.travaux_angers.fct_travaux_stats_monthly)
[0m03:01:09.915719 [debug] [Thread-1 (]: Began compiling node model.travaux_angers.fct_travaux_stats_monthly
[0m03:01:09.921200 [debug] [Thread-1 (]: Writing injected SQL for node "model.travaux_angers.fct_travaux_stats_monthly"
[0m03:01:09.922715 [debug] [Thread-1 (]: Began executing node model.travaux_angers.fct_travaux_stats_monthly
[0m03:01:09.941466 [debug] [Thread-1 (]: Opening a new connection, currently in state closed
[0m03:01:10.375104 [debug] [Thread-1 (]: Writing runtime sql for node "model.travaux_angers.fct_travaux_stats_monthly"
[0m03:01:10.376049 [debug] [Thread-1 (]: On model.travaux_angers.fct_travaux_stats_monthly: /* {"app": "dbt", "dbt_version": "1.10.7", "profile_name": "travaux_angers", "target_name": "dev", "node_id": "model.travaux_angers.fct_travaux_stats_monthly"} */

  
    

    create or replace table `my-project-travaux-angers`.`travaux_angers_gold`.`fct_travaux_stats_monthly`
      
    
    

    
    OPTIONS()
    as (
      WITH travaux_details AS (
    SELECT
        -- Clés et dimensions
        id,
        type as type_travaux,
        DATE_TRUNC(startat, MONTH) as mois,  -- Date mensuelle
        startat as date_debut,

        -- Métriques temporelles
        DATE_DIFF(endat, startat, DAY) as duree_jours,
        CASE
            WHEN CURRENT_TIMESTAMP() BETWEEN startat AND endat THEN 1
            ELSE 0
        END as est_en_cours,

        -- Géolocalisation
        ST_X(location) as longitude,  -- Extraction de la longitude depuis location
        ST_Y(location) as latitude,   -- Extraction de la latitude depuis location

        -- Autres informations
        title as titre,
        description,
        address as adresse
    FROM `my-project-travaux-angers`.`travaux_angers`.`travaux_angers`
),

statistiques_mensuelles AS (
    SELECT
        mois,
        type_travaux,
        -- Métriques d'agrégation
        COUNT(DISTINCT id) as nombre_travaux,
        SUM(est_en_cours) as travaux_en_cours,
        AVG(duree_jours) as duree_moyenne_jours,
        MIN(duree_jours) as duree_min_jours,
        MAX(duree_jours) as duree_max_jours,
        -- Statistiques additionnelles mensuelles
        COUNT(DISTINCT DATE(date_debut)) as nombre_jours_avec_nouveaux_travaux,
        -- Coordonnées moyennes
        AVG(longitude) as longitude_moyenne,
        AVG(latitude) as latitude_moyenne,
        -- Liste des IDs pour jointure
        STRING_AGG(CAST(id as STRING), ',') as ids_travaux
    FROM travaux_details
    GROUP BY
        mois,
        type_travaux
)

SELECT
    -- Dimensions temporelles et type
    mois,
    type_travaux,
    ids_travaux,

    -- Métriques calculées
    nombre_travaux,
    travaux_en_cours,
    ROUND(duree_moyenne_jours, 1) as duree_moyenne_jours,
    duree_min_jours,
    duree_max_jours,
    nombre_jours_avec_nouveaux_travaux,

    -- Ratios et pourcentages
    SAFE_DIVIDE(travaux_en_cours, nombre_travaux) as ratio_actif,

    -- Position moyenne du groupe
    ST_GEOGPOINT(longitude_moyenne, latitude_moyenne) as position_representative,

    -- Horodatage
    CURRENT_TIMESTAMP() as _updated_at
FROM statistiques_mensuelles
ORDER BY
    mois DESC,
    nombre_travaux DESC
    );
  
[0m03:01:10.856482 [debug] [Thread-1 (]: BigQuery adapter: https://console.cloud.google.com/bigquery?project=my-project-travaux-angers&j=bq:US:6460b245-359a-48a7-86bb-2b398c3071ef&page=queryresults
[0m03:01:11.067297 [error] [Thread-1 (]: BigQuery adapter: https://console.cloud.google.com/bigquery?project=my-project-travaux-angers&j=bq:US:6460b245-359a-48a7-86bb-2b398c3071ef&page=queryresults
[0m03:01:11.071955 [debug] [Thread-1 (]: Database Error in model fct_travaux_stats_monthly (models/gold/fct_travaux_stats_monthly.sql)
  No matching signature for function ST_X
    Argument types: STRING
    Signature: ST_X(GEOGRAPHY)
      Argument 1: Unable to coerce type STRING to expected type GEOGRAPHY at [30:9]
  compiled code at target/run/travaux_angers/models/gold/fct_travaux_stats_monthly.sql
[0m03:01:11.072616 [debug] [Thread-1 (]: Sending event: {'category': 'dbt', 'action': 'run_model', 'label': '081b6bff-fc61-4678-a14d-c788b4e5a1ce', 'context': [<snowplow_tracker.self_describing_json.SelfDescribingJson object at 0x7fce7603e9f0>]}
[0m03:01:11.073253 [error] [Thread-1 (]: 4 of 9 ERROR creating sql table model travaux_angers_gold.fct_travaux_stats_monthly  [[31mERROR[0m in 1.16s]
[0m03:01:11.073899 [debug] [Thread-1 (]: Finished running node model.travaux_angers.fct_travaux_stats_monthly
[0m03:01:11.074314 [debug] [Thread-1 (]: Began running node model.travaux_angers.src_travaux_angers
[0m03:01:11.074790 [info ] [Thread-1 (]: 5 of 9 START sql view model travaux_angers_bronze.src_travaux_angers ........... [RUN]
[0m03:01:11.075237 [debug] [Thread-1 (]: Re-using an available connection from the pool (formerly model.travaux_angers.fct_travaux_stats_monthly, now model.travaux_angers.src_travaux_angers)
[0m03:01:11.075589 [debug] [Thread-1 (]: Began compiling node model.travaux_angers.src_travaux_angers
[0m03:01:11.076430 [debug] [Thread-4 (]: Marking all children of 'model.travaux_angers.fct_travaux_stats_monthly' to be skipped because of status 'error'.  Reason: Database Error in model fct_travaux_stats_monthly (models/gold/fct_travaux_stats_monthly.sql)
  No matching signature for function ST_X
    Argument types: STRING
    Signature: ST_X(GEOGRAPHY)
      Argument 1: Unable to coerce type STRING to expected type GEOGRAPHY at [30:9]
  compiled code at target/run/travaux_angers/models/gold/fct_travaux_stats_monthly.sql.
[0m03:01:11.081127 [debug] [Thread-1 (]: Writing injected SQL for node "model.travaux_angers.src_travaux_angers"
[0m03:01:11.082840 [debug] [Thread-1 (]: Began executing node model.travaux_angers.src_travaux_angers
[0m03:01:11.086218 [debug] [Thread-1 (]: Writing runtime sql for node "model.travaux_angers.src_travaux_angers"
[0m03:01:11.087103 [debug] [Thread-1 (]: On model.travaux_angers.src_travaux_angers: /* {"app": "dbt", "dbt_version": "1.10.7", "profile_name": "travaux_angers", "target_name": "dev", "node_id": "model.travaux_angers.src_travaux_angers"} */


  create or replace view `my-project-travaux-angers`.`travaux_angers_bronze`.`src_travaux_angers`
  OPTIONS()
  as -- bronze/src_travaux_angers.sql
-- Source brute des données de travaux
SELECT
    *,
    CURRENT_TIMESTAMP() as _loaded_at
FROM `my-project-travaux-angers`.`travaux_angers`.`travaux_angers`;


[0m03:01:11.087505 [debug] [Thread-1 (]: Opening a new connection, currently in state closed
[0m03:01:11.682571 [debug] [Thread-1 (]: BigQuery adapter: https://console.cloud.google.com/bigquery?project=my-project-travaux-angers&j=bq:US:38ce6514-9a78-4c64-a70f-0842b735b88f&page=queryresults
[0m03:01:12.326443 [debug] [Thread-1 (]: Sending event: {'category': 'dbt', 'action': 'run_model', 'label': '081b6bff-fc61-4678-a14d-c788b4e5a1ce', 'context': [<snowplow_tracker.self_describing_json.SelfDescribingJson object at 0x7fce742760c0>]}
[0m03:01:12.327238 [info ] [Thread-1 (]: 5 of 9 OK created sql view model travaux_angers_bronze.src_travaux_angers ...... [[32mCREATE VIEW (0 processed)[0m in 1.25s]
[0m03:01:12.327918 [debug] [Thread-1 (]: Finished running node model.travaux_angers.src_travaux_angers
[0m03:01:12.329054 [debug] [Thread-1 (]: Began running node model.travaux_angers.stg_travaux_angers
[0m03:01:12.329584 [info ] [Thread-1 (]: 6 of 9 START sql table model travaux_angers_silver.stg_travaux_angers .......... [RUN]
[0m03:01:12.330051 [debug] [Thread-1 (]: Re-using an available connection from the pool (formerly model.travaux_angers.src_travaux_angers, now model.travaux_angers.stg_travaux_angers)
[0m03:01:12.330432 [debug] [Thread-1 (]: Began compiling node model.travaux_angers.stg_travaux_angers
[0m03:01:12.335365 [debug] [Thread-1 (]: Writing injected SQL for node "model.travaux_angers.stg_travaux_angers"
[0m03:01:12.336196 [debug] [Thread-1 (]: Began executing node model.travaux_angers.stg_travaux_angers
[0m03:01:12.338705 [debug] [Thread-1 (]: Opening a new connection, currently in state closed
[0m03:01:12.734681 [debug] [Thread-1 (]: Writing runtime sql for node "model.travaux_angers.stg_travaux_angers"
[0m03:01:12.735642 [debug] [Thread-1 (]: On model.travaux_angers.stg_travaux_angers: /* {"app": "dbt", "dbt_version": "1.10.7", "profile_name": "travaux_angers", "target_name": "dev", "node_id": "model.travaux_angers.stg_travaux_angers"} */

  
    

    create or replace table `my-project-travaux-angers`.`travaux_angers_silver`.`stg_travaux_angers`
      
    
    

    
    OPTIONS()
    as (
      -- silver/stg_travaux_angers.sql
-- Données nettoyées et standardisées
WITH source AS (
    SELECT * FROM `my-project-travaux-angers`.`travaux_angers_bronze`.`src_travaux_angers`
)

SELECT
    -- Informations de base
    id,
    title as titre,
    description,
    address as adresse,

    -- Dates et durée
    TIMESTAMP(startat) as date_debut,
    TIMESTAMP(endat) as date_fin,

    -- Informations sur le trafic et le type
    traffic as impact_trafic,
    type,

    -- Coordonnées géographiques (extraites du geo_point_2d)
    CAST(JSON_EXTRACT(geo_point_2d, '$.lon') as FLOAT64) as longitude,
    CAST(JSON_EXTRACT(geo_point_2d, '$.lat') as FLOAT64) as latitude,

    -- Informations de contact
    contact,
    email,

    -- Métadonnées
    istramway as est_tramway,
    idparking as id_parking,

    -- Horodatage de mise à jour
    CURRENT_TIMESTAMP() as _updated_at
FROM source
    );
  
[0m03:01:13.512659 [debug] [Thread-1 (]: BigQuery adapter: https://console.cloud.google.com/bigquery?project=my-project-travaux-angers&j=bq:US:1d08c119-47c1-41d5-bada-19a7864fa50a&page=queryresults
[0m03:01:15.988132 [debug] [Thread-1 (]: Sending event: {'category': 'dbt', 'action': 'run_model', 'label': '081b6bff-fc61-4678-a14d-c788b4e5a1ce', 'context': [<snowplow_tracker.self_describing_json.SelfDescribingJson object at 0x7fce7419c6b0>]}
[0m03:01:15.988916 [info ] [Thread-1 (]: 6 of 9 OK created sql table model travaux_angers_silver.stg_travaux_angers ..... [[32mCREATE TABLE (21.1k rows, 6.7 MiB processed)[0m in 3.66s]
[0m03:01:15.989595 [debug] [Thread-1 (]: Finished running node model.travaux_angers.stg_travaux_angers
[0m03:01:15.991132 [debug] [Thread-1 (]: Began running node model.travaux_angers.dim_travaux_details
[0m03:01:15.991654 [info ] [Thread-1 (]: 7 of 9 START sql table model travaux_angers_gold.dim_travaux_details ........... [RUN]
[0m03:01:15.992141 [debug] [Thread-1 (]: Re-using an available connection from the pool (formerly model.travaux_angers.stg_travaux_angers, now model.travaux_angers.dim_travaux_details)
[0m03:01:15.992500 [debug] [Thread-1 (]: Began compiling node model.travaux_angers.dim_travaux_details
[0m03:01:15.995863 [debug] [Thread-1 (]: Writing injected SQL for node "model.travaux_angers.dim_travaux_details"
[0m03:01:15.997048 [debug] [Thread-1 (]: Began executing node model.travaux_angers.dim_travaux_details
[0m03:01:15.999639 [debug] [Thread-1 (]: Opening a new connection, currently in state closed
[0m03:01:16.414420 [debug] [Thread-1 (]: Writing runtime sql for node "model.travaux_angers.dim_travaux_details"
[0m03:01:16.415464 [debug] [Thread-1 (]: On model.travaux_angers.dim_travaux_details: /* {"app": "dbt", "dbt_version": "1.10.7", "profile_name": "travaux_angers", "target_name": "dev", "node_id": "model.travaux_angers.dim_travaux_details"} */

  
    

    create or replace table `my-project-travaux-angers`.`travaux_angers_gold`.`dim_travaux_details`
      
    
    

    
    OPTIONS()
    as (
      -- Modèle pour la visualisation des travaux actifs et leurs caractéristiques
WITH travaux_enrichis AS (
    SELECT
        *,
        TIMESTAMP_DIFF(date_fin, date_debut, DAY) as duree_jours,
        CASE
            WHEN CURRENT_TIMESTAMP() BETWEEN date_debut AND date_fin THEN 'En cours'
            WHEN CURRENT_TIMESTAMP() < date_debut THEN 'À venir'
            ELSE 'Terminé'
        END as statut
    FROM `my-project-travaux-angers`.`travaux_angers_silver`.`stg_travaux_angers`
)

SELECT
    id,
    titre,
    date_debut,
    date_fin,
    duree_jours,
    longitude,
    latitude,
    type as type_travaux,
    description,
    adresse,
    statut,
    est_tramway,
    id_parking,
    contact,
    email,
    _updated_at,
    -- Création d'une géométrie pour la visualisation cartographique
    ST_GEOGPOINT(longitude, latitude) as position
FROM travaux_enrichis
    );
  
[0m03:01:16.973145 [debug] [Thread-1 (]: BigQuery adapter: https://console.cloud.google.com/bigquery?project=my-project-travaux-angers&j=bq:US:a703111f-cfbe-4e1a-aa1b-09da5de4f536&page=queryresults
[0m03:01:19.129386 [debug] [Thread-1 (]: Sending event: {'category': 'dbt', 'action': 'run_model', 'label': '081b6bff-fc61-4678-a14d-c788b4e5a1ce', 'context': [<snowplow_tracker.self_describing_json.SelfDescribingJson object at 0x7fce7620a8d0>]}
[0m03:01:19.130324 [info ] [Thread-1 (]: 7 of 9 OK created sql table model travaux_angers_gold.dim_travaux_details ...... [[32mCREATE TABLE (21.1k rows, 6.1 MiB processed)[0m in 3.14s]
[0m03:01:19.131040 [debug] [Thread-1 (]: Finished running node model.travaux_angers.dim_travaux_details
[0m03:01:19.131535 [debug] [Thread-1 (]: Began running node model.travaux_angers.fct_travaux_stats
[0m03:01:19.132030 [info ] [Thread-1 (]: 8 of 9 START sql table model travaux_angers_gold.fct_travaux_stats ............. [RUN]
[0m03:01:19.132690 [debug] [Thread-1 (]: Re-using an available connection from the pool (formerly model.travaux_angers.dim_travaux_details, now model.travaux_angers.fct_travaux_stats)
[0m03:01:19.133046 [debug] [Thread-1 (]: Began compiling node model.travaux_angers.fct_travaux_stats
[0m03:01:19.136708 [debug] [Thread-1 (]: Writing injected SQL for node "model.travaux_angers.fct_travaux_stats"
[0m03:01:19.137401 [debug] [Thread-1 (]: Began executing node model.travaux_angers.fct_travaux_stats
[0m03:01:19.140099 [debug] [Thread-1 (]: Opening a new connection, currently in state closed
[0m03:01:19.529726 [debug] [Thread-1 (]: Writing runtime sql for node "model.travaux_angers.fct_travaux_stats"
[0m03:01:19.530781 [debug] [Thread-1 (]: On model.travaux_angers.fct_travaux_stats: /* {"app": "dbt", "dbt_version": "1.10.7", "profile_name": "travaux_angers", "target_name": "dev", "node_id": "model.travaux_angers.fct_travaux_stats"} */

  
    

    create or replace table `my-project-travaux-angers`.`travaux_angers_gold`.`fct_travaux_stats`
      
    
    

    
    OPTIONS()
    as (
      -- Modèle pour les analyses temporelles et les statistiques

WITH travaux_details AS (
    SELECT
        -- Clés et dimensions
        id,
        type as type_travaux,
        DATE_TRUNC(date_debut, DAY) as jour,  -- Changement à une granularité journalière

        -- Métriques temporelles
        DATE_DIFF(date_fin, date_debut, DAY) as duree_jours,
        CASE
            WHEN CURRENT_TIMESTAMP() BETWEEN date_debut AND date_fin THEN 1
            ELSE 0
        END as est_en_cours,

        -- Géolocalisation
        longitude,
        latitude,

        -- Autres informations
        titre,
        description,
        adresse
    FROM `my-project-travaux-angers`.`travaux_angers_silver`.`stg_travaux_angers`
),

statistiques_agregees AS (
    SELECT
        jour,
        type_travaux,
        -- Métriques d'agrégation
        COUNT(DISTINCT id) as nombre_travaux,
        SUM(est_en_cours) as travaux_en_cours,
        AVG(duree_jours) as duree_moyenne_jours,
        MIN(duree_jours) as duree_min_jours,
        MAX(duree_jours) as duree_max_jours,
        -- Coordonnées moyennes
        AVG(longitude) as longitude_moyenne,
        AVG(latitude) as latitude_moyenne,
        -- Liste des IDs pour jointure
        STRING_AGG(CAST(id as STRING), ',') as ids_travaux
    FROM travaux_details
    GROUP BY
        jour,
        type_travaux
)

SELECT
    -- Dimensions temporelles et type
    jour,
    type_travaux,
    ids_travaux,

    -- Métriques calculées
    nombre_travaux,
    travaux_en_cours,
    ROUND(duree_moyenne_jours, 1) as duree_moyenne_jours,
    duree_min_jours,
    duree_max_jours,

    -- Ratios et pourcentages
    SAFE_DIVIDE(travaux_en_cours, nombre_travaux) as ratio_actif,

    -- Position moyenne du groupe
    ST_GEOGPOINT(longitude_moyenne, latitude_moyenne) as position_representative,

    -- Horodatage
    CURRENT_TIMESTAMP() as _updated_at
FROM statistiques_agregees
ORDER BY
    jour DESC,
    nombre_travaux DESC
    );
  
[0m03:01:20.026384 [debug] [Thread-1 (]: BigQuery adapter: https://console.cloud.google.com/bigquery?project=my-project-travaux-angers&j=bq:US:91cfb909-9c5d-4e91-99ee-82a25f0a315b&page=queryresults
[0m03:01:22.517042 [debug] [Thread-1 (]: Sending event: {'category': 'dbt', 'action': 'run_model', 'label': '081b6bff-fc61-4678-a14d-c788b4e5a1ce', 'context': [<snowplow_tracker.self_describing_json.SelfDescribingJson object at 0x7fce74271070>]}
[0m03:01:22.517873 [info ] [Thread-1 (]: 8 of 9 OK created sql table model travaux_angers_gold.fct_travaux_stats ........ [[32mCREATE TABLE (31.0 rows, 966.6 KiB processed)[0m in 3.38s]
[0m03:01:22.518487 [debug] [Thread-1 (]: Finished running node model.travaux_angers.fct_travaux_stats
[0m03:01:22.518868 [debug] [Thread-1 (]: Began running node model.travaux_angers.fct_travaux_stats_daily
[0m03:01:22.519323 [info ] [Thread-1 (]: 9 of 9 START sql table model travaux_angers_gold.fct_travaux_stats_daily ....... [RUN]
[0m03:01:22.519760 [debug] [Thread-1 (]: Re-using an available connection from the pool (formerly model.travaux_angers.fct_travaux_stats, now model.travaux_angers.fct_travaux_stats_daily)
[0m03:01:22.520136 [debug] [Thread-1 (]: Began compiling node model.travaux_angers.fct_travaux_stats_daily
[0m03:01:22.523734 [debug] [Thread-1 (]: Writing injected SQL for node "model.travaux_angers.fct_travaux_stats_daily"
[0m03:01:22.524628 [debug] [Thread-1 (]: Began executing node model.travaux_angers.fct_travaux_stats_daily
[0m03:01:22.527637 [debug] [Thread-1 (]: Opening a new connection, currently in state closed
[0m03:01:22.934364 [debug] [Thread-1 (]: Writing runtime sql for node "model.travaux_angers.fct_travaux_stats_daily"
[0m03:01:22.935883 [debug] [Thread-1 (]: On model.travaux_angers.fct_travaux_stats_daily: /* {"app": "dbt", "dbt_version": "1.10.7", "profile_name": "travaux_angers", "target_name": "dev", "node_id": "model.travaux_angers.fct_travaux_stats_daily"} */

  
    

    create or replace table `my-project-travaux-angers`.`travaux_angers_gold`.`fct_travaux_stats_daily`
      
    
    

    
    OPTIONS()
    as (
      WITH travaux_details AS (
    SELECT
        -- Clés et dimensions
        id,
        type as type_travaux,
        DATE(date_debut) as jour,  -- Date journalière

        -- Métriques temporelles
        DATE_DIFF(date_fin, date_debut, DAY) as duree_jours,
        CASE
            WHEN CURRENT_TIMESTAMP() BETWEEN date_debut AND date_fin THEN 1
            ELSE 0
        END as est_en_cours,

        -- Géolocalisation
        longitude,
        latitude,

        -- Autres informations
        titre,
        description,
        adresse
    FROM `my-project-travaux-angers`.`travaux_angers_silver`.`stg_travaux_angers`
),

statistiques_journalieres AS (
    SELECT
        jour,
        type_travaux,
        -- Métriques d'agrégation
        COUNT(DISTINCT id) as nombre_travaux,
        SUM(est_en_cours) as travaux_en_cours,
        AVG(duree_jours) as duree_moyenne_jours,
        MIN(duree_jours) as duree_min_jours,
        MAX(duree_jours) as duree_max_jours,
        -- Coordonnées moyennes
        AVG(longitude) as longitude_moyenne,
        AVG(latitude) as latitude_moyenne,
        -- Liste des IDs pour jointure
        STRING_AGG(CAST(id as STRING), ',') as ids_travaux
    FROM travaux_details
    GROUP BY
        jour,
        type_travaux
)

SELECT
    -- Dimensions temporelles et type
    jour,
    type_travaux,
    ids_travaux,

    -- Métriques calculées
    nombre_travaux,
    travaux_en_cours,
    ROUND(duree_moyenne_jours, 1) as duree_moyenne_jours,
    duree_min_jours,
    duree_max_jours,

    -- Ratios et pourcentages
    SAFE_DIVIDE(travaux_en_cours, nombre_travaux) as ratio_actif,

    -- Position moyenne du groupe
    ST_GEOGPOINT(longitude_moyenne, latitude_moyenne) as position_representative,

    -- Horodatage
    CURRENT_TIMESTAMP() as _updated_at
FROM statistiques_journalieres
ORDER BY
    jour DESC,
    nombre_travaux DESC
    );
  
[0m03:01:23.445385 [debug] [Thread-1 (]: BigQuery adapter: https://console.cloud.google.com/bigquery?project=my-project-travaux-angers&j=bq:US:950e7238-656d-4e22-9878-9d509cc543f2&page=queryresults
[0m03:01:25.918921 [debug] [Thread-1 (]: Sending event: {'category': 'dbt', 'action': 'run_model', 'label': '081b6bff-fc61-4678-a14d-c788b4e5a1ce', 'context': [<snowplow_tracker.self_describing_json.SelfDescribingJson object at 0x7fce74272420>]}
[0m03:01:25.919739 [info ] [Thread-1 (]: 9 of 9 OK created sql table model travaux_angers_gold.fct_travaux_stats_daily .. [[32mCREATE TABLE (31.0 rows, 966.6 KiB processed)[0m in 3.40s]
[0m03:01:25.920362 [debug] [Thread-1 (]: Finished running node model.travaux_angers.fct_travaux_stats_daily
[0m03:01:25.922575 [debug] [MainThread]: Opening a new connection, currently in state closed
[0m03:01:25.966278 [debug] [MainThread]: Connection 'master' was properly closed.
[0m03:01:25.966753 [debug] [MainThread]: Connection 'model.travaux_angers.fct_travaux_stats_daily' was properly closed.
[0m03:01:25.967187 [info ] [MainThread]: 
[0m03:01:25.967590 [info ] [MainThread]: Finished running 5 table models, 4 view models in 0 hours 0 minutes and 23.36 seconds (23.36s).
[0m03:01:25.969175 [debug] [MainThread]: Command end result
[0m03:01:26.005193 [debug] [MainThread]: Wrote artifact WritableManifest to /usr/ELT_Travaux_Angers/dbt/target/manifest.json
[0m03:01:26.007676 [debug] [MainThread]: Wrote artifact SemanticManifest to /usr/ELT_Travaux_Angers/dbt/target/semantic_manifest.json
[0m03:01:26.016478 [debug] [MainThread]: Wrote artifact RunExecutionResult to /usr/ELT_Travaux_Angers/dbt/target/run_results.json
[0m03:01:26.017354 [info ] [MainThread]: 
[0m03:01:26.017766 [info ] [MainThread]: [31mCompleted with 1 error, 0 partial successes, and 0 warnings:[0m
[0m03:01:26.018091 [info ] [MainThread]: 
[0m03:01:26.018454 [error] [MainThread]: [31mFailure in model fct_travaux_stats_monthly (models/gold/fct_travaux_stats_monthly.sql)[0m
[0m03:01:26.018822 [error] [MainThread]:   Database Error in model fct_travaux_stats_monthly (models/gold/fct_travaux_stats_monthly.sql)
  No matching signature for function ST_X
    Argument types: STRING
    Signature: ST_X(GEOGRAPHY)
      Argument 1: Unable to coerce type STRING to expected type GEOGRAPHY at [30:9]
  compiled code at target/run/travaux_angers/models/gold/fct_travaux_stats_monthly.sql
[0m03:01:26.019095 [info ] [MainThread]: 
[0m03:01:26.019412 [info ] [MainThread]:   compiled code at target/compiled/travaux_angers/models/gold/fct_travaux_stats_monthly.sql
[0m03:01:26.019682 [info ] [MainThread]: 
[0m03:01:26.019983 [info ] [MainThread]: Done. PASS=8 WARN=0 ERROR=1 SKIP=0 NO-OP=0 TOTAL=9
[0m03:01:26.020984 [debug] [MainThread]: Resource report: {"command_name": "run", "command_success": false, "command_wall_clock_time": 27.328028, "process_in_blocks": "0", "process_kernel_time": 0.591661, "process_mem_max_rss": "409812", "process_out_blocks": "3104", "process_user_time": 7.742598}
[0m03:01:26.021436 [debug] [MainThread]: Command `dbt run` failed at 03:01:26.021343 after 27.33 seconds
[0m03:01:26.021786 [debug] [MainThread]: Sending event: {'category': 'dbt', 'action': 'invocation', 'label': 'end', 'context': [<snowplow_tracker.self_describing_json.SelfDescribingJson object at 0x7fceaab69640>, <snowplow_tracker.self_describing_json.SelfDescribingJson object at 0x7fce761bffb0>, <snowplow_tracker.self_describing_json.SelfDescribingJson object at 0x7fce761bfd70>]}
[0m03:01:26.022097 [debug] [MainThread]: Flushing usage events
[0m03:01:26.520570 [debug] [MainThread]: An error was encountered while trying to flush usage events
