Traceback (most recent call last):
  File "/usr/ELT_Travaux_Angers/extract.py", line 3, in <module>
    import pandas as pd
ModuleNotFoundError: No module named 'pandas'
Exécution de extract.py...
Erreur lors de l'exécution du script : Command '['/usr/bin/python3', 'extract.py']' returned non-zero exit status 1.
Traceback (most recent call last):
  File "/usr/ELT_Travaux_Angers/extract.py", line 3, in <module>
    import pandas as pd
ModuleNotFoundError: No module named 'pandas'
Exécution de extract.py...
Erreur lors de l'exécution du script : Command '['/usr/bin/python3', 'extract.py']' returned non-zero exit status 1.
Traceback (most recent call last):
  File "/usr/ELT_Travaux_Angers/extract.py", line 3, in <module>
    import pandas as pd
ModuleNotFoundError: No module named 'pandas'
Exécution de extract.py...
Erreur lors de l'exécution du script : Command '['/usr/bin/python3', 'extract.py']' returned non-zero exit status 1.
Traceback (most recent call last):
  File "/usr/ELT_Travaux_Angers/run_etl.py", line 4, in <module>
    import pandas as pd
ModuleNotFoundError: No module named 'pandas'
Traceback (most recent call last):
  File "/usr/ELT_Travaux_Angers/run_etl.py", line 4, in <module>
    import pandas as pd
ModuleNotFoundError: No module named 'pandas'
2025-08-09 23:24:03,072 - INFO - Début de la récupération des données.
2025-08-09 23:24:03,073 - INFO - Requête 1/45 : https://data.angers.fr/api/explore/v2.1/catalog/datasets/info-travaux/records?where=startat%3C=now()%20AND%20endat%3E=now()&limit=100&offset=0
2025-08-09 23:24:03,311 - INFO - 44 résultats ajoutés (total : 44)
2025-08-09 23:24:03,311 - INFO - Requête 2/45 : https://data.angers.fr/api/explore/v2.1/catalog/datasets/info-travaux/records?where=startat%3C=now()%20AND%20endat%3E=now()&limit=100&offset=1
2025-08-09 23:24:03,521 - INFO - 43 résultats ajoutés (total : 87)
2025-08-09 23:24:03,521 - INFO - Requête 3/45 : https://data.angers.fr/api/explore/v2.1/catalog/datasets/info-travaux/records?where=startat%3C=now()%20AND%20endat%3E=now()&limit=100&offset=2
2025-08-09 23:24:03,767 - INFO - 42 résultats ajoutés (total : 129)
2025-08-09 23:24:03,767 - INFO - Requête 4/45 : https://data.angers.fr/api/explore/v2.1/catalog/datasets/info-travaux/records?where=startat%3C=now()%20AND%20endat%3E=now()&limit=100&offset=3
2025-08-09 23:24:03,951 - INFO - 41 résultats ajoutés (total : 170)
2025-08-09 23:24:03,951 - INFO - Requête 5/45 : https://data.angers.fr/api/explore/v2.1/catalog/datasets/info-travaux/records?where=startat%3C=now()%20AND%20endat%3E=now()&limit=100&offset=4
2025-08-09 23:24:04,159 - INFO - 40 résultats ajoutés (total : 210)
2025-08-09 23:24:04,160 - INFO - Requête 6/45 : https://data.angers.fr/api/explore/v2.1/catalog/datasets/info-travaux/records?where=startat%3C=now()%20AND%20endat%3E=now()&limit=100&offset=5
2025-08-09 23:24:04,383 - INFO - 39 résultats ajoutés (total : 249)
2025-08-09 23:24:04,383 - INFO - Requête 7/45 : https://data.angers.fr/api/explore/v2.1/catalog/datasets/info-travaux/records?where=startat%3C=now()%20AND%20endat%3E=now()&limit=100&offset=6
2025-08-09 23:24:04,677 - INFO - 38 résultats ajoutés (total : 287)
2025-08-09 23:24:04,677 - INFO - Requête 8/45 : https://data.angers.fr/api/explore/v2.1/catalog/datasets/info-travaux/records?where=startat%3C=now()%20AND%20endat%3E=now()&limit=100&offset=7
2025-08-09 23:24:04,936 - INFO - 37 résultats ajoutés (total : 324)
2025-08-09 23:24:04,936 - INFO - Requête 9/45 : https://data.angers.fr/api/explore/v2.1/catalog/datasets/info-travaux/records?where=startat%3C=now()%20AND%20endat%3E=now()&limit=100&offset=8
2025-08-09 23:24:05,139 - INFO - 36 résultats ajoutés (total : 360)
2025-08-09 23:24:05,140 - INFO - Requête 10/45 : https://data.angers.fr/api/explore/v2.1/catalog/datasets/info-travaux/records?where=startat%3C=now()%20AND%20endat%3E=now()&limit=100&offset=9
2025-08-09 23:24:05,340 - INFO - 35 résultats ajoutés (total : 395)
2025-08-09 23:24:05,340 - INFO - Requête 11/45 : https://data.angers.fr/api/explore/v2.1/catalog/datasets/info-travaux/records?where=startat%3C=now()%20AND%20endat%3E=now()&limit=100&offset=10
2025-08-09 23:24:05,570 - INFO - 34 résultats ajoutés (total : 429)
2025-08-09 23:24:05,570 - INFO - Requête 12/45 : https://data.angers.fr/api/explore/v2.1/catalog/datasets/info-travaux/records?where=startat%3C=now()%20AND%20endat%3E=now()&limit=100&offset=11
2025-08-09 23:24:05,770 - INFO - 33 résultats ajoutés (total : 462)
2025-08-09 23:24:05,771 - INFO - Requête 13/45 : https://data.angers.fr/api/explore/v2.1/catalog/datasets/info-travaux/records?where=startat%3C=now()%20AND%20endat%3E=now()&limit=100&offset=12
2025-08-09 23:24:05,972 - INFO - 32 résultats ajoutés (total : 494)
2025-08-09 23:24:05,972 - INFO - Requête 14/45 : https://data.angers.fr/api/explore/v2.1/catalog/datasets/info-travaux/records?where=startat%3C=now()%20AND%20endat%3E=now()&limit=100&offset=13
2025-08-09 23:24:06,151 - INFO - 31 résultats ajoutés (total : 525)
2025-08-09 23:24:06,151 - INFO - Requête 15/45 : https://data.angers.fr/api/explore/v2.1/catalog/datasets/info-travaux/records?where=startat%3C=now()%20AND%20endat%3E=now()&limit=100&offset=14
2025-08-09 23:24:06,340 - INFO - 30 résultats ajoutés (total : 555)
2025-08-09 23:24:06,342 - INFO - Requête 16/45 : https://data.angers.fr/api/explore/v2.1/catalog/datasets/info-travaux/records?where=startat%3C=now()%20AND%20endat%3E=now()&limit=100&offset=15
2025-08-09 23:24:07,135 - INFO - 29 résultats ajoutés (total : 584)
2025-08-09 23:24:07,136 - INFO - Requête 17/45 : https://data.angers.fr/api/explore/v2.1/catalog/datasets/info-travaux/records?where=startat%3C=now()%20AND%20endat%3E=now()&limit=100&offset=16
2025-08-09 23:24:07,996 - INFO - 28 résultats ajoutés (total : 612)
2025-08-09 23:24:07,997 - INFO - Requête 18/45 : https://data.angers.fr/api/explore/v2.1/catalog/datasets/info-travaux/records?where=startat%3C=now()%20AND%20endat%3E=now()&limit=100&offset=17
2025-08-09 23:24:08,296 - INFO - 27 résultats ajoutés (total : 639)
2025-08-09 23:24:08,296 - INFO - Requête 19/45 : https://data.angers.fr/api/explore/v2.1/catalog/datasets/info-travaux/records?where=startat%3C=now()%20AND%20endat%3E=now()&limit=100&offset=18
2025-08-09 23:24:08,487 - INFO - 26 résultats ajoutés (total : 665)
2025-08-09 23:24:08,487 - INFO - Requête 20/45 : https://data.angers.fr/api/explore/v2.1/catalog/datasets/info-travaux/records?where=startat%3C=now()%20AND%20endat%3E=now()&limit=100&offset=19
2025-08-09 23:24:08,723 - INFO - 25 résultats ajoutés (total : 690)
2025-08-09 23:24:08,725 - INFO - Requête 21/45 : https://data.angers.fr/api/explore/v2.1/catalog/datasets/info-travaux/records?where=startat%3C=now()%20AND%20endat%3E=now()&limit=100&offset=20
2025-08-09 23:24:08,952 - INFO - 24 résultats ajoutés (total : 714)
2025-08-09 23:24:08,953 - INFO - Requête 22/45 : https://data.angers.fr/api/explore/v2.1/catalog/datasets/info-travaux/records?where=startat%3C=now()%20AND%20endat%3E=now()&limit=100&offset=21
2025-08-09 23:24:09,167 - INFO - 23 résultats ajoutés (total : 737)
2025-08-09 23:24:09,167 - INFO - Requête 23/45 : https://data.angers.fr/api/explore/v2.1/catalog/datasets/info-travaux/records?where=startat%3C=now()%20AND%20endat%3E=now()&limit=100&offset=22
2025-08-09 23:24:09,378 - INFO - 22 résultats ajoutés (total : 759)
2025-08-09 23:24:09,378 - INFO - Requête 24/45 : https://data.angers.fr/api/explore/v2.1/catalog/datasets/info-travaux/records?where=startat%3C=now()%20AND%20endat%3E=now()&limit=100&offset=23
2025-08-09 23:24:09,587 - INFO - 21 résultats ajoutés (total : 780)
2025-08-09 23:24:09,588 - INFO - Requête 25/45 : https://data.angers.fr/api/explore/v2.1/catalog/datasets/info-travaux/records?where=startat%3C=now()%20AND%20endat%3E=now()&limit=100&offset=24
2025-08-09 23:24:09,770 - INFO - 20 résultats ajoutés (total : 800)
2025-08-09 23:24:09,771 - INFO - Requête 26/45 : https://data.angers.fr/api/explore/v2.1/catalog/datasets/info-travaux/records?where=startat%3C=now()%20AND%20endat%3E=now()&limit=100&offset=25
2025-08-09 23:24:09,955 - INFO - 19 résultats ajoutés (total : 819)
2025-08-09 23:24:09,955 - INFO - Requête 27/45 : https://data.angers.fr/api/explore/v2.1/catalog/datasets/info-travaux/records?where=startat%3C=now()%20AND%20endat%3E=now()&limit=100&offset=26
2025-08-09 23:24:10,293 - INFO - 18 résultats ajoutés (total : 837)
2025-08-09 23:24:10,293 - INFO - Requête 28/45 : https://data.angers.fr/api/explore/v2.1/catalog/datasets/info-travaux/records?where=startat%3C=now()%20AND%20endat%3E=now()&limit=100&offset=27
2025-08-09 23:24:10,530 - INFO - 17 résultats ajoutés (total : 854)
2025-08-09 23:24:10,530 - INFO - Requête 29/45 : https://data.angers.fr/api/explore/v2.1/catalog/datasets/info-travaux/records?where=startat%3C=now()%20AND%20endat%3E=now()&limit=100&offset=28
2025-08-09 23:24:10,779 - INFO - 16 résultats ajoutés (total : 870)
2025-08-09 23:24:10,780 - INFO - Requête 30/45 : https://data.angers.fr/api/explore/v2.1/catalog/datasets/info-travaux/records?where=startat%3C=now()%20AND%20endat%3E=now()&limit=100&offset=29
2025-08-09 23:24:11,049 - INFO - 15 résultats ajoutés (total : 885)
2025-08-09 23:24:11,049 - INFO - Requête 31/45 : https://data.angers.fr/api/explore/v2.1/catalog/datasets/info-travaux/records?where=startat%3C=now()%20AND%20endat%3E=now()&limit=100&offset=30
2025-08-09 23:24:11,316 - INFO - 14 résultats ajoutés (total : 899)
2025-08-09 23:24:11,316 - INFO - Requête 32/45 : https://data.angers.fr/api/explore/v2.1/catalog/datasets/info-travaux/records?where=startat%3C=now()%20AND%20endat%3E=now()&limit=100&offset=31
2025-08-09 23:24:11,503 - INFO - 13 résultats ajoutés (total : 912)
2025-08-09 23:24:11,504 - INFO - Requête 33/45 : https://data.angers.fr/api/explore/v2.1/catalog/datasets/info-travaux/records?where=startat%3C=now()%20AND%20endat%3E=now()&limit=100&offset=32
2025-08-09 23:24:12,190 - INFO - 12 résultats ajoutés (total : 924)
2025-08-09 23:24:12,196 - INFO - Requête 34/45 : https://data.angers.fr/api/explore/v2.1/catalog/datasets/info-travaux/records?where=startat%3C=now()%20AND%20endat%3E=now()&limit=100&offset=33
2025-08-09 23:24:12,373 - INFO - 11 résultats ajoutés (total : 935)
2025-08-09 23:24:12,374 - INFO - Requête 35/45 : https://data.angers.fr/api/explore/v2.1/catalog/datasets/info-travaux/records?where=startat%3C=now()%20AND%20endat%3E=now()&limit=100&offset=34
2025-08-09 23:24:12,526 - INFO - 10 résultats ajoutés (total : 945)
2025-08-09 23:24:12,526 - INFO - Requête 36/45 : https://data.angers.fr/api/explore/v2.1/catalog/datasets/info-travaux/records?where=startat%3C=now()%20AND%20endat%3E=now()&limit=100&offset=35
2025-08-09 23:24:12,737 - INFO - 9 résultats ajoutés (total : 954)
2025-08-09 23:24:12,738 - INFO - Requête 37/45 : https://data.angers.fr/api/explore/v2.1/catalog/datasets/info-travaux/records?where=startat%3C=now()%20AND%20endat%3E=now()&limit=100&offset=36
2025-08-09 23:24:12,946 - INFO - 8 résultats ajoutés (total : 962)
2025-08-09 23:24:12,947 - INFO - Requête 38/45 : https://data.angers.fr/api/explore/v2.1/catalog/datasets/info-travaux/records?where=startat%3C=now()%20AND%20endat%3E=now()&limit=100&offset=37
2025-08-09 23:24:13,119 - INFO - 7 résultats ajoutés (total : 969)
2025-08-09 23:24:13,119 - INFO - Requête 39/45 : https://data.angers.fr/api/explore/v2.1/catalog/datasets/info-travaux/records?where=startat%3C=now()%20AND%20endat%3E=now()&limit=100&offset=38
2025-08-09 23:24:13,441 - INFO - 6 résultats ajoutés (total : 975)
2025-08-09 23:24:13,442 - INFO - Requête 40/45 : https://data.angers.fr/api/explore/v2.1/catalog/datasets/info-travaux/records?where=startat%3C=now()%20AND%20endat%3E=now()&limit=100&offset=39
2025-08-09 23:24:13,622 - INFO - 5 résultats ajoutés (total : 980)
2025-08-09 23:24:13,622 - INFO - Requête 41/45 : https://data.angers.fr/api/explore/v2.1/catalog/datasets/info-travaux/records?where=startat%3C=now()%20AND%20endat%3E=now()&limit=100&offset=40
2025-08-09 23:24:13,814 - INFO - 4 résultats ajoutés (total : 984)
2025-08-09 23:24:13,815 - INFO - Requête 42/45 : https://data.angers.fr/api/explore/v2.1/catalog/datasets/info-travaux/records?where=startat%3C=now()%20AND%20endat%3E=now()&limit=100&offset=41
2025-08-09 23:24:14,008 - INFO - 3 résultats ajoutés (total : 987)
2025-08-09 23:24:14,009 - INFO - Requête 43/45 : https://data.angers.fr/api/explore/v2.1/catalog/datasets/info-travaux/records?where=startat%3C=now()%20AND%20endat%3E=now()&limit=100&offset=42
2025-08-09 23:24:14,270 - INFO - 2 résultats ajoutés (total : 989)
2025-08-09 23:24:14,271 - INFO - Requête 44/45 : https://data.angers.fr/api/explore/v2.1/catalog/datasets/info-travaux/records?where=startat%3C=now()%20AND%20endat%3E=now()&limit=100&offset=43
2025-08-09 23:24:14,465 - INFO - 1 résultats ajoutés (total : 990)
2025-08-09 23:24:14,466 - INFO - Requête 45/45 : https://data.angers.fr/api/explore/v2.1/catalog/datasets/info-travaux/records?where=startat%3C=now()%20AND%20endat%3E=now()&limit=100&offset=44
2025-08-09 23:24:14,637 - INFO - 0 résultats ajoutés (total : 990)
2025-08-09 23:24:14,684 - INFO - Toutes les données ont été enregistrées dans /usr/ELT_Travaux_Angers/data/data.csv
Traceback (most recent call last):
  File "/usr/ELT_Travaux_Angers/load.py", line 3, in <module>
    from google.cloud import bigquery
ModuleNotFoundError: No module named 'google'
Exécution de extract.py...
Exécution de load.py...
Erreur lors de l'exécution du script : Command '['/usr/bin/python3', 'load.py']' returned non-zero exit status 1.
2025-08-09 23:26:02,410 INFO:Début de l'ETL
2025-08-09 23:26:02,411 INFO:Exécution de extract.py...
2025-08-09 23:26:03,241 - INFO - Début de la récupération des données.
2025-08-09 23:26:03,241 - INFO - Requête 1/45 : https://data.angers.fr/api/explore/v2.1/catalog/datasets/info-travaux/records?where=startat%3C=now()%20AND%20endat%3E=now()&limit=100&offset=0
2025-08-09 23:26:03,459 - INFO - 44 résultats ajoutés (total : 44)
2025-08-09 23:26:03,459 - INFO - Requête 2/45 : https://data.angers.fr/api/explore/v2.1/catalog/datasets/info-travaux/records?where=startat%3C=now()%20AND%20endat%3E=now()&limit=100&offset=1
2025-08-09 23:26:03,657 - INFO - 43 résultats ajoutés (total : 87)
2025-08-09 23:26:03,657 - INFO - Requête 3/45 : https://data.angers.fr/api/explore/v2.1/catalog/datasets/info-travaux/records?where=startat%3C=now()%20AND%20endat%3E=now()&limit=100&offset=2
2025-08-09 23:26:03,854 - INFO - 42 résultats ajoutés (total : 129)
2025-08-09 23:26:03,854 - INFO - Requête 4/45 : https://data.angers.fr/api/explore/v2.1/catalog/datasets/info-travaux/records?where=startat%3C=now()%20AND%20endat%3E=now()&limit=100&offset=3
2025-08-09 23:26:04,282 - INFO - 41 résultats ajoutés (total : 170)
2025-08-09 23:26:04,283 - INFO - Requête 5/45 : https://data.angers.fr/api/explore/v2.1/catalog/datasets/info-travaux/records?where=startat%3C=now()%20AND%20endat%3E=now()&limit=100&offset=4
2025-08-09 23:26:04,543 - INFO - 40 résultats ajoutés (total : 210)
2025-08-09 23:26:04,544 - INFO - Requête 6/45 : https://data.angers.fr/api/explore/v2.1/catalog/datasets/info-travaux/records?where=startat%3C=now()%20AND%20endat%3E=now()&limit=100&offset=5
2025-08-09 23:26:04,776 - INFO - 39 résultats ajoutés (total : 249)
2025-08-09 23:26:04,776 - INFO - Requête 7/45 : https://data.angers.fr/api/explore/v2.1/catalog/datasets/info-travaux/records?where=startat%3C=now()%20AND%20endat%3E=now()&limit=100&offset=6
2025-08-09 23:26:04,985 - INFO - 38 résultats ajoutés (total : 287)
2025-08-09 23:26:04,986 - INFO - Requête 8/45 : https://data.angers.fr/api/explore/v2.1/catalog/datasets/info-travaux/records?where=startat%3C=now()%20AND%20endat%3E=now()&limit=100&offset=7
2025-08-09 23:26:05,195 - INFO - 37 résultats ajoutés (total : 324)
2025-08-09 23:26:05,196 - INFO - Requête 9/45 : https://data.angers.fr/api/explore/v2.1/catalog/datasets/info-travaux/records?where=startat%3C=now()%20AND%20endat%3E=now()&limit=100&offset=8
2025-08-09 23:26:05,374 - INFO - 36 résultats ajoutés (total : 360)
2025-08-09 23:26:05,374 - INFO - Requête 10/45 : https://data.angers.fr/api/explore/v2.1/catalog/datasets/info-travaux/records?where=startat%3C=now()%20AND%20endat%3E=now()&limit=100&offset=9
2025-08-09 23:26:05,558 - INFO - 35 résultats ajoutés (total : 395)
2025-08-09 23:26:05,559 - INFO - Requête 11/45 : https://data.angers.fr/api/explore/v2.1/catalog/datasets/info-travaux/records?where=startat%3C=now()%20AND%20endat%3E=now()&limit=100&offset=10
2025-08-09 23:26:05,747 - INFO - 34 résultats ajoutés (total : 429)
2025-08-09 23:26:05,747 - INFO - Requête 12/45 : https://data.angers.fr/api/explore/v2.1/catalog/datasets/info-travaux/records?where=startat%3C=now()%20AND%20endat%3E=now()&limit=100&offset=11
2025-08-09 23:26:05,921 - INFO - 33 résultats ajoutés (total : 462)
2025-08-09 23:26:05,921 - INFO - Requête 13/45 : https://data.angers.fr/api/explore/v2.1/catalog/datasets/info-travaux/records?where=startat%3C=now()%20AND%20endat%3E=now()&limit=100&offset=12
2025-08-09 23:26:06,136 - INFO - 32 résultats ajoutés (total : 494)
2025-08-09 23:26:06,136 - INFO - Requête 14/45 : https://data.angers.fr/api/explore/v2.1/catalog/datasets/info-travaux/records?where=startat%3C=now()%20AND%20endat%3E=now()&limit=100&offset=13
2025-08-09 23:26:06,876 - INFO - 31 résultats ajoutés (total : 525)
2025-08-09 23:26:06,876 - INFO - Requête 15/45 : https://data.angers.fr/api/explore/v2.1/catalog/datasets/info-travaux/records?where=startat%3C=now()%20AND%20endat%3E=now()&limit=100&offset=14
2025-08-09 23:26:07,058 - INFO - 30 résultats ajoutés (total : 555)
2025-08-09 23:26:07,059 - INFO - Requête 16/45 : https://data.angers.fr/api/explore/v2.1/catalog/datasets/info-travaux/records?where=startat%3C=now()%20AND%20endat%3E=now()&limit=100&offset=15
2025-08-09 23:26:07,230 - INFO - 29 résultats ajoutés (total : 584)
2025-08-09 23:26:07,231 - INFO - Requête 17/45 : https://data.angers.fr/api/explore/v2.1/catalog/datasets/info-travaux/records?where=startat%3C=now()%20AND%20endat%3E=now()&limit=100&offset=16
2025-08-09 23:26:07,419 - INFO - 28 résultats ajoutés (total : 612)
2025-08-09 23:26:07,420 - INFO - Requête 18/45 : https://data.angers.fr/api/explore/v2.1/catalog/datasets/info-travaux/records?where=startat%3C=now()%20AND%20endat%3E=now()&limit=100&offset=17
2025-08-09 23:26:07,619 - INFO - 27 résultats ajoutés (total : 639)
2025-08-09 23:26:07,619 - INFO - Requête 19/45 : https://data.angers.fr/api/explore/v2.1/catalog/datasets/info-travaux/records?where=startat%3C=now()%20AND%20endat%3E=now()&limit=100&offset=18
2025-08-09 23:26:07,802 - INFO - 26 résultats ajoutés (total : 665)
2025-08-09 23:26:07,802 - INFO - Requête 20/45 : https://data.angers.fr/api/explore/v2.1/catalog/datasets/info-travaux/records?where=startat%3C=now()%20AND%20endat%3E=now()&limit=100&offset=19
2025-08-09 23:26:07,999 - INFO - 25 résultats ajoutés (total : 690)
2025-08-09 23:26:07,999 - INFO - Requête 21/45 : https://data.angers.fr/api/explore/v2.1/catalog/datasets/info-travaux/records?where=startat%3C=now()%20AND%20endat%3E=now()&limit=100&offset=20
2025-08-09 23:26:08,165 - INFO - 24 résultats ajoutés (total : 714)
2025-08-09 23:26:08,165 - INFO - Requête 22/45 : https://data.angers.fr/api/explore/v2.1/catalog/datasets/info-travaux/records?where=startat%3C=now()%20AND%20endat%3E=now()&limit=100&offset=21
2025-08-09 23:26:08,332 - INFO - 23 résultats ajoutés (total : 737)
2025-08-09 23:26:08,333 - INFO - Requête 23/45 : https://data.angers.fr/api/explore/v2.1/catalog/datasets/info-travaux/records?where=startat%3C=now()%20AND%20endat%3E=now()&limit=100&offset=22
2025-08-09 23:26:08,507 - INFO - 22 résultats ajoutés (total : 759)
2025-08-09 23:26:08,507 - INFO - Requête 24/45 : https://data.angers.fr/api/explore/v2.1/catalog/datasets/info-travaux/records?where=startat%3C=now()%20AND%20endat%3E=now()&limit=100&offset=23
2025-08-09 23:26:08,683 - INFO - 21 résultats ajoutés (total : 780)
2025-08-09 23:26:08,683 - INFO - Requête 25/45 : https://data.angers.fr/api/explore/v2.1/catalog/datasets/info-travaux/records?where=startat%3C=now()%20AND%20endat%3E=now()&limit=100&offset=24
2025-08-09 23:26:08,941 - INFO - 20 résultats ajoutés (total : 800)
2025-08-09 23:26:08,941 - INFO - Requête 26/45 : https://data.angers.fr/api/explore/v2.1/catalog/datasets/info-travaux/records?where=startat%3C=now()%20AND%20endat%3E=now()&limit=100&offset=25
2025-08-09 23:26:09,225 - INFO - 19 résultats ajoutés (total : 819)
2025-08-09 23:26:09,225 - INFO - Requête 27/45 : https://data.angers.fr/api/explore/v2.1/catalog/datasets/info-travaux/records?where=startat%3C=now()%20AND%20endat%3E=now()&limit=100&offset=26
2025-08-09 23:26:09,719 - INFO - 18 résultats ajoutés (total : 837)
2025-08-09 23:26:09,719 - INFO - Requête 28/45 : https://data.angers.fr/api/explore/v2.1/catalog/datasets/info-travaux/records?where=startat%3C=now()%20AND%20endat%3E=now()&limit=100&offset=27
2025-08-09 23:26:09,899 - INFO - 17 résultats ajoutés (total : 854)
2025-08-09 23:26:09,899 - INFO - Requête 29/45 : https://data.angers.fr/api/explore/v2.1/catalog/datasets/info-travaux/records?where=startat%3C=now()%20AND%20endat%3E=now()&limit=100&offset=28
2025-08-09 23:26:10,154 - INFO - 16 résultats ajoutés (total : 870)
2025-08-09 23:26:10,155 - INFO - Requête 30/45 : https://data.angers.fr/api/explore/v2.1/catalog/datasets/info-travaux/records?where=startat%3C=now()%20AND%20endat%3E=now()&limit=100&offset=29
2025-08-09 23:26:10,370 - INFO - 15 résultats ajoutés (total : 885)
2025-08-09 23:26:10,371 - INFO - Requête 31/45 : https://data.angers.fr/api/explore/v2.1/catalog/datasets/info-travaux/records?where=startat%3C=now()%20AND%20endat%3E=now()&limit=100&offset=30
2025-08-09 23:26:10,540 - INFO - 14 résultats ajoutés (total : 899)
2025-08-09 23:26:10,541 - INFO - Requête 32/45 : https://data.angers.fr/api/explore/v2.1/catalog/datasets/info-travaux/records?where=startat%3C=now()%20AND%20endat%3E=now()&limit=100&offset=31
2025-08-09 23:26:10,735 - INFO - 13 résultats ajoutés (total : 912)
2025-08-09 23:26:10,735 - INFO - Requête 33/45 : https://data.angers.fr/api/explore/v2.1/catalog/datasets/info-travaux/records?where=startat%3C=now()%20AND%20endat%3E=now()&limit=100&offset=32
2025-08-09 23:26:10,909 - INFO - 12 résultats ajoutés (total : 924)
2025-08-09 23:26:10,910 - INFO - Requête 34/45 : https://data.angers.fr/api/explore/v2.1/catalog/datasets/info-travaux/records?where=startat%3C=now()%20AND%20endat%3E=now()&limit=100&offset=33
2025-08-09 23:26:11,087 - INFO - 11 résultats ajoutés (total : 935)
2025-08-09 23:26:11,088 - INFO - Requête 35/45 : https://data.angers.fr/api/explore/v2.1/catalog/datasets/info-travaux/records?where=startat%3C=now()%20AND%20endat%3E=now()&limit=100&offset=34
2025-08-09 23:26:11,270 - INFO - 10 résultats ajoutés (total : 945)
2025-08-09 23:26:11,270 - INFO - Requête 36/45 : https://data.angers.fr/api/explore/v2.1/catalog/datasets/info-travaux/records?where=startat%3C=now()%20AND%20endat%3E=now()&limit=100&offset=35
2025-08-09 23:26:11,432 - INFO - 9 résultats ajoutés (total : 954)
2025-08-09 23:26:11,432 - INFO - Requête 37/45 : https://data.angers.fr/api/explore/v2.1/catalog/datasets/info-travaux/records?where=startat%3C=now()%20AND%20endat%3E=now()&limit=100&offset=36
2025-08-09 23:26:11,620 - INFO - 8 résultats ajoutés (total : 962)
2025-08-09 23:26:11,621 - INFO - Requête 38/45 : https://data.angers.fr/api/explore/v2.1/catalog/datasets/info-travaux/records?where=startat%3C=now()%20AND%20endat%3E=now()&limit=100&offset=37
2025-08-09 23:26:11,811 - INFO - 7 résultats ajoutés (total : 969)
2025-08-09 23:26:11,812 - INFO - Requête 39/45 : https://data.angers.fr/api/explore/v2.1/catalog/datasets/info-travaux/records?where=startat%3C=now()%20AND%20endat%3E=now()&limit=100&offset=38
2025-08-09 23:26:11,978 - INFO - 6 résultats ajoutés (total : 975)
2025-08-09 23:26:11,978 - INFO - Requête 40/45 : https://data.angers.fr/api/explore/v2.1/catalog/datasets/info-travaux/records?where=startat%3C=now()%20AND%20endat%3E=now()&limit=100&offset=39
2025-08-09 23:26:12,148 - INFO - 5 résultats ajoutés (total : 980)
2025-08-09 23:26:12,148 - INFO - Requête 41/45 : https://data.angers.fr/api/explore/v2.1/catalog/datasets/info-travaux/records?where=startat%3C=now()%20AND%20endat%3E=now()&limit=100&offset=40
2025-08-09 23:26:12,317 - INFO - 4 résultats ajoutés (total : 984)
2025-08-09 23:26:12,317 - INFO - Requête 42/45 : https://data.angers.fr/api/explore/v2.1/catalog/datasets/info-travaux/records?where=startat%3C=now()%20AND%20endat%3E=now()&limit=100&offset=41
2025-08-09 23:26:12,481 - INFO - 3 résultats ajoutés (total : 987)
2025-08-09 23:26:12,481 - INFO - Requête 43/45 : https://data.angers.fr/api/explore/v2.1/catalog/datasets/info-travaux/records?where=startat%3C=now()%20AND%20endat%3E=now()&limit=100&offset=42
2025-08-09 23:26:12,650 - INFO - 2 résultats ajoutés (total : 989)
2025-08-09 23:26:12,650 - INFO - Requête 44/45 : https://data.angers.fr/api/explore/v2.1/catalog/datasets/info-travaux/records?where=startat%3C=now()%20AND%20endat%3E=now()&limit=100&offset=43
2025-08-09 23:26:12,809 - INFO - 1 résultats ajoutés (total : 990)
2025-08-09 23:26:12,810 - INFO - Requête 45/45 : https://data.angers.fr/api/explore/v2.1/catalog/datasets/info-travaux/records?where=startat%3C=now()%20AND%20endat%3E=now()&limit=100&offset=44
2025-08-09 23:26:12,981 - INFO - 0 résultats ajoutés (total : 990)
2025-08-09 23:26:13,027 - INFO - Toutes les données ont été enregistrées dans /usr/ELT_Travaux_Angers/data/data.csv
2025-08-09 23:26:13,339 INFO:extract.py terminé
2025-08-09 23:26:13,340 INFO:Exécution de load.py...
Traceback (most recent call last):
  File "/usr/ELT_Travaux_Angers/load.py", line 3, in <module>
    from google.cloud import bigquery
ModuleNotFoundError: No module named 'google'
2025-08-09 23:26:14,070 ERROR:Erreur lors de l'exécution du script : Command '['/usr/bin/python3', 'load.py']' returned non-zero exit status 1.
2025-08-09 23:28:02,161 INFO:Début de l'ETL
2025-08-09 23:28:02,161 INFO:Exécution de extract.py...
2025-08-09 23:28:02,886 - INFO - Début de la récupération des données.
2025-08-09 23:28:02,886 - INFO - Requête 1/45 : https://data.angers.fr/api/explore/v2.1/catalog/datasets/info-travaux/records?where=startat%3C=now()%20AND%20endat%3E=now()&limit=100&offset=0
2025-08-09 23:28:03,075 - INFO - 44 résultats ajoutés (total : 44)
2025-08-09 23:28:03,075 - INFO - Requête 2/45 : https://data.angers.fr/api/explore/v2.1/catalog/datasets/info-travaux/records?where=startat%3C=now()%20AND%20endat%3E=now()&limit=100&offset=1
2025-08-09 23:28:03,305 - INFO - 43 résultats ajoutés (total : 87)
2025-08-09 23:28:03,306 - INFO - Requête 3/45 : https://data.angers.fr/api/explore/v2.1/catalog/datasets/info-travaux/records?where=startat%3C=now()%20AND%20endat%3E=now()&limit=100&offset=2
2025-08-09 23:28:03,549 - INFO - 42 résultats ajoutés (total : 129)
2025-08-09 23:28:03,549 - INFO - Requête 4/45 : https://data.angers.fr/api/explore/v2.1/catalog/datasets/info-travaux/records?where=startat%3C=now()%20AND%20endat%3E=now()&limit=100&offset=3
2025-08-09 23:28:03,752 - INFO - 41 résultats ajoutés (total : 170)
2025-08-09 23:28:03,753 - INFO - Requête 5/45 : https://data.angers.fr/api/explore/v2.1/catalog/datasets/info-travaux/records?where=startat%3C=now()%20AND%20endat%3E=now()&limit=100&offset=4
2025-08-09 23:28:03,925 - INFO - 40 résultats ajoutés (total : 210)
2025-08-09 23:28:03,926 - INFO - Requête 6/45 : https://data.angers.fr/api/explore/v2.1/catalog/datasets/info-travaux/records?where=startat%3C=now()%20AND%20endat%3E=now()&limit=100&offset=5
2025-08-09 23:28:04,123 - INFO - 39 résultats ajoutés (total : 249)
2025-08-09 23:28:04,123 - INFO - Requête 7/45 : https://data.angers.fr/api/explore/v2.1/catalog/datasets/info-travaux/records?where=startat%3C=now()%20AND%20endat%3E=now()&limit=100&offset=6
2025-08-09 23:28:04,321 - INFO - 38 résultats ajoutés (total : 287)
2025-08-09 23:28:04,321 - INFO - Requête 8/45 : https://data.angers.fr/api/explore/v2.1/catalog/datasets/info-travaux/records?where=startat%3C=now()%20AND%20endat%3E=now()&limit=100&offset=7
2025-08-09 23:28:04,523 - INFO - 37 résultats ajoutés (total : 324)
2025-08-09 23:28:04,524 - INFO - Requête 9/45 : https://data.angers.fr/api/explore/v2.1/catalog/datasets/info-travaux/records?where=startat%3C=now()%20AND%20endat%3E=now()&limit=100&offset=8
2025-08-09 23:28:04,813 - INFO - 36 résultats ajoutés (total : 360)
2025-08-09 23:28:04,813 - INFO - Requête 10/45 : https://data.angers.fr/api/explore/v2.1/catalog/datasets/info-travaux/records?where=startat%3C=now()%20AND%20endat%3E=now()&limit=100&offset=9
2025-08-09 23:28:05,057 - INFO - 35 résultats ajoutés (total : 395)
2025-08-09 23:28:05,057 - INFO - Requête 11/45 : https://data.angers.fr/api/explore/v2.1/catalog/datasets/info-travaux/records?where=startat%3C=now()%20AND%20endat%3E=now()&limit=100&offset=10
2025-08-09 23:28:05,230 - INFO - 34 résultats ajoutés (total : 429)
2025-08-09 23:28:05,230 - INFO - Requête 12/45 : https://data.angers.fr/api/explore/v2.1/catalog/datasets/info-travaux/records?where=startat%3C=now()%20AND%20endat%3E=now()&limit=100&offset=11
2025-08-09 23:28:05,388 - INFO - 33 résultats ajoutés (total : 462)
2025-08-09 23:28:05,388 - INFO - Requête 13/45 : https://data.angers.fr/api/explore/v2.1/catalog/datasets/info-travaux/records?where=startat%3C=now()%20AND%20endat%3E=now()&limit=100&offset=12
2025-08-09 23:28:05,555 - INFO - 32 résultats ajoutés (total : 494)
2025-08-09 23:28:05,556 - INFO - Requête 14/45 : https://data.angers.fr/api/explore/v2.1/catalog/datasets/info-travaux/records?where=startat%3C=now()%20AND%20endat%3E=now()&limit=100&offset=13
2025-08-09 23:28:05,721 - INFO - 31 résultats ajoutés (total : 525)
2025-08-09 23:28:05,721 - INFO - Requête 15/45 : https://data.angers.fr/api/explore/v2.1/catalog/datasets/info-travaux/records?where=startat%3C=now()%20AND%20endat%3E=now()&limit=100&offset=14
2025-08-09 23:28:05,969 - INFO - 30 résultats ajoutés (total : 555)
2025-08-09 23:28:05,969 - INFO - Requête 16/45 : https://data.angers.fr/api/explore/v2.1/catalog/datasets/info-travaux/records?where=startat%3C=now()%20AND%20endat%3E=now()&limit=100&offset=15
2025-08-09 23:28:06,171 - INFO - 29 résultats ajoutés (total : 584)
2025-08-09 23:28:06,171 - INFO - Requête 17/45 : https://data.angers.fr/api/explore/v2.1/catalog/datasets/info-travaux/records?where=startat%3C=now()%20AND%20endat%3E=now()&limit=100&offset=16
2025-08-09 23:28:06,385 - INFO - 28 résultats ajoutés (total : 612)
2025-08-09 23:28:06,385 - INFO - Requête 18/45 : https://data.angers.fr/api/explore/v2.1/catalog/datasets/info-travaux/records?where=startat%3C=now()%20AND%20endat%3E=now()&limit=100&offset=17
2025-08-09 23:28:06,595 - INFO - 27 résultats ajoutés (total : 639)
2025-08-09 23:28:06,595 - INFO - Requête 19/45 : https://data.angers.fr/api/explore/v2.1/catalog/datasets/info-travaux/records?where=startat%3C=now()%20AND%20endat%3E=now()&limit=100&offset=18
2025-08-09 23:28:06,835 - INFO - 26 résultats ajoutés (total : 665)
2025-08-09 23:28:06,835 - INFO - Requête 20/45 : https://data.angers.fr/api/explore/v2.1/catalog/datasets/info-travaux/records?where=startat%3C=now()%20AND%20endat%3E=now()&limit=100&offset=19
2025-08-09 23:28:07,012 - INFO - 25 résultats ajoutés (total : 690)
2025-08-09 23:28:07,013 - INFO - Requête 21/45 : https://data.angers.fr/api/explore/v2.1/catalog/datasets/info-travaux/records?where=startat%3C=now()%20AND%20endat%3E=now()&limit=100&offset=20
2025-08-09 23:28:07,190 - INFO - 24 résultats ajoutés (total : 714)
2025-08-09 23:28:07,191 - INFO - Requête 22/45 : https://data.angers.fr/api/explore/v2.1/catalog/datasets/info-travaux/records?where=startat%3C=now()%20AND%20endat%3E=now()&limit=100&offset=21
2025-08-09 23:28:07,369 - INFO - 23 résultats ajoutés (total : 737)
2025-08-09 23:28:07,369 - INFO - Requête 23/45 : https://data.angers.fr/api/explore/v2.1/catalog/datasets/info-travaux/records?where=startat%3C=now()%20AND%20endat%3E=now()&limit=100&offset=22
2025-08-09 23:28:07,564 - INFO - 22 résultats ajoutés (total : 759)
2025-08-09 23:28:07,564 - INFO - Requête 24/45 : https://data.angers.fr/api/explore/v2.1/catalog/datasets/info-travaux/records?where=startat%3C=now()%20AND%20endat%3E=now()&limit=100&offset=23
2025-08-09 23:28:07,750 - INFO - 21 résultats ajoutés (total : 780)
2025-08-09 23:28:07,750 - INFO - Requête 25/45 : https://data.angers.fr/api/explore/v2.1/catalog/datasets/info-travaux/records?where=startat%3C=now()%20AND%20endat%3E=now()&limit=100&offset=24
2025-08-09 23:28:07,992 - INFO - 20 résultats ajoutés (total : 800)
2025-08-09 23:28:07,992 - INFO - Requête 26/45 : https://data.angers.fr/api/explore/v2.1/catalog/datasets/info-travaux/records?where=startat%3C=now()%20AND%20endat%3E=now()&limit=100&offset=25
2025-08-09 23:28:08,158 - INFO - 19 résultats ajoutés (total : 819)
2025-08-09 23:28:08,158 - INFO - Requête 27/45 : https://data.angers.fr/api/explore/v2.1/catalog/datasets/info-travaux/records?where=startat%3C=now()%20AND%20endat%3E=now()&limit=100&offset=26
2025-08-09 23:28:08,343 - INFO - 18 résultats ajoutés (total : 837)
2025-08-09 23:28:08,343 - INFO - Requête 28/45 : https://data.angers.fr/api/explore/v2.1/catalog/datasets/info-travaux/records?where=startat%3C=now()%20AND%20endat%3E=now()&limit=100&offset=27
2025-08-09 23:28:08,511 - INFO - 17 résultats ajoutés (total : 854)
2025-08-09 23:28:08,512 - INFO - Requête 29/45 : https://data.angers.fr/api/explore/v2.1/catalog/datasets/info-travaux/records?where=startat%3C=now()%20AND%20endat%3E=now()&limit=100&offset=28
2025-08-09 23:28:08,679 - INFO - 16 résultats ajoutés (total : 870)
2025-08-09 23:28:08,679 - INFO - Requête 30/45 : https://data.angers.fr/api/explore/v2.1/catalog/datasets/info-travaux/records?where=startat%3C=now()%20AND%20endat%3E=now()&limit=100&offset=29
2025-08-09 23:28:08,865 - INFO - 15 résultats ajoutés (total : 885)
2025-08-09 23:28:08,866 - INFO - Requête 31/45 : https://data.angers.fr/api/explore/v2.1/catalog/datasets/info-travaux/records?where=startat%3C=now()%20AND%20endat%3E=now()&limit=100&offset=30
2025-08-09 23:28:09,072 - INFO - 14 résultats ajoutés (total : 899)
2025-08-09 23:28:09,072 - INFO - Requête 32/45 : https://data.angers.fr/api/explore/v2.1/catalog/datasets/info-travaux/records?where=startat%3C=now()%20AND%20endat%3E=now()&limit=100&offset=31
2025-08-09 23:28:09,317 - INFO - 13 résultats ajoutés (total : 912)
2025-08-09 23:28:09,317 - INFO - Requête 33/45 : https://data.angers.fr/api/explore/v2.1/catalog/datasets/info-travaux/records?where=startat%3C=now()%20AND%20endat%3E=now()&limit=100&offset=32
2025-08-09 23:28:09,527 - INFO - 12 résultats ajoutés (total : 924)
2025-08-09 23:28:09,527 - INFO - Requête 34/45 : https://data.angers.fr/api/explore/v2.1/catalog/datasets/info-travaux/records?where=startat%3C=now()%20AND%20endat%3E=now()&limit=100&offset=33
2025-08-09 23:28:09,704 - INFO - 11 résultats ajoutés (total : 935)
2025-08-09 23:28:09,704 - INFO - Requête 35/45 : https://data.angers.fr/api/explore/v2.1/catalog/datasets/info-travaux/records?where=startat%3C=now()%20AND%20endat%3E=now()&limit=100&offset=34
2025-08-09 23:28:09,877 - INFO - 10 résultats ajoutés (total : 945)
2025-08-09 23:28:09,878 - INFO - Requête 36/45 : https://data.angers.fr/api/explore/v2.1/catalog/datasets/info-travaux/records?where=startat%3C=now()%20AND%20endat%3E=now()&limit=100&offset=35
2025-08-09 23:28:10,111 - INFO - 9 résultats ajoutés (total : 954)
2025-08-09 23:28:10,111 - INFO - Requête 37/45 : https://data.angers.fr/api/explore/v2.1/catalog/datasets/info-travaux/records?where=startat%3C=now()%20AND%20endat%3E=now()&limit=100&offset=36
2025-08-09 23:28:10,341 - INFO - 8 résultats ajoutés (total : 962)
2025-08-09 23:28:10,341 - INFO - Requête 38/45 : https://data.angers.fr/api/explore/v2.1/catalog/datasets/info-travaux/records?where=startat%3C=now()%20AND%20endat%3E=now()&limit=100&offset=37
2025-08-09 23:28:10,528 - INFO - 7 résultats ajoutés (total : 969)
2025-08-09 23:28:10,529 - INFO - Requête 39/45 : https://data.angers.fr/api/explore/v2.1/catalog/datasets/info-travaux/records?where=startat%3C=now()%20AND%20endat%3E=now()&limit=100&offset=38
2025-08-09 23:28:10,757 - INFO - 6 résultats ajoutés (total : 975)
2025-08-09 23:28:10,757 - INFO - Requête 40/45 : https://data.angers.fr/api/explore/v2.1/catalog/datasets/info-travaux/records?where=startat%3C=now()%20AND%20endat%3E=now()&limit=100&offset=39
2025-08-09 23:28:10,942 - INFO - 5 résultats ajoutés (total : 980)
2025-08-09 23:28:10,942 - INFO - Requête 41/45 : https://data.angers.fr/api/explore/v2.1/catalog/datasets/info-travaux/records?where=startat%3C=now()%20AND%20endat%3E=now()&limit=100&offset=40
2025-08-09 23:28:11,139 - INFO - 4 résultats ajoutés (total : 984)
2025-08-09 23:28:11,140 - INFO - Requête 42/45 : https://data.angers.fr/api/explore/v2.1/catalog/datasets/info-travaux/records?where=startat%3C=now()%20AND%20endat%3E=now()&limit=100&offset=41
2025-08-09 23:28:11,464 - INFO - 3 résultats ajoutés (total : 987)
2025-08-09 23:28:11,465 - INFO - Requête 43/45 : https://data.angers.fr/api/explore/v2.1/catalog/datasets/info-travaux/records?where=startat%3C=now()%20AND%20endat%3E=now()&limit=100&offset=42
2025-08-09 23:28:12,324 - INFO - 2 résultats ajoutés (total : 989)
2025-08-09 23:28:12,324 - INFO - Requête 44/45 : https://data.angers.fr/api/explore/v2.1/catalog/datasets/info-travaux/records?where=startat%3C=now()%20AND%20endat%3E=now()&limit=100&offset=43
2025-08-09 23:28:12,521 - INFO - 1 résultats ajoutés (total : 990)
2025-08-09 23:28:12,521 - INFO - Requête 45/45 : https://data.angers.fr/api/explore/v2.1/catalog/datasets/info-travaux/records?where=startat%3C=now()%20AND%20endat%3E=now()&limit=100&offset=44
2025-08-09 23:28:12,721 - INFO - 0 résultats ajoutés (total : 990)
2025-08-09 23:28:12,770 - INFO - Toutes les données ont été enregistrées dans /usr/ELT_Travaux_Angers/data/data.csv
2025-08-09 23:28:12,953 INFO:extract.py terminé
2025-08-09 23:28:12,954 INFO:Exécution de load.py...
Traceback (most recent call last):
  File "/usr/ELT_Travaux_Angers/load.py", line 3, in <module>
    from google.cloud import bigquery
ModuleNotFoundError: No module named 'google'
2025-08-09 23:28:13,272 ERROR:Erreur lors de l'exécution du script : Command '['/usr/bin/python3', 'load.py']' returned non-zero exit status 1.
Erreur détaillée : Command '['/usr/bin/python3', 'load.py']' returned non-zero exit status 1.
2025-08-09 23:30:02,107 INFO:Début de l'ETL
2025-08-09 23:30:02,107 INFO:Exécution de extract.py...
2025-08-09 23:30:02,653 - INFO - Début de la récupération des données.
2025-08-09 23:30:02,653 - INFO - Requête 1/45 : https://data.angers.fr/api/explore/v2.1/catalog/datasets/info-travaux/records?where=startat%3C=now()%20AND%20endat%3E=now()&limit=100&offset=0
2025-08-09 23:30:03,020 - INFO - 44 résultats ajoutés (total : 44)
2025-08-09 23:30:03,020 - INFO - Requête 2/45 : https://data.angers.fr/api/explore/v2.1/catalog/datasets/info-travaux/records?where=startat%3C=now()%20AND%20endat%3E=now()&limit=100&offset=1
2025-08-09 23:30:03,527 - INFO - 43 résultats ajoutés (total : 87)
2025-08-09 23:30:03,527 - INFO - Requête 3/45 : https://data.angers.fr/api/explore/v2.1/catalog/datasets/info-travaux/records?where=startat%3C=now()%20AND%20endat%3E=now()&limit=100&offset=2
2025-08-09 23:30:03,896 - INFO - 42 résultats ajoutés (total : 129)
2025-08-09 23:30:03,897 - INFO - Requête 4/45 : https://data.angers.fr/api/explore/v2.1/catalog/datasets/info-travaux/records?where=startat%3C=now()%20AND%20endat%3E=now()&limit=100&offset=3
2025-08-09 23:30:04,259 - INFO - 41 résultats ajoutés (total : 170)
2025-08-09 23:30:04,259 - INFO - Requête 5/45 : https://data.angers.fr/api/explore/v2.1/catalog/datasets/info-travaux/records?where=startat%3C=now()%20AND%20endat%3E=now()&limit=100&offset=4
2025-08-09 23:30:04,536 - INFO - 40 résultats ajoutés (total : 210)
2025-08-09 23:30:04,537 - INFO - Requête 6/45 : https://data.angers.fr/api/explore/v2.1/catalog/datasets/info-travaux/records?where=startat%3C=now()%20AND%20endat%3E=now()&limit=100&offset=5
2025-08-09 23:30:04,862 - INFO - 39 résultats ajoutés (total : 249)
2025-08-09 23:30:04,862 - INFO - Requête 7/45 : https://data.angers.fr/api/explore/v2.1/catalog/datasets/info-travaux/records?where=startat%3C=now()%20AND%20endat%3E=now()&limit=100&offset=6
2025-08-09 23:30:05,140 - INFO - 38 résultats ajoutés (total : 287)
2025-08-09 23:30:05,140 - INFO - Requête 8/45 : https://data.angers.fr/api/explore/v2.1/catalog/datasets/info-travaux/records?where=startat%3C=now()%20AND%20endat%3E=now()&limit=100&offset=7
2025-08-09 23:30:05,413 - INFO - 37 résultats ajoutés (total : 324)
2025-08-09 23:30:05,413 - INFO - Requête 9/45 : https://data.angers.fr/api/explore/v2.1/catalog/datasets/info-travaux/records?where=startat%3C=now()%20AND%20endat%3E=now()&limit=100&offset=8
2025-08-09 23:30:05,697 - INFO - 36 résultats ajoutés (total : 360)
2025-08-09 23:30:05,698 - INFO - Requête 10/45 : https://data.angers.fr/api/explore/v2.1/catalog/datasets/info-travaux/records?where=startat%3C=now()%20AND%20endat%3E=now()&limit=100&offset=9
2025-08-09 23:30:06,005 - INFO - 35 résultats ajoutés (total : 395)
2025-08-09 23:30:06,005 - INFO - Requête 11/45 : https://data.angers.fr/api/explore/v2.1/catalog/datasets/info-travaux/records?where=startat%3C=now()%20AND%20endat%3E=now()&limit=100&offset=10
2025-08-09 23:30:06,455 - INFO - 34 résultats ajoutés (total : 429)
2025-08-09 23:30:06,455 - INFO - Requête 12/45 : https://data.angers.fr/api/explore/v2.1/catalog/datasets/info-travaux/records?where=startat%3C=now()%20AND%20endat%3E=now()&limit=100&offset=11
2025-08-09 23:30:06,855 - INFO - 33 résultats ajoutés (total : 462)
2025-08-09 23:30:06,855 - INFO - Requête 13/45 : https://data.angers.fr/api/explore/v2.1/catalog/datasets/info-travaux/records?where=startat%3C=now()%20AND%20endat%3E=now()&limit=100&offset=12
2025-08-09 23:30:07,146 - INFO - 32 résultats ajoutés (total : 494)
2025-08-09 23:30:07,146 - INFO - Requête 14/45 : https://data.angers.fr/api/explore/v2.1/catalog/datasets/info-travaux/records?where=startat%3C=now()%20AND%20endat%3E=now()&limit=100&offset=13
2025-08-09 23:30:07,430 - INFO - 31 résultats ajoutés (total : 525)
2025-08-09 23:30:07,430 - INFO - Requête 15/45 : https://data.angers.fr/api/explore/v2.1/catalog/datasets/info-travaux/records?where=startat%3C=now()%20AND%20endat%3E=now()&limit=100&offset=14
2025-08-09 23:30:07,833 - INFO - 30 résultats ajoutés (total : 555)
2025-08-09 23:30:07,834 - INFO - Requête 16/45 : https://data.angers.fr/api/explore/v2.1/catalog/datasets/info-travaux/records?where=startat%3C=now()%20AND%20endat%3E=now()&limit=100&offset=15
2025-08-09 23:30:08,273 - INFO - 29 résultats ajoutés (total : 584)
2025-08-09 23:30:08,274 - INFO - Requête 17/45 : https://data.angers.fr/api/explore/v2.1/catalog/datasets/info-travaux/records?where=startat%3C=now()%20AND%20endat%3E=now()&limit=100&offset=16
2025-08-09 23:30:08,699 - INFO - 28 résultats ajoutés (total : 612)
2025-08-09 23:30:08,699 - INFO - Requête 18/45 : https://data.angers.fr/api/explore/v2.1/catalog/datasets/info-travaux/records?where=startat%3C=now()%20AND%20endat%3E=now()&limit=100&offset=17
2025-08-09 23:30:09,310 - INFO - 27 résultats ajoutés (total : 639)
2025-08-09 23:30:09,310 - INFO - Requête 19/45 : https://data.angers.fr/api/explore/v2.1/catalog/datasets/info-travaux/records?where=startat%3C=now()%20AND%20endat%3E=now()&limit=100&offset=18
2025-08-09 23:30:09,678 - INFO - 26 résultats ajoutés (total : 665)
2025-08-09 23:30:09,679 - INFO - Requête 20/45 : https://data.angers.fr/api/explore/v2.1/catalog/datasets/info-travaux/records?where=startat%3C=now()%20AND%20endat%3E=now()&limit=100&offset=19
2025-08-09 23:30:10,029 - INFO - 25 résultats ajoutés (total : 690)
2025-08-09 23:30:10,029 - INFO - Requête 21/45 : https://data.angers.fr/api/explore/v2.1/catalog/datasets/info-travaux/records?where=startat%3C=now()%20AND%20endat%3E=now()&limit=100&offset=20
2025-08-09 23:30:10,415 - INFO - 24 résultats ajoutés (total : 714)
2025-08-09 23:30:10,415 - INFO - Requête 22/45 : https://data.angers.fr/api/explore/v2.1/catalog/datasets/info-travaux/records?where=startat%3C=now()%20AND%20endat%3E=now()&limit=100&offset=21
2025-08-09 23:30:10,670 - INFO - 23 résultats ajoutés (total : 737)
2025-08-09 23:30:10,670 - INFO - Requête 23/45 : https://data.angers.fr/api/explore/v2.1/catalog/datasets/info-travaux/records?where=startat%3C=now()%20AND%20endat%3E=now()&limit=100&offset=22
2025-08-09 23:30:11,031 - INFO - 22 résultats ajoutés (total : 759)
2025-08-09 23:30:11,036 - INFO - Requête 24/45 : https://data.angers.fr/api/explore/v2.1/catalog/datasets/info-travaux/records?where=startat%3C=now()%20AND%20endat%3E=now()&limit=100&offset=23
2025-08-09 23:30:11,518 - INFO - 21 résultats ajoutés (total : 780)
2025-08-09 23:30:11,518 - INFO - Requête 25/45 : https://data.angers.fr/api/explore/v2.1/catalog/datasets/info-travaux/records?where=startat%3C=now()%20AND%20endat%3E=now()&limit=100&offset=24
2025-08-09 23:30:11,886 - INFO - 20 résultats ajoutés (total : 800)
2025-08-09 23:30:11,887 - INFO - Requête 26/45 : https://data.angers.fr/api/explore/v2.1/catalog/datasets/info-travaux/records?where=startat%3C=now()%20AND%20endat%3E=now()&limit=100&offset=25
2025-08-09 23:30:12,265 - INFO - 19 résultats ajoutés (total : 819)
2025-08-09 23:30:12,265 - INFO - Requête 27/45 : https://data.angers.fr/api/explore/v2.1/catalog/datasets/info-travaux/records?where=startat%3C=now()%20AND%20endat%3E=now()&limit=100&offset=26
2025-08-09 23:30:12,623 - INFO - 18 résultats ajoutés (total : 837)
2025-08-09 23:30:12,623 - INFO - Requête 28/45 : https://data.angers.fr/api/explore/v2.1/catalog/datasets/info-travaux/records?where=startat%3C=now()%20AND%20endat%3E=now()&limit=100&offset=27
2025-08-09 23:30:12,854 - INFO - 17 résultats ajoutés (total : 854)
2025-08-09 23:30:12,854 - INFO - Requête 29/45 : https://data.angers.fr/api/explore/v2.1/catalog/datasets/info-travaux/records?where=startat%3C=now()%20AND%20endat%3E=now()&limit=100&offset=28
2025-08-09 23:30:13,082 - INFO - 16 résultats ajoutés (total : 870)
2025-08-09 23:30:13,082 - INFO - Requête 30/45 : https://data.angers.fr/api/explore/v2.1/catalog/datasets/info-travaux/records?where=startat%3C=now()%20AND%20endat%3E=now()&limit=100&offset=29
2025-08-09 23:30:13,308 - INFO - 15 résultats ajoutés (total : 885)
2025-08-09 23:30:13,308 - INFO - Requête 31/45 : https://data.angers.fr/api/explore/v2.1/catalog/datasets/info-travaux/records?where=startat%3C=now()%20AND%20endat%3E=now()&limit=100&offset=30
2025-08-09 23:30:13,545 - INFO - 14 résultats ajoutés (total : 899)
2025-08-09 23:30:13,545 - INFO - Requête 32/45 : https://data.angers.fr/api/explore/v2.1/catalog/datasets/info-travaux/records?where=startat%3C=now()%20AND%20endat%3E=now()&limit=100&offset=31
2025-08-09 23:30:13,824 - INFO - 13 résultats ajoutés (total : 912)
2025-08-09 23:30:13,824 - INFO - Requête 33/45 : https://data.angers.fr/api/explore/v2.1/catalog/datasets/info-travaux/records?where=startat%3C=now()%20AND%20endat%3E=now()&limit=100&offset=32
2025-08-09 23:30:14,012 - INFO - 12 résultats ajoutés (total : 924)
2025-08-09 23:30:14,012 - INFO - Requête 34/45 : https://data.angers.fr/api/explore/v2.1/catalog/datasets/info-travaux/records?where=startat%3C=now()%20AND%20endat%3E=now()&limit=100&offset=33
2025-08-09 23:30:14,284 - INFO - 11 résultats ajoutés (total : 935)
2025-08-09 23:30:14,285 - INFO - Requête 35/45 : https://data.angers.fr/api/explore/v2.1/catalog/datasets/info-travaux/records?where=startat%3C=now()%20AND%20endat%3E=now()&limit=100&offset=34
2025-08-09 23:30:14,517 - INFO - 10 résultats ajoutés (total : 945)
2025-08-09 23:30:14,517 - INFO - Requête 36/45 : https://data.angers.fr/api/explore/v2.1/catalog/datasets/info-travaux/records?where=startat%3C=now()%20AND%20endat%3E=now()&limit=100&offset=35
2025-08-09 23:30:14,759 - INFO - 9 résultats ajoutés (total : 954)
2025-08-09 23:30:14,759 - INFO - Requête 37/45 : https://data.angers.fr/api/explore/v2.1/catalog/datasets/info-travaux/records?where=startat%3C=now()%20AND%20endat%3E=now()&limit=100&offset=36
2025-08-09 23:30:15,013 - INFO - 8 résultats ajoutés (total : 962)
2025-08-09 23:30:15,013 - INFO - Requête 38/45 : https://data.angers.fr/api/explore/v2.1/catalog/datasets/info-travaux/records?where=startat%3C=now()%20AND%20endat%3E=now()&limit=100&offset=37
2025-08-09 23:30:15,317 - INFO - 7 résultats ajoutés (total : 969)
2025-08-09 23:30:15,317 - INFO - Requête 39/45 : https://data.angers.fr/api/explore/v2.1/catalog/datasets/info-travaux/records?where=startat%3C=now()%20AND%20endat%3E=now()&limit=100&offset=38
2025-08-09 23:30:15,525 - INFO - 6 résultats ajoutés (total : 975)
2025-08-09 23:30:15,525 - INFO - Requête 40/45 : https://data.angers.fr/api/explore/v2.1/catalog/datasets/info-travaux/records?where=startat%3C=now()%20AND%20endat%3E=now()&limit=100&offset=39
2025-08-09 23:30:15,755 - INFO - 5 résultats ajoutés (total : 980)
2025-08-09 23:30:15,755 - INFO - Requête 41/45 : https://data.angers.fr/api/explore/v2.1/catalog/datasets/info-travaux/records?where=startat%3C=now()%20AND%20endat%3E=now()&limit=100&offset=40
2025-08-09 23:30:15,970 - INFO - 4 résultats ajoutés (total : 984)
2025-08-09 23:30:15,970 - INFO - Requête 42/45 : https://data.angers.fr/api/explore/v2.1/catalog/datasets/info-travaux/records?where=startat%3C=now()%20AND%20endat%3E=now()&limit=100&offset=41
2025-08-09 23:30:16,299 - INFO - 3 résultats ajoutés (total : 987)
2025-08-09 23:30:16,300 - INFO - Requête 43/45 : https://data.angers.fr/api/explore/v2.1/catalog/datasets/info-travaux/records?where=startat%3C=now()%20AND%20endat%3E=now()&limit=100&offset=42
2025-08-09 23:30:16,560 - INFO - 2 résultats ajoutés (total : 989)
2025-08-09 23:30:16,560 - INFO - Requête 44/45 : https://data.angers.fr/api/explore/v2.1/catalog/datasets/info-travaux/records?where=startat%3C=now()%20AND%20endat%3E=now()&limit=100&offset=43
2025-08-09 23:30:16,911 - INFO - 1 résultats ajoutés (total : 990)
2025-08-09 23:30:16,911 - INFO - Requête 45/45 : https://data.angers.fr/api/explore/v2.1/catalog/datasets/info-travaux/records?where=startat%3C=now()%20AND%20endat%3E=now()&limit=100&offset=44
2025-08-09 23:30:17,112 - INFO - 0 résultats ajoutés (total : 990)
2025-08-09 23:30:17,172 - INFO - Toutes les données ont été enregistrées dans /usr/ELT_Travaux_Angers/data/data.csv
2025-08-09 23:30:17,350 INFO:extract.py terminé
2025-08-09 23:30:17,351 INFO:Exécution de load.py...
Traceback (most recent call last):
  File "/usr/ELT_Travaux_Angers/load.py", line 3, in <module>
    from google.cloud import bigquery
ModuleNotFoundError: No module named 'google'
2025-08-09 23:30:17,636 ERROR:Erreur lors de l'exécution du script : Command '['/usr/bin/python3', 'load.py']' returned non-zero exit status 1.
Erreur détaillée : Command '['/usr/bin/python3', 'load.py']' returned non-zero exit status 1.
2025-08-09 23:32:03,047 INFO:Début de l'ETL
2025-08-09 23:32:03,047 INFO:Exécution de extract.py...
2025-08-09 23:32:04,428 - INFO - Début de la récupération des données.
2025-08-09 23:32:04,429 - INFO - Requête 1/45 : https://data.angers.fr/api/explore/v2.1/catalog/datasets/info-travaux/records?where=startat%3C=now()%20AND%20endat%3E=now()&limit=100&offset=0
2025-08-09 23:32:04,717 - INFO - 44 résultats ajoutés (total : 44)
2025-08-09 23:32:04,718 - INFO - Requête 2/45 : https://data.angers.fr/api/explore/v2.1/catalog/datasets/info-travaux/records?where=startat%3C=now()%20AND%20endat%3E=now()&limit=100&offset=1
2025-08-09 23:32:05,639 - INFO - 43 résultats ajoutés (total : 87)
2025-08-09 23:32:05,639 - INFO - Requête 3/45 : https://data.angers.fr/api/explore/v2.1/catalog/datasets/info-travaux/records?where=startat%3C=now()%20AND%20endat%3E=now()&limit=100&offset=2
2025-08-09 23:32:05,895 - INFO - 42 résultats ajoutés (total : 129)
2025-08-09 23:32:05,895 - INFO - Requête 4/45 : https://data.angers.fr/api/explore/v2.1/catalog/datasets/info-travaux/records?where=startat%3C=now()%20AND%20endat%3E=now()&limit=100&offset=3
2025-08-09 23:32:06,180 - INFO - 41 résultats ajoutés (total : 170)
2025-08-09 23:32:06,181 - INFO - Requête 5/45 : https://data.angers.fr/api/explore/v2.1/catalog/datasets/info-travaux/records?where=startat%3C=now()%20AND%20endat%3E=now()&limit=100&offset=4
2025-08-09 23:32:06,389 - INFO - 40 résultats ajoutés (total : 210)
2025-08-09 23:32:06,389 - INFO - Requête 6/45 : https://data.angers.fr/api/explore/v2.1/catalog/datasets/info-travaux/records?where=startat%3C=now()%20AND%20endat%3E=now()&limit=100&offset=5
2025-08-09 23:32:06,601 - INFO - 39 résultats ajoutés (total : 249)
2025-08-09 23:32:06,601 - INFO - Requête 7/45 : https://data.angers.fr/api/explore/v2.1/catalog/datasets/info-travaux/records?where=startat%3C=now()%20AND%20endat%3E=now()&limit=100&offset=6
2025-08-09 23:32:07,164 - INFO - 38 résultats ajoutés (total : 287)
2025-08-09 23:32:07,165 - INFO - Requête 8/45 : https://data.angers.fr/api/explore/v2.1/catalog/datasets/info-travaux/records?where=startat%3C=now()%20AND%20endat%3E=now()&limit=100&offset=7
2025-08-09 23:32:07,525 - INFO - 37 résultats ajoutés (total : 324)
2025-08-09 23:32:07,525 - INFO - Requête 9/45 : https://data.angers.fr/api/explore/v2.1/catalog/datasets/info-travaux/records?where=startat%3C=now()%20AND%20endat%3E=now()&limit=100&offset=8
2025-08-09 23:32:07,700 - INFO - 36 résultats ajoutés (total : 360)
2025-08-09 23:32:07,700 - INFO - Requête 10/45 : https://data.angers.fr/api/explore/v2.1/catalog/datasets/info-travaux/records?where=startat%3C=now()%20AND%20endat%3E=now()&limit=100&offset=9
2025-08-09 23:32:07,925 - INFO - 35 résultats ajoutés (total : 395)
2025-08-09 23:32:07,926 - INFO - Requête 11/45 : https://data.angers.fr/api/explore/v2.1/catalog/datasets/info-travaux/records?where=startat%3C=now()%20AND%20endat%3E=now()&limit=100&offset=10
2025-08-09 23:32:08,237 - INFO - 34 résultats ajoutés (total : 429)
2025-08-09 23:32:08,237 - INFO - Requête 12/45 : https://data.angers.fr/api/explore/v2.1/catalog/datasets/info-travaux/records?where=startat%3C=now()%20AND%20endat%3E=now()&limit=100&offset=11
2025-08-09 23:32:08,465 - INFO - 33 résultats ajoutés (total : 462)
2025-08-09 23:32:08,465 - INFO - Requête 13/45 : https://data.angers.fr/api/explore/v2.1/catalog/datasets/info-travaux/records?where=startat%3C=now()%20AND%20endat%3E=now()&limit=100&offset=12
2025-08-09 23:32:08,712 - INFO - 32 résultats ajoutés (total : 494)
2025-08-09 23:32:08,713 - INFO - Requête 14/45 : https://data.angers.fr/api/explore/v2.1/catalog/datasets/info-travaux/records?where=startat%3C=now()%20AND%20endat%3E=now()&limit=100&offset=13
2025-08-09 23:32:08,891 - INFO - 31 résultats ajoutés (total : 525)
2025-08-09 23:32:08,891 - INFO - Requête 15/45 : https://data.angers.fr/api/explore/v2.1/catalog/datasets/info-travaux/records?where=startat%3C=now()%20AND%20endat%3E=now()&limit=100&offset=14
2025-08-09 23:32:09,075 - INFO - 30 résultats ajoutés (total : 555)
2025-08-09 23:32:09,075 - INFO - Requête 16/45 : https://data.angers.fr/api/explore/v2.1/catalog/datasets/info-travaux/records?where=startat%3C=now()%20AND%20endat%3E=now()&limit=100&offset=15
2025-08-09 23:32:09,307 - INFO - 29 résultats ajoutés (total : 584)
2025-08-09 23:32:09,307 - INFO - Requête 17/45 : https://data.angers.fr/api/explore/v2.1/catalog/datasets/info-travaux/records?where=startat%3C=now()%20AND%20endat%3E=now()&limit=100&offset=16
2025-08-09 23:32:09,515 - INFO - 28 résultats ajoutés (total : 612)
2025-08-09 23:32:09,516 - INFO - Requête 18/45 : https://data.angers.fr/api/explore/v2.1/catalog/datasets/info-travaux/records?where=startat%3C=now()%20AND%20endat%3E=now()&limit=100&offset=17
2025-08-09 23:32:09,738 - INFO - 27 résultats ajoutés (total : 639)
2025-08-09 23:32:09,738 - INFO - Requête 19/45 : https://data.angers.fr/api/explore/v2.1/catalog/datasets/info-travaux/records?where=startat%3C=now()%20AND%20endat%3E=now()&limit=100&offset=18
2025-08-09 23:32:09,920 - INFO - 26 résultats ajoutés (total : 665)
2025-08-09 23:32:09,921 - INFO - Requête 20/45 : https://data.angers.fr/api/explore/v2.1/catalog/datasets/info-travaux/records?where=startat%3C=now()%20AND%20endat%3E=now()&limit=100&offset=19
2025-08-09 23:32:10,096 - INFO - 25 résultats ajoutés (total : 690)
2025-08-09 23:32:10,096 - INFO - Requête 21/45 : https://data.angers.fr/api/explore/v2.1/catalog/datasets/info-travaux/records?where=startat%3C=now()%20AND%20endat%3E=now()&limit=100&offset=20
2025-08-09 23:32:10,355 - INFO - 24 résultats ajoutés (total : 714)
2025-08-09 23:32:10,357 - INFO - Requête 22/45 : https://data.angers.fr/api/explore/v2.1/catalog/datasets/info-travaux/records?where=startat%3C=now()%20AND%20endat%3E=now()&limit=100&offset=21
2025-08-09 23:32:10,607 - INFO - 23 résultats ajoutés (total : 737)
2025-08-09 23:32:10,607 - INFO - Requête 23/45 : https://data.angers.fr/api/explore/v2.1/catalog/datasets/info-travaux/records?where=startat%3C=now()%20AND%20endat%3E=now()&limit=100&offset=22
2025-08-09 23:32:10,790 - INFO - 22 résultats ajoutés (total : 759)
2025-08-09 23:32:10,791 - INFO - Requête 24/45 : https://data.angers.fr/api/explore/v2.1/catalog/datasets/info-travaux/records?where=startat%3C=now()%20AND%20endat%3E=now()&limit=100&offset=23
2025-08-09 23:32:11,045 - INFO - 21 résultats ajoutés (total : 780)
2025-08-09 23:32:11,045 - INFO - Requête 25/45 : https://data.angers.fr/api/explore/v2.1/catalog/datasets/info-travaux/records?where=startat%3C=now()%20AND%20endat%3E=now()&limit=100&offset=24
2025-08-09 23:32:11,248 - INFO - 20 résultats ajoutés (total : 800)
2025-08-09 23:32:11,248 - INFO - Requête 26/45 : https://data.angers.fr/api/explore/v2.1/catalog/datasets/info-travaux/records?where=startat%3C=now()%20AND%20endat%3E=now()&limit=100&offset=25
2025-08-09 23:32:11,473 - INFO - 19 résultats ajoutés (total : 819)
2025-08-09 23:32:11,473 - INFO - Requête 27/45 : https://data.angers.fr/api/explore/v2.1/catalog/datasets/info-travaux/records?where=startat%3C=now()%20AND%20endat%3E=now()&limit=100&offset=26
2025-08-09 23:32:11,682 - INFO - 18 résultats ajoutés (total : 837)
2025-08-09 23:32:11,683 - INFO - Requête 28/45 : https://data.angers.fr/api/explore/v2.1/catalog/datasets/info-travaux/records?where=startat%3C=now()%20AND%20endat%3E=now()&limit=100&offset=27
2025-08-09 23:32:11,904 - INFO - 17 résultats ajoutés (total : 854)
2025-08-09 23:32:11,905 - INFO - Requête 29/45 : https://data.angers.fr/api/explore/v2.1/catalog/datasets/info-travaux/records?where=startat%3C=now()%20AND%20endat%3E=now()&limit=100&offset=28
2025-08-09 23:32:12,147 - INFO - 16 résultats ajoutés (total : 870)
2025-08-09 23:32:12,147 - INFO - Requête 30/45 : https://data.angers.fr/api/explore/v2.1/catalog/datasets/info-travaux/records?where=startat%3C=now()%20AND%20endat%3E=now()&limit=100&offset=29
2025-08-09 23:32:12,381 - INFO - 15 résultats ajoutés (total : 885)
2025-08-09 23:32:12,382 - INFO - Requête 31/45 : https://data.angers.fr/api/explore/v2.1/catalog/datasets/info-travaux/records?where=startat%3C=now()%20AND%20endat%3E=now()&limit=100&offset=30
2025-08-09 23:32:12,570 - INFO - 14 résultats ajoutés (total : 899)
2025-08-09 23:32:12,571 - INFO - Requête 32/45 : https://data.angers.fr/api/explore/v2.1/catalog/datasets/info-travaux/records?where=startat%3C=now()%20AND%20endat%3E=now()&limit=100&offset=31
2025-08-09 23:32:12,762 - INFO - 13 résultats ajoutés (total : 912)
2025-08-09 23:32:12,762 - INFO - Requête 33/45 : https://data.angers.fr/api/explore/v2.1/catalog/datasets/info-travaux/records?where=startat%3C=now()%20AND%20endat%3E=now()&limit=100&offset=32
2025-08-09 23:32:12,941 - INFO - 12 résultats ajoutés (total : 924)
2025-08-09 23:32:12,941 - INFO - Requête 34/45 : https://data.angers.fr/api/explore/v2.1/catalog/datasets/info-travaux/records?where=startat%3C=now()%20AND%20endat%3E=now()&limit=100&offset=33
2025-08-09 23:32:13,536 - INFO - 11 résultats ajoutés (total : 935)
2025-08-09 23:32:13,536 - INFO - Requête 35/45 : https://data.angers.fr/api/explore/v2.1/catalog/datasets/info-travaux/records?where=startat%3C=now()%20AND%20endat%3E=now()&limit=100&offset=34
2025-08-09 23:32:13,709 - INFO - 10 résultats ajoutés (total : 945)
2025-08-09 23:32:13,709 - INFO - Requête 36/45 : https://data.angers.fr/api/explore/v2.1/catalog/datasets/info-travaux/records?where=startat%3C=now()%20AND%20endat%3E=now()&limit=100&offset=35
2025-08-09 23:32:13,887 - INFO - 9 résultats ajoutés (total : 954)
2025-08-09 23:32:13,887 - INFO - Requête 37/45 : https://data.angers.fr/api/explore/v2.1/catalog/datasets/info-travaux/records?where=startat%3C=now()%20AND%20endat%3E=now()&limit=100&offset=36
2025-08-09 23:32:14,086 - INFO - 8 résultats ajoutés (total : 962)
2025-08-09 23:32:14,087 - INFO - Requête 38/45 : https://data.angers.fr/api/explore/v2.1/catalog/datasets/info-travaux/records?where=startat%3C=now()%20AND%20endat%3E=now()&limit=100&offset=37
2025-08-09 23:32:14,278 - INFO - 7 résultats ajoutés (total : 969)
2025-08-09 23:32:14,278 - INFO - Requête 39/45 : https://data.angers.fr/api/explore/v2.1/catalog/datasets/info-travaux/records?where=startat%3C=now()%20AND%20endat%3E=now()&limit=100&offset=38
2025-08-09 23:32:14,467 - INFO - 6 résultats ajoutés (total : 975)
2025-08-09 23:32:14,467 - INFO - Requête 40/45 : https://data.angers.fr/api/explore/v2.1/catalog/datasets/info-travaux/records?where=startat%3C=now()%20AND%20endat%3E=now()&limit=100&offset=39
2025-08-09 23:32:14,638 - INFO - 5 résultats ajoutés (total : 980)
2025-08-09 23:32:14,638 - INFO - Requête 41/45 : https://data.angers.fr/api/explore/v2.1/catalog/datasets/info-travaux/records?where=startat%3C=now()%20AND%20endat%3E=now()&limit=100&offset=40
2025-08-09 23:32:14,956 - INFO - 4 résultats ajoutés (total : 984)
2025-08-09 23:32:14,957 - INFO - Requête 42/45 : https://data.angers.fr/api/explore/v2.1/catalog/datasets/info-travaux/records?where=startat%3C=now()%20AND%20endat%3E=now()&limit=100&offset=41
2025-08-09 23:32:15,126 - INFO - 3 résultats ajoutés (total : 987)
2025-08-09 23:32:15,126 - INFO - Requête 43/45 : https://data.angers.fr/api/explore/v2.1/catalog/datasets/info-travaux/records?where=startat%3C=now()%20AND%20endat%3E=now()&limit=100&offset=42
2025-08-09 23:32:15,275 - INFO - 2 résultats ajoutés (total : 989)
2025-08-09 23:32:15,275 - INFO - Requête 44/45 : https://data.angers.fr/api/explore/v2.1/catalog/datasets/info-travaux/records?where=startat%3C=now()%20AND%20endat%3E=now()&limit=100&offset=43
2025-08-09 23:32:15,473 - INFO - 1 résultats ajoutés (total : 990)
2025-08-09 23:32:15,473 - INFO - Requête 45/45 : https://data.angers.fr/api/explore/v2.1/catalog/datasets/info-travaux/records?where=startat%3C=now()%20AND%20endat%3E=now()&limit=100&offset=44
2025-08-09 23:32:15,739 - INFO - 0 résultats ajoutés (total : 990)
2025-08-09 23:32:15,796 - INFO - Toutes les données ont été enregistrées dans /usr/ELT_Travaux_Angers/data/data.csv
2025-08-09 23:32:15,998 INFO:extract.py terminé
2025-08-09 23:32:15,999 INFO:Exécution de load.py...
Traceback (most recent call last):
  File "/usr/ELT_Travaux_Angers/load.py", line 3, in <module>
    from google.cloud import bigquery
ModuleNotFoundError: No module named 'google.cloud'
2025-08-09 23:32:16,351 ERROR:Erreur lors de l'exécution du script : Command '['/usr/bin/python3', 'load.py']' returned non-zero exit status 1.
Erreur détaillée : Command '['/usr/bin/python3', 'load.py']' returned non-zero exit status 1.
2025-08-09 23:34:02,233 INFO:Début de l'ETL
2025-08-09 23:34:02,234 INFO:Exécution de extract.py...
2025-08-09 23:34:02,946 - INFO - Début de la récupération des données.
2025-08-09 23:34:02,946 - INFO - Requête 1/45 : https://data.angers.fr/api/explore/v2.1/catalog/datasets/info-travaux/records?where=startat%3C=now()%20AND%20endat%3E=now()&limit=100&offset=0
2025-08-09 23:34:03,148 - INFO - 44 résultats ajoutés (total : 44)
2025-08-09 23:34:03,149 - INFO - Requête 2/45 : https://data.angers.fr/api/explore/v2.1/catalog/datasets/info-travaux/records?where=startat%3C=now()%20AND%20endat%3E=now()&limit=100&offset=1
2025-08-09 23:34:03,367 - INFO - 43 résultats ajoutés (total : 87)
2025-08-09 23:34:03,367 - INFO - Requête 3/45 : https://data.angers.fr/api/explore/v2.1/catalog/datasets/info-travaux/records?where=startat%3C=now()%20AND%20endat%3E=now()&limit=100&offset=2
2025-08-09 23:34:03,555 - INFO - 42 résultats ajoutés (total : 129)
2025-08-09 23:34:03,556 - INFO - Requête 4/45 : https://data.angers.fr/api/explore/v2.1/catalog/datasets/info-travaux/records?where=startat%3C=now()%20AND%20endat%3E=now()&limit=100&offset=3
2025-08-09 23:34:03,806 - INFO - 41 résultats ajoutés (total : 170)
2025-08-09 23:34:03,806 - INFO - Requête 5/45 : https://data.angers.fr/api/explore/v2.1/catalog/datasets/info-travaux/records?where=startat%3C=now()%20AND%20endat%3E=now()&limit=100&offset=4
2025-08-09 23:34:04,014 - INFO - 40 résultats ajoutés (total : 210)
2025-08-09 23:34:04,014 - INFO - Requête 6/45 : https://data.angers.fr/api/explore/v2.1/catalog/datasets/info-travaux/records?where=startat%3C=now()%20AND%20endat%3E=now()&limit=100&offset=5
2025-08-09 23:34:04,204 - INFO - 39 résultats ajoutés (total : 249)
2025-08-09 23:34:04,204 - INFO - Requête 7/45 : https://data.angers.fr/api/explore/v2.1/catalog/datasets/info-travaux/records?where=startat%3C=now()%20AND%20endat%3E=now()&limit=100&offset=6
2025-08-09 23:34:04,589 - INFO - 38 résultats ajoutés (total : 287)
2025-08-09 23:34:04,589 - INFO - Requête 8/45 : https://data.angers.fr/api/explore/v2.1/catalog/datasets/info-travaux/records?where=startat%3C=now()%20AND%20endat%3E=now()&limit=100&offset=7
2025-08-09 23:34:04,887 - INFO - 37 résultats ajoutés (total : 324)
2025-08-09 23:34:04,889 - INFO - Requête 9/45 : https://data.angers.fr/api/explore/v2.1/catalog/datasets/info-travaux/records?where=startat%3C=now()%20AND%20endat%3E=now()&limit=100&offset=8
2025-08-09 23:34:05,074 - INFO - 36 résultats ajoutés (total : 360)
2025-08-09 23:34:05,074 - INFO - Requête 10/45 : https://data.angers.fr/api/explore/v2.1/catalog/datasets/info-travaux/records?where=startat%3C=now()%20AND%20endat%3E=now()&limit=100&offset=9
2025-08-09 23:34:05,306 - INFO - 35 résultats ajoutés (total : 395)
2025-08-09 23:34:05,306 - INFO - Requête 11/45 : https://data.angers.fr/api/explore/v2.1/catalog/datasets/info-travaux/records?where=startat%3C=now()%20AND%20endat%3E=now()&limit=100&offset=10
2025-08-09 23:34:05,494 - INFO - 34 résultats ajoutés (total : 429)
2025-08-09 23:34:05,494 - INFO - Requête 12/45 : https://data.angers.fr/api/explore/v2.1/catalog/datasets/info-travaux/records?where=startat%3C=now()%20AND%20endat%3E=now()&limit=100&offset=11
2025-08-09 23:34:05,685 - INFO - 33 résultats ajoutés (total : 462)
2025-08-09 23:34:05,685 - INFO - Requête 13/45 : https://data.angers.fr/api/explore/v2.1/catalog/datasets/info-travaux/records?where=startat%3C=now()%20AND%20endat%3E=now()&limit=100&offset=12
2025-08-09 23:34:05,879 - INFO - 32 résultats ajoutés (total : 494)
2025-08-09 23:34:05,879 - INFO - Requête 14/45 : https://data.angers.fr/api/explore/v2.1/catalog/datasets/info-travaux/records?where=startat%3C=now()%20AND%20endat%3E=now()&limit=100&offset=13
2025-08-09 23:34:06,135 - INFO - 31 résultats ajoutés (total : 525)
2025-08-09 23:34:06,136 - INFO - Requête 15/45 : https://data.angers.fr/api/explore/v2.1/catalog/datasets/info-travaux/records?where=startat%3C=now()%20AND%20endat%3E=now()&limit=100&offset=14
2025-08-09 23:34:06,360 - INFO - 30 résultats ajoutés (total : 555)
2025-08-09 23:34:06,360 - INFO - Requête 16/45 : https://data.angers.fr/api/explore/v2.1/catalog/datasets/info-travaux/records?where=startat%3C=now()%20AND%20endat%3E=now()&limit=100&offset=15
2025-08-09 23:34:06,581 - INFO - 29 résultats ajoutés (total : 584)
2025-08-09 23:34:06,581 - INFO - Requête 17/45 : https://data.angers.fr/api/explore/v2.1/catalog/datasets/info-travaux/records?where=startat%3C=now()%20AND%20endat%3E=now()&limit=100&offset=16
2025-08-09 23:34:06,789 - INFO - 28 résultats ajoutés (total : 612)
2025-08-09 23:34:06,789 - INFO - Requête 18/45 : https://data.angers.fr/api/explore/v2.1/catalog/datasets/info-travaux/records?where=startat%3C=now()%20AND%20endat%3E=now()&limit=100&offset=17
2025-08-09 23:34:06,978 - INFO - 27 résultats ajoutés (total : 639)
2025-08-09 23:34:06,979 - INFO - Requête 19/45 : https://data.angers.fr/api/explore/v2.1/catalog/datasets/info-travaux/records?where=startat%3C=now()%20AND%20endat%3E=now()&limit=100&offset=18
2025-08-09 23:34:07,171 - INFO - 26 résultats ajoutés (total : 665)
2025-08-09 23:34:07,172 - INFO - Requête 20/45 : https://data.angers.fr/api/explore/v2.1/catalog/datasets/info-travaux/records?where=startat%3C=now()%20AND%20endat%3E=now()&limit=100&offset=19
2025-08-09 23:34:07,369 - INFO - 25 résultats ajoutés (total : 690)
2025-08-09 23:34:07,370 - INFO - Requête 21/45 : https://data.angers.fr/api/explore/v2.1/catalog/datasets/info-travaux/records?where=startat%3C=now()%20AND%20endat%3E=now()&limit=100&offset=20
2025-08-09 23:34:07,559 - INFO - 24 résultats ajoutés (total : 714)
2025-08-09 23:34:07,559 - INFO - Requête 22/45 : https://data.angers.fr/api/explore/v2.1/catalog/datasets/info-travaux/records?where=startat%3C=now()%20AND%20endat%3E=now()&limit=100&offset=21
2025-08-09 23:34:07,754 - INFO - 23 résultats ajoutés (total : 737)
2025-08-09 23:34:07,754 - INFO - Requête 23/45 : https://data.angers.fr/api/explore/v2.1/catalog/datasets/info-travaux/records?where=startat%3C=now()%20AND%20endat%3E=now()&limit=100&offset=22
2025-08-09 23:34:08,682 - INFO - 22 résultats ajoutés (total : 759)
2025-08-09 23:34:08,683 - INFO - Requête 24/45 : https://data.angers.fr/api/explore/v2.1/catalog/datasets/info-travaux/records?where=startat%3C=now()%20AND%20endat%3E=now()&limit=100&offset=23
2025-08-09 23:34:08,900 - INFO - 21 résultats ajoutés (total : 780)
2025-08-09 23:34:08,901 - INFO - Requête 25/45 : https://data.angers.fr/api/explore/v2.1/catalog/datasets/info-travaux/records?where=startat%3C=now()%20AND%20endat%3E=now()&limit=100&offset=24
2025-08-09 23:34:09,065 - INFO - 20 résultats ajoutés (total : 800)
2025-08-09 23:34:09,065 - INFO - Requête 26/45 : https://data.angers.fr/api/explore/v2.1/catalog/datasets/info-travaux/records?where=startat%3C=now()%20AND%20endat%3E=now()&limit=100&offset=25
2025-08-09 23:34:09,269 - INFO - 19 résultats ajoutés (total : 819)
2025-08-09 23:34:09,270 - INFO - Requête 27/45 : https://data.angers.fr/api/explore/v2.1/catalog/datasets/info-travaux/records?where=startat%3C=now()%20AND%20endat%3E=now()&limit=100&offset=26
2025-08-09 23:34:09,437 - INFO - 18 résultats ajoutés (total : 837)
2025-08-09 23:34:09,438 - INFO - Requête 28/45 : https://data.angers.fr/api/explore/v2.1/catalog/datasets/info-travaux/records?where=startat%3C=now()%20AND%20endat%3E=now()&limit=100&offset=27
2025-08-09 23:34:09,623 - INFO - 17 résultats ajoutés (total : 854)
2025-08-09 23:34:09,623 - INFO - Requête 29/45 : https://data.angers.fr/api/explore/v2.1/catalog/datasets/info-travaux/records?where=startat%3C=now()%20AND%20endat%3E=now()&limit=100&offset=28
2025-08-09 23:34:09,857 - INFO - 16 résultats ajoutés (total : 870)
2025-08-09 23:34:09,858 - INFO - Requête 30/45 : https://data.angers.fr/api/explore/v2.1/catalog/datasets/info-travaux/records?where=startat%3C=now()%20AND%20endat%3E=now()&limit=100&offset=29
2025-08-09 23:34:10,038 - INFO - 15 résultats ajoutés (total : 885)
2025-08-09 23:34:10,038 - INFO - Requête 31/45 : https://data.angers.fr/api/explore/v2.1/catalog/datasets/info-travaux/records?where=startat%3C=now()%20AND%20endat%3E=now()&limit=100&offset=30
2025-08-09 23:34:10,207 - INFO - 14 résultats ajoutés (total : 899)
2025-08-09 23:34:10,207 - INFO - Requête 32/45 : https://data.angers.fr/api/explore/v2.1/catalog/datasets/info-travaux/records?where=startat%3C=now()%20AND%20endat%3E=now()&limit=100&offset=31
2025-08-09 23:34:10,382 - INFO - 13 résultats ajoutés (total : 912)
2025-08-09 23:34:10,383 - INFO - Requête 33/45 : https://data.angers.fr/api/explore/v2.1/catalog/datasets/info-travaux/records?where=startat%3C=now()%20AND%20endat%3E=now()&limit=100&offset=32
2025-08-09 23:34:10,588 - INFO - 12 résultats ajoutés (total : 924)
2025-08-09 23:34:10,588 - INFO - Requête 34/45 : https://data.angers.fr/api/explore/v2.1/catalog/datasets/info-travaux/records?where=startat%3C=now()%20AND%20endat%3E=now()&limit=100&offset=33
2025-08-09 23:34:10,777 - INFO - 11 résultats ajoutés (total : 935)
2025-08-09 23:34:10,777 - INFO - Requête 35/45 : https://data.angers.fr/api/explore/v2.1/catalog/datasets/info-travaux/records?where=startat%3C=now()%20AND%20endat%3E=now()&limit=100&offset=34
2025-08-09 23:34:10,971 - INFO - 10 résultats ajoutés (total : 945)
2025-08-09 23:34:10,971 - INFO - Requête 36/45 : https://data.angers.fr/api/explore/v2.1/catalog/datasets/info-travaux/records?where=startat%3C=now()%20AND%20endat%3E=now()&limit=100&offset=35
2025-08-09 23:34:11,154 - INFO - 9 résultats ajoutés (total : 954)
2025-08-09 23:34:11,156 - INFO - Requête 37/45 : https://data.angers.fr/api/explore/v2.1/catalog/datasets/info-travaux/records?where=startat%3C=now()%20AND%20endat%3E=now()&limit=100&offset=36
2025-08-09 23:34:11,386 - INFO - 8 résultats ajoutés (total : 962)
2025-08-09 23:34:11,386 - INFO - Requête 38/45 : https://data.angers.fr/api/explore/v2.1/catalog/datasets/info-travaux/records?where=startat%3C=now()%20AND%20endat%3E=now()&limit=100&offset=37
2025-08-09 23:34:11,564 - INFO - 7 résultats ajoutés (total : 969)
2025-08-09 23:34:11,564 - INFO - Requête 39/45 : https://data.angers.fr/api/explore/v2.1/catalog/datasets/info-travaux/records?where=startat%3C=now()%20AND%20endat%3E=now()&limit=100&offset=38
2025-08-09 23:34:11,818 - INFO - 6 résultats ajoutés (total : 975)
2025-08-09 23:34:11,818 - INFO - Requête 40/45 : https://data.angers.fr/api/explore/v2.1/catalog/datasets/info-travaux/records?where=startat%3C=now()%20AND%20endat%3E=now()&limit=100&offset=39
2025-08-09 23:34:11,994 - INFO - 5 résultats ajoutés (total : 980)
2025-08-09 23:34:11,994 - INFO - Requête 41/45 : https://data.angers.fr/api/explore/v2.1/catalog/datasets/info-travaux/records?where=startat%3C=now()%20AND%20endat%3E=now()&limit=100&offset=40
2025-08-09 23:34:12,181 - INFO - 4 résultats ajoutés (total : 984)
2025-08-09 23:34:12,181 - INFO - Requête 42/45 : https://data.angers.fr/api/explore/v2.1/catalog/datasets/info-travaux/records?where=startat%3C=now()%20AND%20endat%3E=now()&limit=100&offset=41
2025-08-09 23:34:12,337 - INFO - 3 résultats ajoutés (total : 987)
2025-08-09 23:34:12,338 - INFO - Requête 43/45 : https://data.angers.fr/api/explore/v2.1/catalog/datasets/info-travaux/records?where=startat%3C=now()%20AND%20endat%3E=now()&limit=100&offset=42
2025-08-09 23:34:12,505 - INFO - 2 résultats ajoutés (total : 989)
2025-08-09 23:34:12,505 - INFO - Requête 44/45 : https://data.angers.fr/api/explore/v2.1/catalog/datasets/info-travaux/records?where=startat%3C=now()%20AND%20endat%3E=now()&limit=100&offset=43
2025-08-09 23:34:13,100 - INFO - 1 résultats ajoutés (total : 990)
2025-08-09 23:34:13,101 - INFO - Requête 45/45 : https://data.angers.fr/api/explore/v2.1/catalog/datasets/info-travaux/records?where=startat%3C=now()%20AND%20endat%3E=now()&limit=100&offset=44
2025-08-09 23:34:13,345 - INFO - 0 résultats ajoutés (total : 990)
2025-08-09 23:34:13,374 - INFO - Toutes les données ont été enregistrées dans /usr/ELT_Travaux_Angers/data/data.csv
2025-08-09 23:34:13,545 INFO:extract.py terminé
2025-08-09 23:34:13,545 INFO:Exécution de load.py...
Traceback (most recent call last):
  File "/usr/ELT_Travaux_Angers/load.py", line 3, in <module>
    from google.cloud import bigquery
ModuleNotFoundError: No module named 'google.cloud'
2025-08-09 23:34:13,925 ERROR:Erreur lors de l'exécution du script : Command '['/usr/bin/python3', 'load.py']' returned non-zero exit status 1.
Erreur détaillée : Command '['/usr/bin/python3', 'load.py']' returned non-zero exit status 1.
2025-08-09 23:36:01,880 INFO:Début de l'ETL
2025-08-09 23:36:01,881 INFO:Exécution de extract.py...
2025-08-09 23:36:02,653 - INFO - Début de la récupération des données.
2025-08-09 23:36:02,653 - INFO - Requête 1/45 : https://data.angers.fr/api/explore/v2.1/catalog/datasets/info-travaux/records?where=startat%3C=now()%20AND%20endat%3E=now()&limit=100&offset=0
2025-08-09 23:36:02,865 - INFO - 44 résultats ajoutés (total : 44)
2025-08-09 23:36:02,865 - INFO - Requête 2/45 : https://data.angers.fr/api/explore/v2.1/catalog/datasets/info-travaux/records?where=startat%3C=now()%20AND%20endat%3E=now()&limit=100&offset=1
2025-08-09 23:36:03,081 - INFO - 43 résultats ajoutés (total : 87)
2025-08-09 23:36:03,082 - INFO - Requête 3/45 : https://data.angers.fr/api/explore/v2.1/catalog/datasets/info-travaux/records?where=startat%3C=now()%20AND%20endat%3E=now()&limit=100&offset=2
2025-08-09 23:36:03,309 - INFO - 42 résultats ajoutés (total : 129)
2025-08-09 23:36:03,309 - INFO - Requête 4/45 : https://data.angers.fr/api/explore/v2.1/catalog/datasets/info-travaux/records?where=startat%3C=now()%20AND%20endat%3E=now()&limit=100&offset=3
2025-08-09 23:36:03,546 - INFO - 41 résultats ajoutés (total : 170)
2025-08-09 23:36:03,547 - INFO - Requête 5/45 : https://data.angers.fr/api/explore/v2.1/catalog/datasets/info-travaux/records?where=startat%3C=now()%20AND%20endat%3E=now()&limit=100&offset=4
2025-08-09 23:36:03,776 - INFO - 40 résultats ajoutés (total : 210)
2025-08-09 23:36:03,777 - INFO - Requête 6/45 : https://data.angers.fr/api/explore/v2.1/catalog/datasets/info-travaux/records?where=startat%3C=now()%20AND%20endat%3E=now()&limit=100&offset=5
2025-08-09 23:36:03,982 - INFO - 39 résultats ajoutés (total : 249)
2025-08-09 23:36:03,983 - INFO - Requête 7/45 : https://data.angers.fr/api/explore/v2.1/catalog/datasets/info-travaux/records?where=startat%3C=now()%20AND%20endat%3E=now()&limit=100&offset=6
2025-08-09 23:36:04,229 - INFO - 38 résultats ajoutés (total : 287)
2025-08-09 23:36:04,229 - INFO - Requête 8/45 : https://data.angers.fr/api/explore/v2.1/catalog/datasets/info-travaux/records?where=startat%3C=now()%20AND%20endat%3E=now()&limit=100&offset=7
2025-08-09 23:36:04,535 - INFO - 37 résultats ajoutés (total : 324)
2025-08-09 23:36:04,535 - INFO - Requête 9/45 : https://data.angers.fr/api/explore/v2.1/catalog/datasets/info-travaux/records?where=startat%3C=now()%20AND%20endat%3E=now()&limit=100&offset=8
2025-08-09 23:36:04,829 - INFO - 36 résultats ajoutés (total : 360)
2025-08-09 23:36:04,830 - INFO - Requête 10/45 : https://data.angers.fr/api/explore/v2.1/catalog/datasets/info-travaux/records?where=startat%3C=now()%20AND%20endat%3E=now()&limit=100&offset=9
2025-08-09 23:36:05,023 - INFO - 35 résultats ajoutés (total : 395)
2025-08-09 23:36:05,023 - INFO - Requête 11/45 : https://data.angers.fr/api/explore/v2.1/catalog/datasets/info-travaux/records?where=startat%3C=now()%20AND%20endat%3E=now()&limit=100&offset=10
2025-08-09 23:36:05,242 - INFO - 34 résultats ajoutés (total : 429)
2025-08-09 23:36:05,243 - INFO - Requête 12/45 : https://data.angers.fr/api/explore/v2.1/catalog/datasets/info-travaux/records?where=startat%3C=now()%20AND%20endat%3E=now()&limit=100&offset=11
2025-08-09 23:36:05,498 - INFO - 33 résultats ajoutés (total : 462)
2025-08-09 23:36:05,498 - INFO - Requête 13/45 : https://data.angers.fr/api/explore/v2.1/catalog/datasets/info-travaux/records?where=startat%3C=now()%20AND%20endat%3E=now()&limit=100&offset=12
2025-08-09 23:36:05,696 - INFO - 32 résultats ajoutés (total : 494)
2025-08-09 23:36:05,696 - INFO - Requête 14/45 : https://data.angers.fr/api/explore/v2.1/catalog/datasets/info-travaux/records?where=startat%3C=now()%20AND%20endat%3E=now()&limit=100&offset=13
2025-08-09 23:36:05,868 - INFO - 31 résultats ajoutés (total : 525)
2025-08-09 23:36:05,868 - INFO - Requête 15/45 : https://data.angers.fr/api/explore/v2.1/catalog/datasets/info-travaux/records?where=startat%3C=now()%20AND%20endat%3E=now()&limit=100&offset=14
2025-08-09 23:36:06,061 - INFO - 30 résultats ajoutés (total : 555)
2025-08-09 23:36:06,061 - INFO - Requête 16/45 : https://data.angers.fr/api/explore/v2.1/catalog/datasets/info-travaux/records?where=startat%3C=now()%20AND%20endat%3E=now()&limit=100&offset=15
2025-08-09 23:36:06,268 - INFO - 29 résultats ajoutés (total : 584)
2025-08-09 23:36:06,269 - INFO - Requête 17/45 : https://data.angers.fr/api/explore/v2.1/catalog/datasets/info-travaux/records?where=startat%3C=now()%20AND%20endat%3E=now()&limit=100&offset=16
2025-08-09 23:36:06,524 - INFO - 28 résultats ajoutés (total : 612)
2025-08-09 23:36:06,524 - INFO - Requête 18/45 : https://data.angers.fr/api/explore/v2.1/catalog/datasets/info-travaux/records?where=startat%3C=now()%20AND%20endat%3E=now()&limit=100&offset=17
2025-08-09 23:36:06,774 - INFO - 27 résultats ajoutés (total : 639)
2025-08-09 23:36:06,774 - INFO - Requête 19/45 : https://data.angers.fr/api/explore/v2.1/catalog/datasets/info-travaux/records?where=startat%3C=now()%20AND%20endat%3E=now()&limit=100&offset=18
2025-08-09 23:36:06,951 - INFO - 26 résultats ajoutés (total : 665)
2025-08-09 23:36:06,951 - INFO - Requête 20/45 : https://data.angers.fr/api/explore/v2.1/catalog/datasets/info-travaux/records?where=startat%3C=now()%20AND%20endat%3E=now()&limit=100&offset=19
2025-08-09 23:36:07,205 - INFO - 25 résultats ajoutés (total : 690)
2025-08-09 23:36:07,205 - INFO - Requête 21/45 : https://data.angers.fr/api/explore/v2.1/catalog/datasets/info-travaux/records?where=startat%3C=now()%20AND%20endat%3E=now()&limit=100&offset=20
2025-08-09 23:36:07,420 - INFO - 24 résultats ajoutés (total : 714)
2025-08-09 23:36:07,420 - INFO - Requête 22/45 : https://data.angers.fr/api/explore/v2.1/catalog/datasets/info-travaux/records?where=startat%3C=now()%20AND%20endat%3E=now()&limit=100&offset=21
2025-08-09 23:36:07,587 - INFO - 23 résultats ajoutés (total : 737)
2025-08-09 23:36:07,588 - INFO - Requête 23/45 : https://data.angers.fr/api/explore/v2.1/catalog/datasets/info-travaux/records?where=startat%3C=now()%20AND%20endat%3E=now()&limit=100&offset=22
2025-08-09 23:36:07,775 - INFO - 22 résultats ajoutés (total : 759)
2025-08-09 23:36:07,776 - INFO - Requête 24/45 : https://data.angers.fr/api/explore/v2.1/catalog/datasets/info-travaux/records?where=startat%3C=now()%20AND%20endat%3E=now()&limit=100&offset=23
2025-08-09 23:36:07,960 - INFO - 21 résultats ajoutés (total : 780)
2025-08-09 23:36:07,960 - INFO - Requête 25/45 : https://data.angers.fr/api/explore/v2.1/catalog/datasets/info-travaux/records?where=startat%3C=now()%20AND%20endat%3E=now()&limit=100&offset=24
2025-08-09 23:36:08,146 - INFO - 20 résultats ajoutés (total : 800)
2025-08-09 23:36:08,146 - INFO - Requête 26/45 : https://data.angers.fr/api/explore/v2.1/catalog/datasets/info-travaux/records?where=startat%3C=now()%20AND%20endat%3E=now()&limit=100&offset=25
2025-08-09 23:36:08,356 - INFO - 19 résultats ajoutés (total : 819)
2025-08-09 23:36:08,356 - INFO - Requête 27/45 : https://data.angers.fr/api/explore/v2.1/catalog/datasets/info-travaux/records?where=startat%3C=now()%20AND%20endat%3E=now()&limit=100&offset=26
2025-08-09 23:36:08,549 - INFO - 18 résultats ajoutés (total : 837)
2025-08-09 23:36:08,549 - INFO - Requête 28/45 : https://data.angers.fr/api/explore/v2.1/catalog/datasets/info-travaux/records?where=startat%3C=now()%20AND%20endat%3E=now()&limit=100&offset=27
2025-08-09 23:36:08,715 - INFO - 17 résultats ajoutés (total : 854)
2025-08-09 23:36:08,715 - INFO - Requête 29/45 : https://data.angers.fr/api/explore/v2.1/catalog/datasets/info-travaux/records?where=startat%3C=now()%20AND%20endat%3E=now()&limit=100&offset=28
2025-08-09 23:36:08,977 - INFO - 16 résultats ajoutés (total : 870)
2025-08-09 23:36:08,978 - INFO - Requête 30/45 : https://data.angers.fr/api/explore/v2.1/catalog/datasets/info-travaux/records?where=startat%3C=now()%20AND%20endat%3E=now()&limit=100&offset=29
2025-08-09 23:36:09,173 - INFO - 15 résultats ajoutés (total : 885)
2025-08-09 23:36:09,174 - INFO - Requête 31/45 : https://data.angers.fr/api/explore/v2.1/catalog/datasets/info-travaux/records?where=startat%3C=now()%20AND%20endat%3E=now()&limit=100&offset=30
2025-08-09 23:36:09,404 - INFO - 14 résultats ajoutés (total : 899)
2025-08-09 23:36:09,407 - INFO - Requête 32/45 : https://data.angers.fr/api/explore/v2.1/catalog/datasets/info-travaux/records?where=startat%3C=now()%20AND%20endat%3E=now()&limit=100&offset=31
2025-08-09 23:36:09,613 - INFO - 13 résultats ajoutés (total : 912)
2025-08-09 23:36:09,613 - INFO - Requête 33/45 : https://data.angers.fr/api/explore/v2.1/catalog/datasets/info-travaux/records?where=startat%3C=now()%20AND%20endat%3E=now()&limit=100&offset=32
2025-08-09 23:36:09,842 - INFO - 12 résultats ajoutés (total : 924)
2025-08-09 23:36:09,842 - INFO - Requête 34/45 : https://data.angers.fr/api/explore/v2.1/catalog/datasets/info-travaux/records?where=startat%3C=now()%20AND%20endat%3E=now()&limit=100&offset=33
2025-08-09 23:36:10,036 - INFO - 11 résultats ajoutés (total : 935)
2025-08-09 23:36:10,037 - INFO - Requête 35/45 : https://data.angers.fr/api/explore/v2.1/catalog/datasets/info-travaux/records?where=startat%3C=now()%20AND%20endat%3E=now()&limit=100&offset=34
2025-08-09 23:36:10,259 - INFO - 10 résultats ajoutés (total : 945)
2025-08-09 23:36:10,260 - INFO - Requête 36/45 : https://data.angers.fr/api/explore/v2.1/catalog/datasets/info-travaux/records?where=startat%3C=now()%20AND%20endat%3E=now()&limit=100&offset=35
2025-08-09 23:36:10,433 - INFO - 9 résultats ajoutés (total : 954)
2025-08-09 23:36:10,433 - INFO - Requête 37/45 : https://data.angers.fr/api/explore/v2.1/catalog/datasets/info-travaux/records?where=startat%3C=now()%20AND%20endat%3E=now()&limit=100&offset=36
2025-08-09 23:36:10,615 - INFO - 8 résultats ajoutés (total : 962)
2025-08-09 23:36:10,616 - INFO - Requête 38/45 : https://data.angers.fr/api/explore/v2.1/catalog/datasets/info-travaux/records?where=startat%3C=now()%20AND%20endat%3E=now()&limit=100&offset=37
2025-08-09 23:36:10,779 - INFO - 7 résultats ajoutés (total : 969)
2025-08-09 23:36:10,780 - INFO - Requête 39/45 : https://data.angers.fr/api/explore/v2.1/catalog/datasets/info-travaux/records?where=startat%3C=now()%20AND%20endat%3E=now()&limit=100&offset=38
2025-08-09 23:36:10,938 - INFO - 6 résultats ajoutés (total : 975)
2025-08-09 23:36:10,939 - INFO - Requête 40/45 : https://data.angers.fr/api/explore/v2.1/catalog/datasets/info-travaux/records?where=startat%3C=now()%20AND%20endat%3E=now()&limit=100&offset=39
2025-08-09 23:36:11,128 - INFO - 5 résultats ajoutés (total : 980)
2025-08-09 23:36:11,129 - INFO - Requête 41/45 : https://data.angers.fr/api/explore/v2.1/catalog/datasets/info-travaux/records?where=startat%3C=now()%20AND%20endat%3E=now()&limit=100&offset=40
2025-08-09 23:36:11,292 - INFO - 4 résultats ajoutés (total : 984)
2025-08-09 23:36:11,293 - INFO - Requête 42/45 : https://data.angers.fr/api/explore/v2.1/catalog/datasets/info-travaux/records?where=startat%3C=now()%20AND%20endat%3E=now()&limit=100&offset=41
2025-08-09 23:36:11,457 - INFO - 3 résultats ajoutés (total : 987)
2025-08-09 23:36:11,457 - INFO - Requête 43/45 : https://data.angers.fr/api/explore/v2.1/catalog/datasets/info-travaux/records?where=startat%3C=now()%20AND%20endat%3E=now()&limit=100&offset=42
2025-08-09 23:36:11,643 - INFO - 2 résultats ajoutés (total : 989)
2025-08-09 23:36:11,643 - INFO - Requête 44/45 : https://data.angers.fr/api/explore/v2.1/catalog/datasets/info-travaux/records?where=startat%3C=now()%20AND%20endat%3E=now()&limit=100&offset=43
2025-08-09 23:36:11,809 - INFO - 1 résultats ajoutés (total : 990)
2025-08-09 23:36:11,810 - INFO - Requête 45/45 : https://data.angers.fr/api/explore/v2.1/catalog/datasets/info-travaux/records?where=startat%3C=now()%20AND%20endat%3E=now()&limit=100&offset=44
2025-08-09 23:36:12,007 - INFO - 0 résultats ajoutés (total : 990)
2025-08-09 23:36:12,039 - INFO - Toutes les données ont été enregistrées dans /usr/ELT_Travaux_Angers/data/data.csv
2025-08-09 23:36:12,196 INFO:extract.py terminé
2025-08-09 23:36:12,196 INFO:Exécution de load.py...
Traceback (most recent call last):
  File "/usr/ELT_Travaux_Angers/load.py", line 3, in <module>
    from google.cloud import bigquery
ModuleNotFoundError: No module named 'google.cloud'
2025-08-09 23:36:12,498 ERROR:Erreur lors de l'exécution du script : Command '['/usr/bin/python3', 'load.py']' returned non-zero exit status 1.
Erreur détaillée : Command '['/usr/bin/python3', 'load.py']' returned non-zero exit status 1.
2025-08-09 23:38:02,309 INFO:Début de l'ETL
2025-08-09 23:38:02,310 INFO:Exécution de extract.py...
2025-08-09 23:38:02,988 - INFO - Début de la récupération des données.
2025-08-09 23:38:02,988 - INFO - Requête 1/45 : https://data.angers.fr/api/explore/v2.1/catalog/datasets/info-travaux/records?where=startat%3C=now()%20AND%20endat%3E=now()&limit=100&offset=0
2025-08-09 23:38:03,218 - INFO - 44 résultats ajoutés (total : 44)
2025-08-09 23:38:03,218 - INFO - Requête 2/45 : https://data.angers.fr/api/explore/v2.1/catalog/datasets/info-travaux/records?where=startat%3C=now()%20AND%20endat%3E=now()&limit=100&offset=1
2025-08-09 23:38:03,406 - INFO - 43 résultats ajoutés (total : 87)
2025-08-09 23:38:03,406 - INFO - Requête 3/45 : https://data.angers.fr/api/explore/v2.1/catalog/datasets/info-travaux/records?where=startat%3C=now()%20AND%20endat%3E=now()&limit=100&offset=2
2025-08-09 23:38:03,613 - INFO - 42 résultats ajoutés (total : 129)
2025-08-09 23:38:03,613 - INFO - Requête 4/45 : https://data.angers.fr/api/explore/v2.1/catalog/datasets/info-travaux/records?where=startat%3C=now()%20AND%20endat%3E=now()&limit=100&offset=3
2025-08-09 23:38:03,805 - INFO - 41 résultats ajoutés (total : 170)
2025-08-09 23:38:03,805 - INFO - Requête 5/45 : https://data.angers.fr/api/explore/v2.1/catalog/datasets/info-travaux/records?where=startat%3C=now()%20AND%20endat%3E=now()&limit=100&offset=4
2025-08-09 23:38:03,998 - INFO - 40 résultats ajoutés (total : 210)
2025-08-09 23:38:03,999 - INFO - Requête 6/45 : https://data.angers.fr/api/explore/v2.1/catalog/datasets/info-travaux/records?where=startat%3C=now()%20AND%20endat%3E=now()&limit=100&offset=5
2025-08-09 23:38:04,714 - INFO - 39 résultats ajoutés (total : 249)
2025-08-09 23:38:04,714 - INFO - Requête 7/45 : https://data.angers.fr/api/explore/v2.1/catalog/datasets/info-travaux/records?where=startat%3C=now()%20AND%20endat%3E=now()&limit=100&offset=6
2025-08-09 23:38:04,924 - INFO - 38 résultats ajoutés (total : 287)
2025-08-09 23:38:04,925 - INFO - Requête 8/45 : https://data.angers.fr/api/explore/v2.1/catalog/datasets/info-travaux/records?where=startat%3C=now()%20AND%20endat%3E=now()&limit=100&offset=7
2025-08-09 23:38:05,098 - INFO - 37 résultats ajoutés (total : 324)
2025-08-09 23:38:05,098 - INFO - Requête 9/45 : https://data.angers.fr/api/explore/v2.1/catalog/datasets/info-travaux/records?where=startat%3C=now()%20AND%20endat%3E=now()&limit=100&offset=8
2025-08-09 23:38:05,277 - INFO - 36 résultats ajoutés (total : 360)
2025-08-09 23:38:05,278 - INFO - Requête 10/45 : https://data.angers.fr/api/explore/v2.1/catalog/datasets/info-travaux/records?where=startat%3C=now()%20AND%20endat%3E=now()&limit=100&offset=9
2025-08-09 23:38:05,455 - INFO - 35 résultats ajoutés (total : 395)
2025-08-09 23:38:05,455 - INFO - Requête 11/45 : https://data.angers.fr/api/explore/v2.1/catalog/datasets/info-travaux/records?where=startat%3C=now()%20AND%20endat%3E=now()&limit=100&offset=10
2025-08-09 23:38:05,686 - INFO - 34 résultats ajoutés (total : 429)
2025-08-09 23:38:05,686 - INFO - Requête 12/45 : https://data.angers.fr/api/explore/v2.1/catalog/datasets/info-travaux/records?where=startat%3C=now()%20AND%20endat%3E=now()&limit=100&offset=11
2025-08-09 23:38:05,911 - INFO - 33 résultats ajoutés (total : 462)
2025-08-09 23:38:05,912 - INFO - Requête 13/45 : https://data.angers.fr/api/explore/v2.1/catalog/datasets/info-travaux/records?where=startat%3C=now()%20AND%20endat%3E=now()&limit=100&offset=12
2025-08-09 23:38:06,128 - INFO - 32 résultats ajoutés (total : 494)
2025-08-09 23:38:06,128 - INFO - Requête 14/45 : https://data.angers.fr/api/explore/v2.1/catalog/datasets/info-travaux/records?where=startat%3C=now()%20AND%20endat%3E=now()&limit=100&offset=13
2025-08-09 23:38:06,323 - INFO - 31 résultats ajoutés (total : 525)
2025-08-09 23:38:06,323 - INFO - Requête 15/45 : https://data.angers.fr/api/explore/v2.1/catalog/datasets/info-travaux/records?where=startat%3C=now()%20AND%20endat%3E=now()&limit=100&offset=14
2025-08-09 23:38:06,537 - INFO - 30 résultats ajoutés (total : 555)
2025-08-09 23:38:06,537 - INFO - Requête 16/45 : https://data.angers.fr/api/explore/v2.1/catalog/datasets/info-travaux/records?where=startat%3C=now()%20AND%20endat%3E=now()&limit=100&offset=15
2025-08-09 23:38:06,722 - INFO - 29 résultats ajoutés (total : 584)
2025-08-09 23:38:06,722 - INFO - Requête 17/45 : https://data.angers.fr/api/explore/v2.1/catalog/datasets/info-travaux/records?where=startat%3C=now()%20AND%20endat%3E=now()&limit=100&offset=16
2025-08-09 23:38:06,901 - INFO - 28 résultats ajoutés (total : 612)
2025-08-09 23:38:06,901 - INFO - Requête 18/45 : https://data.angers.fr/api/explore/v2.1/catalog/datasets/info-travaux/records?where=startat%3C=now()%20AND%20endat%3E=now()&limit=100&offset=17
2025-08-09 23:38:07,105 - INFO - 27 résultats ajoutés (total : 639)
2025-08-09 23:38:07,106 - INFO - Requête 19/45 : https://data.angers.fr/api/explore/v2.1/catalog/datasets/info-travaux/records?where=startat%3C=now()%20AND%20endat%3E=now()&limit=100&offset=18
2025-08-09 23:38:07,309 - INFO - 26 résultats ajoutés (total : 665)
2025-08-09 23:38:07,310 - INFO - Requête 20/45 : https://data.angers.fr/api/explore/v2.1/catalog/datasets/info-travaux/records?where=startat%3C=now()%20AND%20endat%3E=now()&limit=100&offset=19
2025-08-09 23:38:07,499 - INFO - 25 résultats ajoutés (total : 690)
2025-08-09 23:38:07,499 - INFO - Requête 21/45 : https://data.angers.fr/api/explore/v2.1/catalog/datasets/info-travaux/records?where=startat%3C=now()%20AND%20endat%3E=now()&limit=100&offset=20
2025-08-09 23:38:07,759 - INFO - 24 résultats ajoutés (total : 714)
2025-08-09 23:38:07,759 - INFO - Requête 22/45 : https://data.angers.fr/api/explore/v2.1/catalog/datasets/info-travaux/records?where=startat%3C=now()%20AND%20endat%3E=now()&limit=100&offset=21
2025-08-09 23:38:07,963 - INFO - 23 résultats ajoutés (total : 737)
2025-08-09 23:38:07,964 - INFO - Requête 23/45 : https://data.angers.fr/api/explore/v2.1/catalog/datasets/info-travaux/records?where=startat%3C=now()%20AND%20endat%3E=now()&limit=100&offset=22
2025-08-09 23:38:08,142 - INFO - 22 résultats ajoutés (total : 759)
2025-08-09 23:38:08,142 - INFO - Requête 24/45 : https://data.angers.fr/api/explore/v2.1/catalog/datasets/info-travaux/records?where=startat%3C=now()%20AND%20endat%3E=now()&limit=100&offset=23
2025-08-09 23:38:08,380 - INFO - 21 résultats ajoutés (total : 780)
2025-08-09 23:38:08,380 - INFO - Requête 25/45 : https://data.angers.fr/api/explore/v2.1/catalog/datasets/info-travaux/records?where=startat%3C=now()%20AND%20endat%3E=now()&limit=100&offset=24
2025-08-09 23:38:08,546 - INFO - 20 résultats ajoutés (total : 800)
2025-08-09 23:38:08,547 - INFO - Requête 26/45 : https://data.angers.fr/api/explore/v2.1/catalog/datasets/info-travaux/records?where=startat%3C=now()%20AND%20endat%3E=now()&limit=100&offset=25
2025-08-09 23:38:08,699 - INFO - 19 résultats ajoutés (total : 819)
2025-08-09 23:38:08,699 - INFO - Requête 27/45 : https://data.angers.fr/api/explore/v2.1/catalog/datasets/info-travaux/records?where=startat%3C=now()%20AND%20endat%3E=now()&limit=100&offset=26
2025-08-09 23:38:08,890 - INFO - 18 résultats ajoutés (total : 837)
2025-08-09 23:38:08,890 - INFO - Requête 28/45 : https://data.angers.fr/api/explore/v2.1/catalog/datasets/info-travaux/records?where=startat%3C=now()%20AND%20endat%3E=now()&limit=100&offset=27
2025-08-09 23:38:09,105 - INFO - 17 résultats ajoutés (total : 854)
2025-08-09 23:38:09,105 - INFO - Requête 29/45 : https://data.angers.fr/api/explore/v2.1/catalog/datasets/info-travaux/records?where=startat%3C=now()%20AND%20endat%3E=now()&limit=100&offset=28
2025-08-09 23:38:09,326 - INFO - 16 résultats ajoutés (total : 870)
2025-08-09 23:38:09,326 - INFO - Requête 30/45 : https://data.angers.fr/api/explore/v2.1/catalog/datasets/info-travaux/records?where=startat%3C=now()%20AND%20endat%3E=now()&limit=100&offset=29
2025-08-09 23:38:09,556 - INFO - 15 résultats ajoutés (total : 885)
2025-08-09 23:38:09,556 - INFO - Requête 31/45 : https://data.angers.fr/api/explore/v2.1/catalog/datasets/info-travaux/records?where=startat%3C=now()%20AND%20endat%3E=now()&limit=100&offset=30
2025-08-09 23:38:09,749 - INFO - 14 résultats ajoutés (total : 899)
2025-08-09 23:38:09,749 - INFO - Requête 32/45 : https://data.angers.fr/api/explore/v2.1/catalog/datasets/info-travaux/records?where=startat%3C=now()%20AND%20endat%3E=now()&limit=100&offset=31
2025-08-09 23:38:09,917 - INFO - 13 résultats ajoutés (total : 912)
2025-08-09 23:38:09,918 - INFO - Requête 33/45 : https://data.angers.fr/api/explore/v2.1/catalog/datasets/info-travaux/records?where=startat%3C=now()%20AND%20endat%3E=now()&limit=100&offset=32
2025-08-09 23:38:10,145 - INFO - 12 résultats ajoutés (total : 924)
2025-08-09 23:38:10,145 - INFO - Requête 34/45 : https://data.angers.fr/api/explore/v2.1/catalog/datasets/info-travaux/records?where=startat%3C=now()%20AND%20endat%3E=now()&limit=100&offset=33
2025-08-09 23:38:10,400 - INFO - 11 résultats ajoutés (total : 935)
2025-08-09 23:38:10,400 - INFO - Requête 35/45 : https://data.angers.fr/api/explore/v2.1/catalog/datasets/info-travaux/records?where=startat%3C=now()%20AND%20endat%3E=now()&limit=100&offset=34
2025-08-09 23:38:10,596 - INFO - 10 résultats ajoutés (total : 945)
2025-08-09 23:38:10,597 - INFO - Requête 36/45 : https://data.angers.fr/api/explore/v2.1/catalog/datasets/info-travaux/records?where=startat%3C=now()%20AND%20endat%3E=now()&limit=100&offset=35
2025-08-09 23:38:10,811 - INFO - 9 résultats ajoutés (total : 954)
2025-08-09 23:38:10,811 - INFO - Requête 37/45 : https://data.angers.fr/api/explore/v2.1/catalog/datasets/info-travaux/records?where=startat%3C=now()%20AND%20endat%3E=now()&limit=100&offset=36
2025-08-09 23:38:10,991 - INFO - 8 résultats ajoutés (total : 962)
2025-08-09 23:38:10,991 - INFO - Requête 38/45 : https://data.angers.fr/api/explore/v2.1/catalog/datasets/info-travaux/records?where=startat%3C=now()%20AND%20endat%3E=now()&limit=100&offset=37
2025-08-09 23:38:11,160 - INFO - 7 résultats ajoutés (total : 969)
2025-08-09 23:38:11,160 - INFO - Requête 39/45 : https://data.angers.fr/api/explore/v2.1/catalog/datasets/info-travaux/records?where=startat%3C=now()%20AND%20endat%3E=now()&limit=100&offset=38
2025-08-09 23:38:11,353 - INFO - 6 résultats ajoutés (total : 975)
2025-08-09 23:38:11,353 - INFO - Requête 40/45 : https://data.angers.fr/api/explore/v2.1/catalog/datasets/info-travaux/records?where=startat%3C=now()%20AND%20endat%3E=now()&limit=100&offset=39
2025-08-09 23:38:11,527 - INFO - 5 résultats ajoutés (total : 980)
2025-08-09 23:38:11,527 - INFO - Requête 41/45 : https://data.angers.fr/api/explore/v2.1/catalog/datasets/info-travaux/records?where=startat%3C=now()%20AND%20endat%3E=now()&limit=100&offset=40
2025-08-09 23:38:11,695 - INFO - 4 résultats ajoutés (total : 984)
2025-08-09 23:38:11,695 - INFO - Requête 42/45 : https://data.angers.fr/api/explore/v2.1/catalog/datasets/info-travaux/records?where=startat%3C=now()%20AND%20endat%3E=now()&limit=100&offset=41
2025-08-09 23:38:11,882 - INFO - 3 résultats ajoutés (total : 987)
2025-08-09 23:38:11,882 - INFO - Requête 43/45 : https://data.angers.fr/api/explore/v2.1/catalog/datasets/info-travaux/records?where=startat%3C=now()%20AND%20endat%3E=now()&limit=100&offset=42
2025-08-09 23:38:12,051 - INFO - 2 résultats ajoutés (total : 989)
2025-08-09 23:38:12,051 - INFO - Requête 44/45 : https://data.angers.fr/api/explore/v2.1/catalog/datasets/info-travaux/records?where=startat%3C=now()%20AND%20endat%3E=now()&limit=100&offset=43
2025-08-09 23:38:12,254 - INFO - 1 résultats ajoutés (total : 990)
2025-08-09 23:38:12,254 - INFO - Requête 45/45 : https://data.angers.fr/api/explore/v2.1/catalog/datasets/info-travaux/records?where=startat%3C=now()%20AND%20endat%3E=now()&limit=100&offset=44
2025-08-09 23:38:12,466 - INFO - 0 résultats ajoutés (total : 990)
2025-08-09 23:38:12,505 - INFO - Toutes les données ont été enregistrées dans /usr/ELT_Travaux_Angers/data/data.csv
2025-08-09 23:38:12,663 INFO:extract.py terminé
2025-08-09 23:38:12,663 INFO:Exécution de load.py...
Traceback (most recent call last):
  File "/usr/ELT_Travaux_Angers/load.py", line 3, in <module>
    from google.cloud import bigquery
ModuleNotFoundError: No module named 'google.cloud'
2025-08-09 23:38:13,033 ERROR:Erreur lors de l'exécution du script : Command '['/usr/bin/python3', 'load.py']' returned non-zero exit status 1.
Erreur détaillée : Command '['/usr/bin/python3', 'load.py']' returned non-zero exit status 1.
2025-08-09 23:40:01,933 INFO:Début de l'ETL
2025-08-09 23:40:01,933 INFO:Exécution de extract.py...
2025-08-09 23:40:02,644 - INFO - Début de la récupération des données.
2025-08-09 23:40:02,644 - INFO - Requête 1/45 : https://data.angers.fr/api/explore/v2.1/catalog/datasets/info-travaux/records?where=startat%3C=now()%20AND%20endat%3E=now()&limit=100&offset=0
2025-08-09 23:40:02,973 - INFO - 44 résultats ajoutés (total : 44)
2025-08-09 23:40:02,973 - INFO - Requête 2/45 : https://data.angers.fr/api/explore/v2.1/catalog/datasets/info-travaux/records?where=startat%3C=now()%20AND%20endat%3E=now()&limit=100&offset=1
2025-08-09 23:40:03,237 - INFO - 43 résultats ajoutés (total : 87)
2025-08-09 23:40:03,237 - INFO - Requête 3/45 : https://data.angers.fr/api/explore/v2.1/catalog/datasets/info-travaux/records?where=startat%3C=now()%20AND%20endat%3E=now()&limit=100&offset=2
2025-08-09 23:40:03,658 - INFO - 42 résultats ajoutés (total : 129)
2025-08-09 23:40:03,658 - INFO - Requête 4/45 : https://data.angers.fr/api/explore/v2.1/catalog/datasets/info-travaux/records?where=startat%3C=now()%20AND%20endat%3E=now()&limit=100&offset=3
2025-08-09 23:40:03,931 - INFO - 41 résultats ajoutés (total : 170)
2025-08-09 23:40:03,931 - INFO - Requête 5/45 : https://data.angers.fr/api/explore/v2.1/catalog/datasets/info-travaux/records?where=startat%3C=now()%20AND%20endat%3E=now()&limit=100&offset=4
2025-08-09 23:40:04,291 - INFO - 40 résultats ajoutés (total : 210)
2025-08-09 23:40:04,291 - INFO - Requête 6/45 : https://data.angers.fr/api/explore/v2.1/catalog/datasets/info-travaux/records?where=startat%3C=now()%20AND%20endat%3E=now()&limit=100&offset=5
2025-08-09 23:40:05,160 - INFO - 39 résultats ajoutés (total : 249)
2025-08-09 23:40:05,161 - INFO - Requête 7/45 : https://data.angers.fr/api/explore/v2.1/catalog/datasets/info-travaux/records?where=startat%3C=now()%20AND%20endat%3E=now()&limit=100&offset=6
2025-08-09 23:40:05,431 - INFO - 38 résultats ajoutés (total : 287)
2025-08-09 23:40:05,431 - INFO - Requête 8/45 : https://data.angers.fr/api/explore/v2.1/catalog/datasets/info-travaux/records?where=startat%3C=now()%20AND%20endat%3E=now()&limit=100&offset=7
2025-08-09 23:40:05,643 - INFO - 37 résultats ajoutés (total : 324)
2025-08-09 23:40:05,643 - INFO - Requête 9/45 : https://data.angers.fr/api/explore/v2.1/catalog/datasets/info-travaux/records?where=startat%3C=now()%20AND%20endat%3E=now()&limit=100&offset=8
2025-08-09 23:40:05,869 - INFO - 36 résultats ajoutés (total : 360)
2025-08-09 23:40:05,869 - INFO - Requête 10/45 : https://data.angers.fr/api/explore/v2.1/catalog/datasets/info-travaux/records?where=startat%3C=now()%20AND%20endat%3E=now()&limit=100&offset=9
2025-08-09 23:40:06,125 - INFO - 35 résultats ajoutés (total : 395)
2025-08-09 23:40:06,125 - INFO - Requête 11/45 : https://data.angers.fr/api/explore/v2.1/catalog/datasets/info-travaux/records?where=startat%3C=now()%20AND%20endat%3E=now()&limit=100&offset=10
2025-08-09 23:40:06,310 - INFO - 34 résultats ajoutés (total : 429)
2025-08-09 23:40:06,310 - INFO - Requête 12/45 : https://data.angers.fr/api/explore/v2.1/catalog/datasets/info-travaux/records?where=startat%3C=now()%20AND%20endat%3E=now()&limit=100&offset=11
2025-08-09 23:40:06,547 - INFO - 33 résultats ajoutés (total : 462)
2025-08-09 23:40:06,548 - INFO - Requête 13/45 : https://data.angers.fr/api/explore/v2.1/catalog/datasets/info-travaux/records?where=startat%3C=now()%20AND%20endat%3E=now()&limit=100&offset=12
2025-08-09 23:40:06,796 - INFO - 32 résultats ajoutés (total : 494)
2025-08-09 23:40:06,797 - INFO - Requête 14/45 : https://data.angers.fr/api/explore/v2.1/catalog/datasets/info-travaux/records?where=startat%3C=now()%20AND%20endat%3E=now()&limit=100&offset=13
2025-08-09 23:40:07,016 - INFO - 31 résultats ajoutés (total : 525)
2025-08-09 23:40:07,017 - INFO - Requête 15/45 : https://data.angers.fr/api/explore/v2.1/catalog/datasets/info-travaux/records?where=startat%3C=now()%20AND%20endat%3E=now()&limit=100&offset=14
2025-08-09 23:40:07,230 - INFO - 30 résultats ajoutés (total : 555)
2025-08-09 23:40:07,231 - INFO - Requête 16/45 : https://data.angers.fr/api/explore/v2.1/catalog/datasets/info-travaux/records?where=startat%3C=now()%20AND%20endat%3E=now()&limit=100&offset=15
2025-08-09 23:40:07,464 - INFO - 29 résultats ajoutés (total : 584)
2025-08-09 23:40:07,465 - INFO - Requête 17/45 : https://data.angers.fr/api/explore/v2.1/catalog/datasets/info-travaux/records?where=startat%3C=now()%20AND%20endat%3E=now()&limit=100&offset=16
2025-08-09 23:40:07,712 - INFO - 28 résultats ajoutés (total : 612)
2025-08-09 23:40:07,712 - INFO - Requête 18/45 : https://data.angers.fr/api/explore/v2.1/catalog/datasets/info-travaux/records?where=startat%3C=now()%20AND%20endat%3E=now()&limit=100&offset=17
2025-08-09 23:40:07,904 - INFO - 27 résultats ajoutés (total : 639)
2025-08-09 23:40:07,904 - INFO - Requête 19/45 : https://data.angers.fr/api/explore/v2.1/catalog/datasets/info-travaux/records?where=startat%3C=now()%20AND%20endat%3E=now()&limit=100&offset=18
2025-08-09 23:40:08,120 - INFO - 26 résultats ajoutés (total : 665)
2025-08-09 23:40:08,121 - INFO - Requête 20/45 : https://data.angers.fr/api/explore/v2.1/catalog/datasets/info-travaux/records?where=startat%3C=now()%20AND%20endat%3E=now()&limit=100&offset=19
2025-08-09 23:40:08,383 - INFO - 25 résultats ajoutés (total : 690)
2025-08-09 23:40:08,383 - INFO - Requête 21/45 : https://data.angers.fr/api/explore/v2.1/catalog/datasets/info-travaux/records?where=startat%3C=now()%20AND%20endat%3E=now()&limit=100&offset=20
2025-08-09 23:40:08,579 - INFO - 24 résultats ajoutés (total : 714)
2025-08-09 23:40:08,579 - INFO - Requête 22/45 : https://data.angers.fr/api/explore/v2.1/catalog/datasets/info-travaux/records?where=startat%3C=now()%20AND%20endat%3E=now()&limit=100&offset=21
2025-08-09 23:40:08,796 - INFO - 23 résultats ajoutés (total : 737)
2025-08-09 23:40:08,796 - INFO - Requête 23/45 : https://data.angers.fr/api/explore/v2.1/catalog/datasets/info-travaux/records?where=startat%3C=now()%20AND%20endat%3E=now()&limit=100&offset=22
2025-08-09 23:40:08,991 - INFO - 22 résultats ajoutés (total : 759)
2025-08-09 23:40:08,991 - INFO - Requête 24/45 : https://data.angers.fr/api/explore/v2.1/catalog/datasets/info-travaux/records?where=startat%3C=now()%20AND%20endat%3E=now()&limit=100&offset=23
2025-08-09 23:40:09,206 - INFO - 21 résultats ajoutés (total : 780)
2025-08-09 23:40:09,206 - INFO - Requête 25/45 : https://data.angers.fr/api/explore/v2.1/catalog/datasets/info-travaux/records?where=startat%3C=now()%20AND%20endat%3E=now()&limit=100&offset=24
2025-08-09 23:40:09,412 - INFO - 20 résultats ajoutés (total : 800)
2025-08-09 23:40:09,412 - INFO - Requête 26/45 : https://data.angers.fr/api/explore/v2.1/catalog/datasets/info-travaux/records?where=startat%3C=now()%20AND%20endat%3E=now()&limit=100&offset=25
2025-08-09 23:40:09,642 - INFO - 19 résultats ajoutés (total : 819)
2025-08-09 23:40:09,643 - INFO - Requête 27/45 : https://data.angers.fr/api/explore/v2.1/catalog/datasets/info-travaux/records?where=startat%3C=now()%20AND%20endat%3E=now()&limit=100&offset=26
2025-08-09 23:40:09,884 - INFO - 18 résultats ajoutés (total : 837)
2025-08-09 23:40:09,884 - INFO - Requête 28/45 : https://data.angers.fr/api/explore/v2.1/catalog/datasets/info-travaux/records?where=startat%3C=now()%20AND%20endat%3E=now()&limit=100&offset=27
2025-08-09 23:40:10,123 - INFO - 17 résultats ajoutés (total : 854)
2025-08-09 23:40:10,124 - INFO - Requête 29/45 : https://data.angers.fr/api/explore/v2.1/catalog/datasets/info-travaux/records?where=startat%3C=now()%20AND%20endat%3E=now()&limit=100&offset=28
2025-08-09 23:40:10,383 - INFO - 16 résultats ajoutés (total : 870)
2025-08-09 23:40:10,384 - INFO - Requête 30/45 : https://data.angers.fr/api/explore/v2.1/catalog/datasets/info-travaux/records?where=startat%3C=now()%20AND%20endat%3E=now()&limit=100&offset=29
2025-08-09 23:40:10,649 - INFO - 15 résultats ajoutés (total : 885)
2025-08-09 23:40:10,649 - INFO - Requête 31/45 : https://data.angers.fr/api/explore/v2.1/catalog/datasets/info-travaux/records?where=startat%3C=now()%20AND%20endat%3E=now()&limit=100&offset=30
2025-08-09 23:40:10,857 - INFO - 14 résultats ajoutés (total : 899)
2025-08-09 23:40:10,857 - INFO - Requête 32/45 : https://data.angers.fr/api/explore/v2.1/catalog/datasets/info-travaux/records?where=startat%3C=now()%20AND%20endat%3E=now()&limit=100&offset=31
2025-08-09 23:40:11,044 - INFO - 13 résultats ajoutés (total : 912)
2025-08-09 23:40:11,044 - INFO - Requête 33/45 : https://data.angers.fr/api/explore/v2.1/catalog/datasets/info-travaux/records?where=startat%3C=now()%20AND%20endat%3E=now()&limit=100&offset=32
2025-08-09 23:40:11,308 - INFO - 12 résultats ajoutés (total : 924)
2025-08-09 23:40:11,308 - INFO - Requête 34/45 : https://data.angers.fr/api/explore/v2.1/catalog/datasets/info-travaux/records?where=startat%3C=now()%20AND%20endat%3E=now()&limit=100&offset=33
2025-08-09 23:40:11,516 - INFO - 11 résultats ajoutés (total : 935)
2025-08-09 23:40:11,517 - INFO - Requête 35/45 : https://data.angers.fr/api/explore/v2.1/catalog/datasets/info-travaux/records?where=startat%3C=now()%20AND%20endat%3E=now()&limit=100&offset=34
2025-08-09 23:40:11,761 - INFO - 10 résultats ajoutés (total : 945)
2025-08-09 23:40:11,762 - INFO - Requête 36/45 : https://data.angers.fr/api/explore/v2.1/catalog/datasets/info-travaux/records?where=startat%3C=now()%20AND%20endat%3E=now()&limit=100&offset=35
2025-08-09 23:40:11,969 - INFO - 9 résultats ajoutés (total : 954)
2025-08-09 23:40:11,969 - INFO - Requête 37/45 : https://data.angers.fr/api/explore/v2.1/catalog/datasets/info-travaux/records?where=startat%3C=now()%20AND%20endat%3E=now()&limit=100&offset=36
2025-08-09 23:40:12,140 - INFO - 8 résultats ajoutés (total : 962)
2025-08-09 23:40:12,143 - INFO - Requête 38/45 : https://data.angers.fr/api/explore/v2.1/catalog/datasets/info-travaux/records?where=startat%3C=now()%20AND%20endat%3E=now()&limit=100&offset=37
2025-08-09 23:40:12,354 - INFO - 7 résultats ajoutés (total : 969)
2025-08-09 23:40:12,355 - INFO - Requête 39/45 : https://data.angers.fr/api/explore/v2.1/catalog/datasets/info-travaux/records?where=startat%3C=now()%20AND%20endat%3E=now()&limit=100&offset=38
2025-08-09 23:40:12,547 - INFO - 6 résultats ajoutés (total : 975)
2025-08-09 23:40:12,547 - INFO - Requête 40/45 : https://data.angers.fr/api/explore/v2.1/catalog/datasets/info-travaux/records?where=startat%3C=now()%20AND%20endat%3E=now()&limit=100&offset=39
2025-08-09 23:40:12,781 - INFO - 5 résultats ajoutés (total : 980)
2025-08-09 23:40:12,781 - INFO - Requête 41/45 : https://data.angers.fr/api/explore/v2.1/catalog/datasets/info-travaux/records?where=startat%3C=now()%20AND%20endat%3E=now()&limit=100&offset=40
2025-08-09 23:40:13,017 - INFO - 4 résultats ajoutés (total : 984)
2025-08-09 23:40:13,017 - INFO - Requête 42/45 : https://data.angers.fr/api/explore/v2.1/catalog/datasets/info-travaux/records?where=startat%3C=now()%20AND%20endat%3E=now()&limit=100&offset=41
2025-08-09 23:40:13,201 - INFO - 3 résultats ajoutés (total : 987)
2025-08-09 23:40:13,202 - INFO - Requête 43/45 : https://data.angers.fr/api/explore/v2.1/catalog/datasets/info-travaux/records?where=startat%3C=now()%20AND%20endat%3E=now()&limit=100&offset=42
2025-08-09 23:40:13,433 - INFO - 2 résultats ajoutés (total : 989)
2025-08-09 23:40:13,433 - INFO - Requête 44/45 : https://data.angers.fr/api/explore/v2.1/catalog/datasets/info-travaux/records?where=startat%3C=now()%20AND%20endat%3E=now()&limit=100&offset=43
2025-08-09 23:40:13,685 - INFO - 1 résultats ajoutés (total : 990)
2025-08-09 23:40:13,685 - INFO - Requête 45/45 : https://data.angers.fr/api/explore/v2.1/catalog/datasets/info-travaux/records?where=startat%3C=now()%20AND%20endat%3E=now()&limit=100&offset=44
2025-08-09 23:40:14,220 - INFO - 0 résultats ajoutés (total : 990)
2025-08-09 23:40:14,279 - INFO - Toutes les données ont été enregistrées dans /usr/ELT_Travaux_Angers/data/data.csv
2025-08-09 23:40:14,450 INFO:extract.py terminé
2025-08-09 23:40:14,451 INFO:Exécution de load.py...
Traceback (most recent call last):
  File "/usr/ELT_Travaux_Angers/load.py", line 3, in <module>
    from google.cloud import bigquery
ModuleNotFoundError: No module named 'google.cloud'
2025-08-09 23:40:14,778 ERROR:Erreur lors de l'exécution du script : Command '['/usr/bin/python3', 'load.py']' returned non-zero exit status 1.
Erreur détaillée : Command '['/usr/bin/python3', 'load.py']' returned non-zero exit status 1.
2025-08-09 23:42:01,617 INFO:Début de l'ETL
2025-08-09 23:42:01,618 INFO:Exécution de extract.py...
2025-08-09 23:42:02,450 - INFO - Début de la récupération des données.
2025-08-09 23:42:02,451 - INFO - Requête 1/45 : https://data.angers.fr/api/explore/v2.1/catalog/datasets/info-travaux/records?where=startat%3C=now()%20AND%20endat%3E=now()&limit=100&offset=0
2025-08-09 23:42:02,830 - INFO - 44 résultats ajoutés (total : 44)
2025-08-09 23:42:02,830 - INFO - Requête 2/45 : https://data.angers.fr/api/explore/v2.1/catalog/datasets/info-travaux/records?where=startat%3C=now()%20AND%20endat%3E=now()&limit=100&offset=1
2025-08-09 23:42:03,065 - INFO - 43 résultats ajoutés (total : 87)
2025-08-09 23:42:03,065 - INFO - Requête 3/45 : https://data.angers.fr/api/explore/v2.1/catalog/datasets/info-travaux/records?where=startat%3C=now()%20AND%20endat%3E=now()&limit=100&offset=2
2025-08-09 23:42:03,313 - INFO - 42 résultats ajoutés (total : 129)
2025-08-09 23:42:03,313 - INFO - Requête 4/45 : https://data.angers.fr/api/explore/v2.1/catalog/datasets/info-travaux/records?where=startat%3C=now()%20AND%20endat%3E=now()&limit=100&offset=3
2025-08-09 23:42:03,654 - INFO - 41 résultats ajoutés (total : 170)
2025-08-09 23:42:03,655 - INFO - Requête 5/45 : https://data.angers.fr/api/explore/v2.1/catalog/datasets/info-travaux/records?where=startat%3C=now()%20AND%20endat%3E=now()&limit=100&offset=4
2025-08-09 23:42:03,920 - INFO - 40 résultats ajoutés (total : 210)
2025-08-09 23:42:03,920 - INFO - Requête 6/45 : https://data.angers.fr/api/explore/v2.1/catalog/datasets/info-travaux/records?where=startat%3C=now()%20AND%20endat%3E=now()&limit=100&offset=5
2025-08-09 23:42:04,326 - INFO - 39 résultats ajoutés (total : 249)
2025-08-09 23:42:04,326 - INFO - Requête 7/45 : https://data.angers.fr/api/explore/v2.1/catalog/datasets/info-travaux/records?where=startat%3C=now()%20AND%20endat%3E=now()&limit=100&offset=6
2025-08-09 23:42:04,608 - INFO - 38 résultats ajoutés (total : 287)
2025-08-09 23:42:04,608 - INFO - Requête 8/45 : https://data.angers.fr/api/explore/v2.1/catalog/datasets/info-travaux/records?where=startat%3C=now()%20AND%20endat%3E=now()&limit=100&offset=7
2025-08-09 23:42:04,813 - INFO - 37 résultats ajoutés (total : 324)
2025-08-09 23:42:04,814 - INFO - Requête 9/45 : https://data.angers.fr/api/explore/v2.1/catalog/datasets/info-travaux/records?where=startat%3C=now()%20AND%20endat%3E=now()&limit=100&offset=8
2025-08-09 23:42:05,002 - INFO - 36 résultats ajoutés (total : 360)
2025-08-09 23:42:05,002 - INFO - Requête 10/45 : https://data.angers.fr/api/explore/v2.1/catalog/datasets/info-travaux/records?where=startat%3C=now()%20AND%20endat%3E=now()&limit=100&offset=9
2025-08-09 23:42:05,203 - INFO - 35 résultats ajoutés (total : 395)
2025-08-09 23:42:05,203 - INFO - Requête 11/45 : https://data.angers.fr/api/explore/v2.1/catalog/datasets/info-travaux/records?where=startat%3C=now()%20AND%20endat%3E=now()&limit=100&offset=10
2025-08-09 23:42:05,376 - INFO - 34 résultats ajoutés (total : 429)
2025-08-09 23:42:05,376 - INFO - Requête 12/45 : https://data.angers.fr/api/explore/v2.1/catalog/datasets/info-travaux/records?where=startat%3C=now()%20AND%20endat%3E=now()&limit=100&offset=11
2025-08-09 23:42:05,551 - INFO - 33 résultats ajoutés (total : 462)
2025-08-09 23:42:05,552 - INFO - Requête 13/45 : https://data.angers.fr/api/explore/v2.1/catalog/datasets/info-travaux/records?where=startat%3C=now()%20AND%20endat%3E=now()&limit=100&offset=12
2025-08-09 23:42:05,773 - INFO - 32 résultats ajoutés (total : 494)
2025-08-09 23:42:05,773 - INFO - Requête 14/45 : https://data.angers.fr/api/explore/v2.1/catalog/datasets/info-travaux/records?where=startat%3C=now()%20AND%20endat%3E=now()&limit=100&offset=13
2025-08-09 23:42:05,965 - INFO - 31 résultats ajoutés (total : 525)
2025-08-09 23:42:05,965 - INFO - Requête 15/45 : https://data.angers.fr/api/explore/v2.1/catalog/datasets/info-travaux/records?where=startat%3C=now()%20AND%20endat%3E=now()&limit=100&offset=14
2025-08-09 23:42:06,154 - INFO - 30 résultats ajoutés (total : 555)
2025-08-09 23:42:06,154 - INFO - Requête 16/45 : https://data.angers.fr/api/explore/v2.1/catalog/datasets/info-travaux/records?where=startat%3C=now()%20AND%20endat%3E=now()&limit=100&offset=15
2025-08-09 23:42:06,920 - INFO - 29 résultats ajoutés (total : 584)
2025-08-09 23:42:06,920 - INFO - Requête 17/45 : https://data.angers.fr/api/explore/v2.1/catalog/datasets/info-travaux/records?where=startat%3C=now()%20AND%20endat%3E=now()&limit=100&offset=16
2025-08-09 23:42:07,792 - INFO - 28 résultats ajoutés (total : 612)
2025-08-09 23:42:07,792 - INFO - Requête 18/45 : https://data.angers.fr/api/explore/v2.1/catalog/datasets/info-travaux/records?where=startat%3C=now()%20AND%20endat%3E=now()&limit=100&offset=17
2025-08-09 23:42:08,009 - INFO - 27 résultats ajoutés (total : 639)
2025-08-09 23:42:08,010 - INFO - Requête 19/45 : https://data.angers.fr/api/explore/v2.1/catalog/datasets/info-travaux/records?where=startat%3C=now()%20AND%20endat%3E=now()&limit=100&offset=18
2025-08-09 23:42:08,184 - INFO - 26 résultats ajoutés (total : 665)
2025-08-09 23:42:08,184 - INFO - Requête 20/45 : https://data.angers.fr/api/explore/v2.1/catalog/datasets/info-travaux/records?where=startat%3C=now()%20AND%20endat%3E=now()&limit=100&offset=19
2025-08-09 23:42:08,435 - INFO - 25 résultats ajoutés (total : 690)
2025-08-09 23:42:08,435 - INFO - Requête 21/45 : https://data.angers.fr/api/explore/v2.1/catalog/datasets/info-travaux/records?where=startat%3C=now()%20AND%20endat%3E=now()&limit=100&offset=20
2025-08-09 23:42:08,641 - INFO - 24 résultats ajoutés (total : 714)
2025-08-09 23:42:08,642 - INFO - Requête 22/45 : https://data.angers.fr/api/explore/v2.1/catalog/datasets/info-travaux/records?where=startat%3C=now()%20AND%20endat%3E=now()&limit=100&offset=21
2025-08-09 23:42:08,801 - INFO - 23 résultats ajoutés (total : 737)
2025-08-09 23:42:08,801 - INFO - Requête 23/45 : https://data.angers.fr/api/explore/v2.1/catalog/datasets/info-travaux/records?where=startat%3C=now()%20AND%20endat%3E=now()&limit=100&offset=22
2025-08-09 23:42:08,972 - INFO - 22 résultats ajoutés (total : 759)
2025-08-09 23:42:08,972 - INFO - Requête 24/45 : https://data.angers.fr/api/explore/v2.1/catalog/datasets/info-travaux/records?where=startat%3C=now()%20AND%20endat%3E=now()&limit=100&offset=23
2025-08-09 23:42:09,160 - INFO - 21 résultats ajoutés (total : 780)
2025-08-09 23:42:09,160 - INFO - Requête 25/45 : https://data.angers.fr/api/explore/v2.1/catalog/datasets/info-travaux/records?where=startat%3C=now()%20AND%20endat%3E=now()&limit=100&offset=24
2025-08-09 23:42:09,364 - INFO - 20 résultats ajoutés (total : 800)
2025-08-09 23:42:09,365 - INFO - Requête 26/45 : https://data.angers.fr/api/explore/v2.1/catalog/datasets/info-travaux/records?where=startat%3C=now()%20AND%20endat%3E=now()&limit=100&offset=25
2025-08-09 23:42:09,548 - INFO - 19 résultats ajoutés (total : 819)
2025-08-09 23:42:09,548 - INFO - Requête 27/45 : https://data.angers.fr/api/explore/v2.1/catalog/datasets/info-travaux/records?where=startat%3C=now()%20AND%20endat%3E=now()&limit=100&offset=26
2025-08-09 23:42:09,717 - INFO - 18 résultats ajoutés (total : 837)
2025-08-09 23:42:09,718 - INFO - Requête 28/45 : https://data.angers.fr/api/explore/v2.1/catalog/datasets/info-travaux/records?where=startat%3C=now()%20AND%20endat%3E=now()&limit=100&offset=27
2025-08-09 23:42:09,888 - INFO - 17 résultats ajoutés (total : 854)
2025-08-09 23:42:09,889 - INFO - Requête 29/45 : https://data.angers.fr/api/explore/v2.1/catalog/datasets/info-travaux/records?where=startat%3C=now()%20AND%20endat%3E=now()&limit=100&offset=28
2025-08-09 23:42:10,109 - INFO - 16 résultats ajoutés (total : 870)
2025-08-09 23:42:10,109 - INFO - Requête 30/45 : https://data.angers.fr/api/explore/v2.1/catalog/datasets/info-travaux/records?where=startat%3C=now()%20AND%20endat%3E=now()&limit=100&offset=29
2025-08-09 23:42:10,360 - INFO - 15 résultats ajoutés (total : 885)
2025-08-09 23:42:10,361 - INFO - Requête 31/45 : https://data.angers.fr/api/explore/v2.1/catalog/datasets/info-travaux/records?where=startat%3C=now()%20AND%20endat%3E=now()&limit=100&offset=30
2025-08-09 23:42:11,056 - INFO - 14 résultats ajoutés (total : 899)
2025-08-09 23:42:11,057 - INFO - Requête 32/45 : https://data.angers.fr/api/explore/v2.1/catalog/datasets/info-travaux/records?where=startat%3C=now()%20AND%20endat%3E=now()&limit=100&offset=31
2025-08-09 23:42:11,259 - INFO - 13 résultats ajoutés (total : 912)
2025-08-09 23:42:11,260 - INFO - Requête 33/45 : https://data.angers.fr/api/explore/v2.1/catalog/datasets/info-travaux/records?where=startat%3C=now()%20AND%20endat%3E=now()&limit=100&offset=32
2025-08-09 23:42:11,475 - INFO - 12 résultats ajoutés (total : 924)
2025-08-09 23:42:11,475 - INFO - Requête 34/45 : https://data.angers.fr/api/explore/v2.1/catalog/datasets/info-travaux/records?where=startat%3C=now()%20AND%20endat%3E=now()&limit=100&offset=33
2025-08-09 23:42:11,712 - INFO - 11 résultats ajoutés (total : 935)
2025-08-09 23:42:11,713 - INFO - Requête 35/45 : https://data.angers.fr/api/explore/v2.1/catalog/datasets/info-travaux/records?where=startat%3C=now()%20AND%20endat%3E=now()&limit=100&offset=34
2025-08-09 23:42:11,962 - INFO - 10 résultats ajoutés (total : 945)
2025-08-09 23:42:11,963 - INFO - Requête 36/45 : https://data.angers.fr/api/explore/v2.1/catalog/datasets/info-travaux/records?where=startat%3C=now()%20AND%20endat%3E=now()&limit=100&offset=35
2025-08-09 23:42:12,125 - INFO - 9 résultats ajoutés (total : 954)
2025-08-09 23:42:12,125 - INFO - Requête 37/45 : https://data.angers.fr/api/explore/v2.1/catalog/datasets/info-travaux/records?where=startat%3C=now()%20AND%20endat%3E=now()&limit=100&offset=36
2025-08-09 23:42:12,371 - INFO - 8 résultats ajoutés (total : 962)
2025-08-09 23:42:12,371 - INFO - Requête 38/45 : https://data.angers.fr/api/explore/v2.1/catalog/datasets/info-travaux/records?where=startat%3C=now()%20AND%20endat%3E=now()&limit=100&offset=37
2025-08-09 23:42:12,563 - INFO - 7 résultats ajoutés (total : 969)
2025-08-09 23:42:12,563 - INFO - Requête 39/45 : https://data.angers.fr/api/explore/v2.1/catalog/datasets/info-travaux/records?where=startat%3C=now()%20AND%20endat%3E=now()&limit=100&offset=38
2025-08-09 23:42:12,743 - INFO - 6 résultats ajoutés (total : 975)
2025-08-09 23:42:12,744 - INFO - Requête 40/45 : https://data.angers.fr/api/explore/v2.1/catalog/datasets/info-travaux/records?where=startat%3C=now()%20AND%20endat%3E=now()&limit=100&offset=39
2025-08-09 23:42:12,971 - INFO - 5 résultats ajoutés (total : 980)
2025-08-09 23:42:12,971 - INFO - Requête 41/45 : https://data.angers.fr/api/explore/v2.1/catalog/datasets/info-travaux/records?where=startat%3C=now()%20AND%20endat%3E=now()&limit=100&offset=40
2025-08-09 23:42:13,162 - INFO - 4 résultats ajoutés (total : 984)
2025-08-09 23:42:13,162 - INFO - Requête 42/45 : https://data.angers.fr/api/explore/v2.1/catalog/datasets/info-travaux/records?where=startat%3C=now()%20AND%20endat%3E=now()&limit=100&offset=41
2025-08-09 23:42:13,397 - INFO - 3 résultats ajoutés (total : 987)
2025-08-09 23:42:13,398 - INFO - Requête 43/45 : https://data.angers.fr/api/explore/v2.1/catalog/datasets/info-travaux/records?where=startat%3C=now()%20AND%20endat%3E=now()&limit=100&offset=42
2025-08-09 23:42:13,605 - INFO - 2 résultats ajoutés (total : 989)
2025-08-09 23:42:13,605 - INFO - Requête 44/45 : https://data.angers.fr/api/explore/v2.1/catalog/datasets/info-travaux/records?where=startat%3C=now()%20AND%20endat%3E=now()&limit=100&offset=43
2025-08-09 23:42:13,778 - INFO - 1 résultats ajoutés (total : 990)
2025-08-09 23:42:13,778 - INFO - Requête 45/45 : https://data.angers.fr/api/explore/v2.1/catalog/datasets/info-travaux/records?where=startat%3C=now()%20AND%20endat%3E=now()&limit=100&offset=44
2025-08-09 23:42:13,955 - INFO - 0 résultats ajoutés (total : 990)
2025-08-09 23:42:13,996 - INFO - Toutes les données ont été enregistrées dans /usr/ELT_Travaux_Angers/data/data.csv
2025-08-09 23:42:14,214 INFO:extract.py terminé
2025-08-09 23:42:14,214 INFO:Exécution de load.py...
Traceback (most recent call last):
  File "/usr/ELT_Travaux_Angers/load.py", line 3, in <module>
    from google.cloud import bigquery
ModuleNotFoundError: No module named 'google.cloud'
2025-08-09 23:42:14,667 ERROR:Erreur lors de l'exécution du script : Command '['/usr/bin/python3', 'load.py']' returned non-zero exit status 1.
Erreur détaillée : Command '['/usr/bin/python3', 'load.py']' returned non-zero exit status 1.
2025-08-09 23:43:37,917 INFO:Installation des dépendances...
2025-08-09 23:43:40,090 INFO:Dépendances installées avec succès
2025-08-09 23:43:40,090 INFO:Début de l'ETL
2025-08-09 23:43:40,091 INFO:Exécution de extract.py...
2025-08-09 23:43:48,777 INFO:extract.py terminé
2025-08-09 23:43:48,777 INFO:Exécution de load.py...
2025-08-09 23:43:55,286 INFO:load.py terminé
2025-08-09 23:43:55,287 INFO:ETL terminé avec succès.
2025-08-09 23:44:02,106 INFO:Installation des dépendances...
Requirement already satisfied: pandas in /usr/lib/python3/dist-packages (from -r requirements.txt (line 1)) (2.1.4+dfsg)
Collecting google-cloud-bigquery (from -r requirements.txt (line 2))
  Using cached google_cloud_bigquery-3.35.1-py3-none-any.whl.metadata (8.0 kB)
Collecting google-api-core<3.0.0,>=2.11.1 (from google-api-core[grpc]<3.0.0,>=2.11.1->google-cloud-bigquery->-r requirements.txt (line 2))
  Using cached google_api_core-2.25.1-py3-none-any.whl.metadata (3.0 kB)
Collecting google-auth<3.0.0,>=2.14.1 (from google-cloud-bigquery->-r requirements.txt (line 2))
  Using cached google_auth-2.40.3-py2.py3-none-any.whl.metadata (6.2 kB)
Collecting google-cloud-core<3.0.0,>=2.4.1 (from google-cloud-bigquery->-r requirements.txt (line 2))
  Using cached google_cloud_core-2.4.3-py2.py3-none-any.whl.metadata (2.7 kB)
Collecting google-resumable-media<3.0.0,>=2.0.0 (from google-cloud-bigquery->-r requirements.txt (line 2))
  Using cached google_resumable_media-2.7.2-py2.py3-none-any.whl.metadata (2.2 kB)
Collecting packaging>=24.2.0 (from google-cloud-bigquery->-r requirements.txt (line 2))
  Using cached packaging-25.0-py3-none-any.whl.metadata (3.3 kB)
Requirement already satisfied: python-dateutil<3.0.0,>=2.8.2 in /usr/lib/python3/dist-packages (from google-cloud-bigquery->-r requirements.txt (line 2)) (2.8.2)
Requirement already satisfied: requests<3.0.0,>=2.21.0 in /usr/lib/python3/dist-packages (from google-cloud-bigquery->-r requirements.txt (line 2)) (2.31.0)
Collecting googleapis-common-protos<2.0.0,>=1.56.2 (from google-api-core<3.0.0,>=2.11.1->google-api-core[grpc]<3.0.0,>=2.11.1->google-cloud-bigquery->-r requirements.txt (line 2))
  Using cached googleapis_common_protos-1.70.0-py3-none-any.whl.metadata (9.3 kB)
Requirement already satisfied: protobuf!=3.20.0,!=3.20.1,!=4.21.0,!=4.21.1,!=4.21.2,!=4.21.3,!=4.21.4,!=4.21.5,<7.0.0,>=3.19.5 in /usr/local/lib/python3.12/dist-packages (from google-api-core<3.0.0,>=2.11.1->google-api-core[grpc]<3.0.0,>=2.11.1->google-cloud-bigquery->-r requirements.txt (line 2)) (6.31.1)
Requirement already satisfied: proto-plus<2.0.0,>=1.22.3 in /usr/local/lib/python3.12/dist-packages (from google-api-core<3.0.0,>=2.11.1->google-api-core[grpc]<3.0.0,>=2.11.1->google-cloud-bigquery->-r requirements.txt (line 2)) (1.26.1)
Collecting grpcio<2.0.0,>=1.33.2 (from google-api-core[grpc]<3.0.0,>=2.11.1->google-cloud-bigquery->-r requirements.txt (line 2))
  Using cached grpcio-1.74.0-cp312-cp312-manylinux_2_17_x86_64.manylinux2014_x86_64.whl.metadata (3.8 kB)
Collecting grpcio-status<2.0.0,>=1.33.2 (from google-api-core[grpc]<3.0.0,>=2.11.1->google-cloud-bigquery->-r requirements.txt (line 2))
  Using cached grpcio_status-1.74.0-py3-none-any.whl.metadata (1.1 kB)
Collecting cachetools<6.0,>=2.0.0 (from google-auth<3.0.0,>=2.14.1->google-cloud-bigquery->-r requirements.txt (line 2))
  Using cached cachetools-5.5.2-py3-none-any.whl.metadata (5.4 kB)
Requirement already satisfied: pyasn1-modules>=0.2.1 in /usr/lib/python3/dist-packages (from google-auth<3.0.0,>=2.14.1->google-cloud-bigquery->-r requirements.txt (line 2)) (0.2.8)
Requirement already satisfied: rsa<5,>=3.1.4 in /usr/local/lib/python3.12/dist-packages (from google-auth<3.0.0,>=2.14.1->google-cloud-bigquery->-r requirements.txt (line 2)) (4.9.1)
Collecting google-crc32c<2.0dev,>=1.0 (from google-resumable-media<3.0.0,>=2.0.0->google-cloud-bigquery->-r requirements.txt (line 2))
  Using cached google_crc32c-1.7.1-cp312-cp312-manylinux_2_17_x86_64.manylinux2014_x86_64.whl.metadata (2.3 kB)
Requirement already satisfied: pyasn1>=0.1.3 in /usr/lib/python3/dist-packages (from rsa<5,>=3.1.4->google-auth<3.0.0,>=2.14.1->google-cloud-bigquery->-r requirements.txt (line 2)) (0.4.8)
Using cached google_cloud_bigquery-3.35.1-py3-none-any.whl (256 kB)
Using cached google_api_core-2.25.1-py3-none-any.whl (160 kB)
Using cached google_auth-2.40.3-py2.py3-none-any.whl (216 kB)
Using cached google_cloud_core-2.4.3-py2.py3-none-any.whl (29 kB)
Using cached google_resumable_media-2.7.2-py2.py3-none-any.whl (81 kB)
Using cached packaging-25.0-py3-none-any.whl (66 kB)
Using cached cachetools-5.5.2-py3-none-any.whl (10 kB)
Using cached google_crc32c-1.7.1-cp312-cp312-manylinux_2_17_x86_64.manylinux2014_x86_64.whl (32 kB)
Using cached googleapis_common_protos-1.70.0-py3-none-any.whl (294 kB)
Using cached grpcio-1.74.0-cp312-cp312-manylinux_2_17_x86_64.manylinux2014_x86_64.whl (6.2 MB)
Using cached grpcio_status-1.74.0-py3-none-any.whl (14 kB)
Installing collected packages: packaging, grpcio, googleapis-common-protos, google-crc32c, cachetools, grpcio-status, google-resumable-media, google-auth, google-api-core, google-cloud-core, google-cloud-bigquery
  Attempting uninstall: packaging
    Found existing installation: packaging 24.0
ERROR: Cannot uninstall packaging 24.0, RECORD file not found. Hint: The package was installed by debian.
2025-08-09 23:44:08,201 ERROR:Erreur lors de l'installation des dépendances : Command '['/usr/bin/python3', '-m', 'pip', 'install', '-r', 'requirements.txt', '--break-system-packages']' returned non-zero exit status 1.
2025-08-09 23:46:01,494 INFO:Installation des dépendances...
Requirement already satisfied: pandas in /usr/lib/python3/dist-packages (from -r requirements.txt (line 1)) (2.1.4+dfsg)
Collecting google-cloud-bigquery (from -r requirements.txt (line 2))
  Using cached google_cloud_bigquery-3.35.1-py3-none-any.whl.metadata (8.0 kB)
Collecting google-api-core<3.0.0,>=2.11.1 (from google-api-core[grpc]<3.0.0,>=2.11.1->google-cloud-bigquery->-r requirements.txt (line 2))
  Using cached google_api_core-2.25.1-py3-none-any.whl.metadata (3.0 kB)
Collecting google-auth<3.0.0,>=2.14.1 (from google-cloud-bigquery->-r requirements.txt (line 2))
  Using cached google_auth-2.40.3-py2.py3-none-any.whl.metadata (6.2 kB)
Collecting google-cloud-core<3.0.0,>=2.4.1 (from google-cloud-bigquery->-r requirements.txt (line 2))
  Using cached google_cloud_core-2.4.3-py2.py3-none-any.whl.metadata (2.7 kB)
Collecting google-resumable-media<3.0.0,>=2.0.0 (from google-cloud-bigquery->-r requirements.txt (line 2))
  Using cached google_resumable_media-2.7.2-py2.py3-none-any.whl.metadata (2.2 kB)
Collecting packaging>=24.2.0 (from google-cloud-bigquery->-r requirements.txt (line 2))
  Using cached packaging-25.0-py3-none-any.whl.metadata (3.3 kB)
Requirement already satisfied: python-dateutil<3.0.0,>=2.8.2 in /usr/lib/python3/dist-packages (from google-cloud-bigquery->-r requirements.txt (line 2)) (2.8.2)
Requirement already satisfied: requests<3.0.0,>=2.21.0 in /usr/lib/python3/dist-packages (from google-cloud-bigquery->-r requirements.txt (line 2)) (2.31.0)
Collecting googleapis-common-protos<2.0.0,>=1.56.2 (from google-api-core<3.0.0,>=2.11.1->google-api-core[grpc]<3.0.0,>=2.11.1->google-cloud-bigquery->-r requirements.txt (line 2))
  Using cached googleapis_common_protos-1.70.0-py3-none-any.whl.metadata (9.3 kB)
Requirement already satisfied: protobuf!=3.20.0,!=3.20.1,!=4.21.0,!=4.21.1,!=4.21.2,!=4.21.3,!=4.21.4,!=4.21.5,<7.0.0,>=3.19.5 in /usr/local/lib/python3.12/dist-packages (from google-api-core<3.0.0,>=2.11.1->google-api-core[grpc]<3.0.0,>=2.11.1->google-cloud-bigquery->-r requirements.txt (line 2)) (6.31.1)
Requirement already satisfied: proto-plus<2.0.0,>=1.22.3 in /usr/local/lib/python3.12/dist-packages (from google-api-core<3.0.0,>=2.11.1->google-api-core[grpc]<3.0.0,>=2.11.1->google-cloud-bigquery->-r requirements.txt (line 2)) (1.26.1)
Collecting grpcio<2.0.0,>=1.33.2 (from google-api-core[grpc]<3.0.0,>=2.11.1->google-cloud-bigquery->-r requirements.txt (line 2))
  Using cached grpcio-1.74.0-cp312-cp312-manylinux_2_17_x86_64.manylinux2014_x86_64.whl.metadata (3.8 kB)
Collecting grpcio-status<2.0.0,>=1.33.2 (from google-api-core[grpc]<3.0.0,>=2.11.1->google-cloud-bigquery->-r requirements.txt (line 2))
  Using cached grpcio_status-1.74.0-py3-none-any.whl.metadata (1.1 kB)
Collecting cachetools<6.0,>=2.0.0 (from google-auth<3.0.0,>=2.14.1->google-cloud-bigquery->-r requirements.txt (line 2))
  Using cached cachetools-5.5.2-py3-none-any.whl.metadata (5.4 kB)
Requirement already satisfied: pyasn1-modules>=0.2.1 in /usr/lib/python3/dist-packages (from google-auth<3.0.0,>=2.14.1->google-cloud-bigquery->-r requirements.txt (line 2)) (0.2.8)
Requirement already satisfied: rsa<5,>=3.1.4 in /usr/local/lib/python3.12/dist-packages (from google-auth<3.0.0,>=2.14.1->google-cloud-bigquery->-r requirements.txt (line 2)) (4.9.1)
Collecting google-crc32c<2.0dev,>=1.0 (from google-resumable-media<3.0.0,>=2.0.0->google-cloud-bigquery->-r requirements.txt (line 2))
  Using cached google_crc32c-1.7.1-cp312-cp312-manylinux_2_17_x86_64.manylinux2014_x86_64.whl.metadata (2.3 kB)
Requirement already satisfied: pyasn1>=0.1.3 in /usr/lib/python3/dist-packages (from rsa<5,>=3.1.4->google-auth<3.0.0,>=2.14.1->google-cloud-bigquery->-r requirements.txt (line 2)) (0.4.8)
Using cached google_cloud_bigquery-3.35.1-py3-none-any.whl (256 kB)
Using cached google_api_core-2.25.1-py3-none-any.whl (160 kB)
Using cached google_auth-2.40.3-py2.py3-none-any.whl (216 kB)
Using cached google_cloud_core-2.4.3-py2.py3-none-any.whl (29 kB)
Using cached google_resumable_media-2.7.2-py2.py3-none-any.whl (81 kB)
Using cached packaging-25.0-py3-none-any.whl (66 kB)
Using cached cachetools-5.5.2-py3-none-any.whl (10 kB)
Using cached google_crc32c-1.7.1-cp312-cp312-manylinux_2_17_x86_64.manylinux2014_x86_64.whl (32 kB)
Using cached googleapis_common_protos-1.70.0-py3-none-any.whl (294 kB)
Using cached grpcio-1.74.0-cp312-cp312-manylinux_2_17_x86_64.manylinux2014_x86_64.whl (6.2 MB)
Using cached grpcio_status-1.74.0-py3-none-any.whl (14 kB)
Installing collected packages: packaging, grpcio, googleapis-common-protos, google-crc32c, cachetools, grpcio-status, google-resumable-media, google-auth, google-api-core, google-cloud-core, google-cloud-bigquery
  Attempting uninstall: packaging
    Found existing installation: packaging 24.0
ERROR: Cannot uninstall packaging 24.0, RECORD file not found. Hint: The package was installed by debian.
2025-08-09 23:46:05,997 ERROR:Erreur lors de l'installation des dépendances : Command '['/usr/bin/python3', '-m', 'pip', 'install', '-r', 'requirements.txt', '--break-system-packages']' returned non-zero exit status 1.
2025-08-09 23:51:19,862 INFO:Installation des dépendances...
2025-08-09 23:51:22,945 INFO:Dépendances installées avec succès
2025-08-09 23:51:22,945 INFO:Début de l'ETL
2025-08-09 23:51:22,945 INFO:Exécution de extract.py...
2025-08-09 23:51:34,361 INFO:extract.py terminé
2025-08-09 23:51:34,361 INFO:Exécution de load.py...
2025-08-09 23:51:41,432 INFO:load.py terminé
2025-08-09 23:51:41,433 INFO:ETL terminé avec succès.
2025-08-10 00:00:02,646 INFO:Installation des dépendances...
Requirement already satisfied: pandas in /usr/lib/python3/dist-packages (from -r requirements.txt (line 1)) (2.1.4+dfsg)
Collecting google-cloud-bigquery (from -r requirements.txt (line 2))
  Using cached google_cloud_bigquery-3.35.1-py3-none-any.whl.metadata (8.0 kB)
Collecting google-api-core<3.0.0,>=2.11.1 (from google-api-core[grpc]<3.0.0,>=2.11.1->google-cloud-bigquery->-r requirements.txt (line 2))
  Using cached google_api_core-2.25.1-py3-none-any.whl.metadata (3.0 kB)
Collecting google-auth<3.0.0,>=2.14.1 (from google-cloud-bigquery->-r requirements.txt (line 2))
  Using cached google_auth-2.40.3-py2.py3-none-any.whl.metadata (6.2 kB)
Collecting google-cloud-core<3.0.0,>=2.4.1 (from google-cloud-bigquery->-r requirements.txt (line 2))
  Using cached google_cloud_core-2.4.3-py2.py3-none-any.whl.metadata (2.7 kB)
Collecting google-resumable-media<3.0.0,>=2.0.0 (from google-cloud-bigquery->-r requirements.txt (line 2))
  Using cached google_resumable_media-2.7.2-py2.py3-none-any.whl.metadata (2.2 kB)
Collecting packaging>=24.2.0 (from google-cloud-bigquery->-r requirements.txt (line 2))
  Using cached packaging-25.0-py3-none-any.whl.metadata (3.3 kB)
Requirement already satisfied: python-dateutil<3.0.0,>=2.8.2 in /usr/lib/python3/dist-packages (from google-cloud-bigquery->-r requirements.txt (line 2)) (2.8.2)
Requirement already satisfied: requests<3.0.0,>=2.21.0 in /usr/lib/python3/dist-packages (from google-cloud-bigquery->-r requirements.txt (line 2)) (2.31.0)
Collecting googleapis-common-protos<2.0.0,>=1.56.2 (from google-api-core<3.0.0,>=2.11.1->google-api-core[grpc]<3.0.0,>=2.11.1->google-cloud-bigquery->-r requirements.txt (line 2))
  Using cached googleapis_common_protos-1.70.0-py3-none-any.whl.metadata (9.3 kB)
Requirement already satisfied: protobuf!=3.20.0,!=3.20.1,!=4.21.0,!=4.21.1,!=4.21.2,!=4.21.3,!=4.21.4,!=4.21.5,<7.0.0,>=3.19.5 in /usr/local/lib/python3.12/dist-packages (from google-api-core<3.0.0,>=2.11.1->google-api-core[grpc]<3.0.0,>=2.11.1->google-cloud-bigquery->-r requirements.txt (line 2)) (6.31.1)
Requirement already satisfied: proto-plus<2.0.0,>=1.22.3 in /usr/local/lib/python3.12/dist-packages (from google-api-core<3.0.0,>=2.11.1->google-api-core[grpc]<3.0.0,>=2.11.1->google-cloud-bigquery->-r requirements.txt (line 2)) (1.26.1)
Collecting grpcio<2.0.0,>=1.33.2 (from google-api-core[grpc]<3.0.0,>=2.11.1->google-cloud-bigquery->-r requirements.txt (line 2))
  Using cached grpcio-1.74.0-cp312-cp312-manylinux_2_17_x86_64.manylinux2014_x86_64.whl.metadata (3.8 kB)
Collecting grpcio-status<2.0.0,>=1.33.2 (from google-api-core[grpc]<3.0.0,>=2.11.1->google-cloud-bigquery->-r requirements.txt (line 2))
  Using cached grpcio_status-1.74.0-py3-none-any.whl.metadata (1.1 kB)
Collecting cachetools<6.0,>=2.0.0 (from google-auth<3.0.0,>=2.14.1->google-cloud-bigquery->-r requirements.txt (line 2))
  Using cached cachetools-5.5.2-py3-none-any.whl.metadata (5.4 kB)
Requirement already satisfied: pyasn1-modules>=0.2.1 in /usr/lib/python3/dist-packages (from google-auth<3.0.0,>=2.14.1->google-cloud-bigquery->-r requirements.txt (line 2)) (0.2.8)
Requirement already satisfied: rsa<5,>=3.1.4 in /usr/local/lib/python3.12/dist-packages (from google-auth<3.0.0,>=2.14.1->google-cloud-bigquery->-r requirements.txt (line 2)) (4.9.1)
Collecting google-crc32c<2.0dev,>=1.0 (from google-resumable-media<3.0.0,>=2.0.0->google-cloud-bigquery->-r requirements.txt (line 2))
  Using cached google_crc32c-1.7.1-cp312-cp312-manylinux_2_17_x86_64.manylinux2014_x86_64.whl.metadata (2.3 kB)
Requirement already satisfied: pyasn1>=0.1.3 in /usr/lib/python3/dist-packages (from rsa<5,>=3.1.4->google-auth<3.0.0,>=2.14.1->google-cloud-bigquery->-r requirements.txt (line 2)) (0.4.8)
Using cached google_cloud_bigquery-3.35.1-py3-none-any.whl (256 kB)
Using cached google_api_core-2.25.1-py3-none-any.whl (160 kB)
Using cached google_auth-2.40.3-py2.py3-none-any.whl (216 kB)
Using cached google_cloud_core-2.4.3-py2.py3-none-any.whl (29 kB)
Using cached google_resumable_media-2.7.2-py2.py3-none-any.whl (81 kB)
Using cached packaging-25.0-py3-none-any.whl (66 kB)
Using cached cachetools-5.5.2-py3-none-any.whl (10 kB)
Using cached google_crc32c-1.7.1-cp312-cp312-manylinux_2_17_x86_64.manylinux2014_x86_64.whl (32 kB)
Using cached googleapis_common_protos-1.70.0-py3-none-any.whl (294 kB)
Using cached grpcio-1.74.0-cp312-cp312-manylinux_2_17_x86_64.manylinux2014_x86_64.whl (6.2 MB)
Using cached grpcio_status-1.74.0-py3-none-any.whl (14 kB)
Installing collected packages: packaging, grpcio, googleapis-common-protos, google-crc32c, cachetools, grpcio-status, google-resumable-media, google-auth, google-api-core, google-cloud-core, google-cloud-bigquery
  Attempting uninstall: packaging
    Found existing installation: packaging 24.0
ERROR: Cannot uninstall packaging 24.0, RECORD file not found. Hint: The package was installed by debian.
2025-08-10 00:00:17,674 ERROR:Erreur lors de l'installation des dépendances : Command '['/usr/bin/python3', '-m', 'pip', 'install', '-r', 'requirements.txt', '--break-system-packages']' returned non-zero exit status 1.
2025-08-10 01:20:07,769 INFO:Début de l'ETL
2025-08-10 01:20:07,774 INFO:Exécution de extract.py...
2025-08-10 01:20:19,785 INFO:extract.py terminé
2025-08-10 01:20:19,786 INFO:Exécution de load.py...
2025-08-10 01:20:35,231 ERROR:Erreur lors de l'exécution : Command '['/usr/ELT_Travaux_Angers/.env/bin/python3', 'load.py']' returned non-zero exit status 1.
2025-08-10 01:36:37,181 INFO:Début de l'ETL
2025-08-10 01:36:37,186 INFO:Exécution de extract.py...
2025-08-10 01:36:46,030 INFO:extract.py terminé
2025-08-10 01:36:46,031 INFO:Exécution de load.py...
2025-08-10 01:36:47,689 ERROR:Erreur lors de l'exécution : Command '['/usr/ELT_Travaux_Angers/.env/bin/python3', 'load.py']' returned non-zero exit status 1.
2025-08-10 01:43:22,388 INFO:Début de l'ETL
2025-08-10 01:43:22,390 INFO:Exécution de extract.py...
2025-08-10 01:43:32,667 INFO:extract.py terminé
2025-08-10 01:43:32,668 INFO:Exécution de load.py...
2025-08-10 01:43:38,192 ERROR:Erreur lors de l'exécution : Command '['/root/.pyenv/versions/3.12.6/bin/python3', 'load.py']' returned non-zero exit status 1.
2025-08-10 01:46:58,791 INFO:Début de l'ETL
2025-08-10 01:46:58,792 INFO:Exécution de extract.py...
2025-08-10 01:47:07,808 INFO:extract.py terminé
2025-08-10 01:47:07,809 INFO:Exécution de load.py...
2025-08-10 01:47:10,656 ERROR:Erreur lors de l'exécution : Command '['/root/.pyenv/versions/3.12.6/bin/python3', 'load.py']' returned non-zero exit status 1.
2025-08-10 01:54:36,589 INFO:Début de l'ETL
2025-08-10 01:54:36,590 INFO:Exécution de extract.py...
2025-08-10 01:54:44,912 INFO:extract.py terminé
2025-08-10 01:54:44,913 INFO:Exécution de load.py...
2025-08-10 01:54:53,463 INFO:load.py terminé
2025-08-10 01:54:53,464 INFO:Début des transformations DBT...
2025-08-10 01:55:04,352 INFO:Commande DBT réussie: dbt deps
2025-08-10 01:56:02,239 ERROR:Erreur lors de l'exécution de la commande DBT : Command '['dbt', 'run']' returned non-zero exit status 1.
2025-08-10 01:56:02,239 ERROR:Sortie standard : [0m23:55:10  Running with dbt=1.10.7
[0m23:55:29  Registered adapter: bigquery=1.10.1
[0m23:55:32  Found 9 models, 1 analysis, 17 data tests, 1 source, 610 macros
[0m23:55:32  
[0m23:55:32  Concurrency: 1 threads (target='dev')
[0m23:55:32  
[0m23:55:36  1 of 9 START sql view model travaux_angers.analyse_types ....................... [RUN]
[0m23:55:38  1 of 9 OK created sql view model travaux_angers.analyse_types .................. [[32mCREATE VIEW (0 processed)[0m in 2.23s]
[0m23:55:38  2 of 9 START sql view model travaux_angers.check_columns ....................... [RUN]
[0m23:55:40  2 of 9 OK created sql view model travaux_angers.check_columns .................. [[32mCREATE VIEW (0 processed)[0m in 1.26s]
[0m23:55:40  3 of 9 START sql view model travaux_angers.check_source ........................ [RUN]
[0m23:55:40  BigQuery adapter: https://console.cloud.google.com/bigquery?project=my-project-travaux-angers&j=bq:US:09534762-6cbc-4f75-9e07-309e07db83ef&page=queryresults
[0m23:55:40  3 of 9 ERROR creating sql view model travaux_angers.check_source ............... [[31mERROR[0m in 0.60s]
[0m23:55:40  4 of 9 START sql table model travaux_angers_gold.fct_travaux_stats_monthly ..... [RUN]
[0m23:55:43  BigQuery adapter: https://console.cloud.google.com/bigquery?project=my-project-travaux-angers&j=bq:US:bff18d19-8e1a-45cd-be66-0dbb37c45795&page=queryresults
[0m23:55:43  4 of 9 ERROR creating sql table model travaux_angers_gold.fct_travaux_stats_monthly  [[31mERROR[0m in 2.32s]
[0m23:55:43  5 of 9 START sql view model travaux_angers_bronze.src_travaux_angers ........... [RUN]
[0m23:55:44  5 of 9 OK created sql view model travaux_angers_bronze.src_travaux_angers ...... [[32mCREATE VIEW (0 processed)[0m in 1.15s]
[0m23:55:44  6 of 9 START sql table model travaux_angers_silver.stg_travaux_angers .......... [RUN]
[0m23:55:47  6 of 9 OK created sql table model travaux_angers_silver.stg_travaux_angers ..... [[32mCREATE TABLE (12.2k rows, 3.8 MiB processed)[0m in 3.28s]
[0m23:55:47  7 of 9 START sql table model travaux_angers_gold.dim_travaux_details ........... [RUN]
[0m23:55:51  7 of 9 OK created sql table model travaux_angers_gold.dim_travaux_details ...... [[32mCREATE TABLE (12.2k rows, 3.5 MiB processed)[0m in 4.13s]
[0m23:55:51  8 of 9 START sql table model travaux_angers_gold.fct_travaux_stats ............. [RUN]
[0m23:55:55  8 of 9 OK created sql table model travaux_angers_gold.fct_travaux_stats ........ [[32mCREATE TABLE (31.0 rows, 557.7 KiB processed)[0m in 3.55s]
[0m23:55:55  9 of 9 START sql table model travaux_angers_gold.fct_travaux_stats_daily ....... [RUN]
[0m23:55:58  9 of 9 OK created sql table model travaux_angers_gold.fct_travaux_stats_daily .. [[32mCREATE TABLE (31.0 rows, 557.7 KiB processed)[0m in 3.58s]
[0m23:55:58  
[0m23:55:58  Finished running 5 table models, 4 view models in 0 hours 0 minutes and 26.65 seconds (26.65s).
[0m23:55:59  
[0m23:55:59  [31mCompleted with 2 errors, 0 partial successes, and 0 warnings:[0m
[0m23:55:59  
[0m23:55:59  [31mFailure in model check_source (models/check_source.sql)[0m
[0m23:55:59    Database Error in model check_source (models/check_source.sql)
  Invalid project ID 'my-project-travaux-angers.travaux_angers'. Project IDs must contain 6-63 lowercase letters, digits, or dashes. Some project IDs also include domain name separated by a colon. IDs must start with a letter and may not end with a dash.
  compiled code at target/run/travaux_angers/models/check_source.sql
[0m23:55:59  
[0m23:55:59    compiled code at target/compiled/travaux_angers/models/check_source.sql
[0m23:55:59  
[0m23:55:59  [31mFailure in model fct_travaux_stats_monthly (models/gold/fct_travaux_stats_monthly.sql)[0m
[0m23:55:59    Database Error in model fct_travaux_stats_monthly (models/gold/fct_travaux_stats_monthly.sql)
  Unrecognized name: coordinate_x at [30:9]
  compiled code at target/run/travaux_angers/models/gold/fct_travaux_stats_monthly.sql
[0m23:55:59  
[0m23:55:59    compiled code at target/compiled/travaux_angers/models/gold/fct_travaux_stats_monthly.sql
[0m23:55:59  
[0m23:55:59  Done. PASS=7 WARN=0 ERROR=2 SKIP=0 NO-OP=0 TOTAL=9

2025-08-10 01:56:02,240 ERROR:Erreur lors de l'exécution : Échec de la commande DBT : dbt run
2025-08-10 02:06:42,894 INFO:Début de l'ETL
2025-08-10 02:06:42,899 INFO:Exécution de extract.py...
2025-08-10 02:06:56,399 INFO:extract.py terminé
2025-08-10 02:06:56,400 INFO:Exécution de load.py...
2025-08-10 02:07:07,600 INFO:load.py terminé
2025-08-10 02:07:07,600 INFO:Début des transformations DBT...
2025-08-10 02:07:14,045 INFO:Commande DBT réussie: dbt deps
2025-08-10 02:07:56,720 ERROR:Erreur lors de l'exécution de la commande DBT : Command '['dbt', 'run']' returned non-zero exit status 1.
2025-08-10 02:07:56,723 ERROR:Sortie standard : [0m00:07:17  Running with dbt=1.10.7
[0m00:07:29  Registered adapter: bigquery=1.10.1
[0m00:07:30  Found 9 models, 1 analysis, 17 data tests, 1 source, 610 macros
[0m00:07:30  
[0m00:07:30  Concurrency: 1 threads (target='dev')
[0m00:07:30  
[0m00:07:34  1 of 9 START sql view model travaux_angers.analyse_types ....................... [RUN]
[0m00:07:35  1 of 9 OK created sql view model travaux_angers.analyse_types .................. [[32mCREATE VIEW (0 processed)[0m in 1.38s]
[0m00:07:35  2 of 9 START sql view model travaux_angers.check_columns ....................... [RUN]
[0m00:07:36  2 of 9 OK created sql view model travaux_angers.check_columns .................. [[32mCREATE VIEW (0 processed)[0m in 1.14s]
[0m00:07:36  3 of 9 START sql view model travaux_angers.check_source ........................ [RUN]
[0m00:07:37  BigQuery adapter: https://console.cloud.google.com/bigquery?project=my-project-travaux-angers&j=bq:US:d6f9d829-08d4-4220-986c-34924a49fbff&page=queryresults
[0m00:07:37  3 of 9 ERROR creating sql view model travaux_angers.check_source ............... [[31mERROR[0m in 0.48s]
[0m00:07:37  4 of 9 START sql table model travaux_angers_gold.fct_travaux_stats_monthly ..... [RUN]
[0m00:07:38  BigQuery adapter: https://console.cloud.google.com/bigquery?project=my-project-travaux-angers&j=bq:US:96ecbe3f-6e87-487c-8b96-c73d7b308025&page=queryresults
[0m00:07:38  4 of 9 ERROR creating sql table model travaux_angers_gold.fct_travaux_stats_monthly  [[31mERROR[0m in 1.56s]
[0m00:07:38  5 of 9 START sql view model travaux_angers_bronze.src_travaux_angers ........... [RUN]
[0m00:07:40  5 of 9 OK created sql view model travaux_angers_bronze.src_travaux_angers ...... [[32mCREATE VIEW (0 processed)[0m in 1.12s]
[0m00:07:40  6 of 9 START sql table model travaux_angers_silver.stg_travaux_angers .......... [RUN]
[0m00:07:43  6 of 9 OK created sql table model travaux_angers_silver.stg_travaux_angers ..... [[32mCREATE TABLE (13.1k rows, 4.2 MiB processed)[0m in 3.34s]
[0m00:07:43  7 of 9 START sql table model travaux_angers_gold.dim_travaux_details ........... [RUN]
[0m00:07:46  7 of 9 OK created sql table model travaux_angers_gold.dim_travaux_details ...... [[32mCREATE TABLE (13.1k rows, 3.8 MiB processed)[0m in 3.38s]
[0m00:07:46  8 of 9 START sql table model travaux_angers_gold.fct_travaux_stats ............. [RUN]
[0m00:07:50  8 of 9 OK created sql table model travaux_angers_gold.fct_travaux_stats ........ [[32mCREATE TABLE (31.0 rows, 603.1 KiB processed)[0m in 3.83s]
[0m00:07:50  9 of 9 START sql table model travaux_angers_gold.fct_travaux_stats_daily ....... [RUN]
[0m00:07:54  9 of 9 OK created sql table model travaux_angers_gold.fct_travaux_stats_daily .. [[32mCREATE TABLE (31.0 rows, 603.1 KiB processed)[0m in 3.69s]
[0m00:07:54  
[0m00:07:54  Finished running 5 table models, 4 view models in 0 hours 0 minutes and 23.69 seconds (23.69s).
[0m00:07:54  
[0m00:07:54  [31mCompleted with 2 errors, 0 partial successes, and 0 warnings:[0m
[0m00:07:54  
[0m00:07:54  [31mFailure in model check_source (models/check_source.sql)[0m
[0m00:07:54    Database Error in model check_source (models/check_source.sql)
  Invalid project ID 'my-project-travaux-angers.travaux_angers'. Project IDs must contain 6-63 lowercase letters, digits, or dashes. Some project IDs also include domain name separated by a colon. IDs must start with a letter and may not end with a dash.
  compiled code at target/run/travaux_angers/models/check_source.sql
[0m00:07:54  
[0m00:07:54    compiled code at target/compiled/travaux_angers/models/check_source.sql
[0m00:07:54  
[0m00:07:54  [31mFailure in model fct_travaux_stats_monthly (models/gold/fct_travaux_stats_monthly.sql)[0m
[0m00:07:54    Database Error in model fct_travaux_stats_monthly (models/gold/fct_travaux_stats_monthly.sql)
  Unrecognized name: coordinate_x at [30:9]
  compiled code at target/run/travaux_angers/models/gold/fct_travaux_stats_monthly.sql
[0m00:07:54  
[0m00:07:54    compiled code at target/compiled/travaux_angers/models/gold/fct_travaux_stats_monthly.sql
[0m00:07:54  
[0m00:07:54  Done. PASS=7 WARN=0 ERROR=2 SKIP=0 NO-OP=0 TOTAL=9

2025-08-10 02:07:56,725 ERROR:Erreur lors de l'exécution : Échec de la commande DBT : dbt run
2025-08-10 02:26:19,773 INFO:Début de l'ETL
2025-08-10 02:26:19,775 INFO:Exécution de extract.py...
2025-08-10 02:26:30,364 INFO:extract.py terminé
2025-08-10 02:26:30,364 INFO:Exécution de load.py...
2025-08-10 02:26:54,218 INFO:load.py terminé
2025-08-10 02:26:54,219 INFO:Début des transformations DBT...
2025-08-10 02:26:54,219 INFO:Répertoire de travail DBT : /usr/ELT_Travaux_Angers/dbt
2025-08-10 02:27:06,323 INFO:Commande DBT réussie: dbt deps
2025-08-10 02:27:45,009 ERROR:Erreur lors de l'exécution de la commande DBT : Command '['dbt', 'run']' returned non-zero exit status 1.
2025-08-10 02:27:45,010 ERROR:Sortie standard : [0m00:27:09  Running with dbt=1.10.7
[0m00:27:20  Registered adapter: bigquery=1.10.1
[0m00:27:21  Found 9 models, 1 analysis, 17 data tests, 1 source, 610 macros
[0m00:27:21  
[0m00:27:21  Concurrency: 1 threads (target='dev')
[0m00:27:21  
[0m00:27:25  1 of 9 START sql view model travaux_angers.analyse_types ....................... [RUN]
[0m00:27:26  1 of 9 OK created sql view model travaux_angers.analyse_types .................. [[32mCREATE VIEW (0 processed)[0m in 1.26s]
[0m00:27:26  2 of 9 START sql view model travaux_angers.check_columns ....................... [RUN]
[0m00:27:27  2 of 9 OK created sql view model travaux_angers.check_columns .................. [[32mCREATE VIEW (0 processed)[0m in 1.08s]
[0m00:27:27  3 of 9 START sql view model travaux_angers.check_source ........................ [RUN]
[0m00:27:28  BigQuery adapter: https://console.cloud.google.com/bigquery?project=my-project-travaux-angers&j=bq:US:6d50b2f8-5fc6-4422-86b7-f9d8ec4864b4&page=queryresults
[0m00:27:28  3 of 9 ERROR creating sql view model travaux_angers.check_source ............... [[31mERROR[0m in 0.46s]
[0m00:27:28  4 of 9 START sql table model travaux_angers_gold.fct_travaux_stats_monthly ..... [RUN]
[0m00:27:29  BigQuery adapter: https://console.cloud.google.com/bigquery?project=my-project-travaux-angers&j=bq:US:8bbab92b-ff26-4285-8d1c-51a7d82d7a18&page=queryresults
[0m00:27:29  4 of 9 ERROR creating sql table model travaux_angers_gold.fct_travaux_stats_monthly  [[31mERROR[0m in 1.32s]
[0m00:27:29  5 of 9 START sql view model travaux_angers_bronze.src_travaux_angers ........... [RUN]
[0m00:27:30  5 of 9 OK created sql view model travaux_angers_bronze.src_travaux_angers ...... [[32mCREATE VIEW (0 processed)[0m in 1.17s]
[0m00:27:30  6 of 9 START sql table model travaux_angers_silver.stg_travaux_angers .......... [RUN]
[0m00:27:33  6 of 9 OK created sql table model travaux_angers_silver.stg_travaux_angers ..... [[32mCREATE TABLE (14.1k rows, 4.5 MiB processed)[0m in 3.10s]
[0m00:27:33  7 of 9 START sql table model travaux_angers_gold.dim_travaux_details ........... [RUN]
[0m00:27:36  7 of 9 OK created sql table model travaux_angers_gold.dim_travaux_details ...... [[32mCREATE TABLE (14.1k rows, 4.1 MiB processed)[0m in 3.20s]
[0m00:27:36  8 of 9 START sql table model travaux_angers_gold.fct_travaux_stats ............. [RUN]
[0m00:27:39  8 of 9 OK created sql table model travaux_angers_gold.fct_travaux_stats ........ [[32mCREATE TABLE (31.0 rows, 648.5 KiB processed)[0m in 3.07s]
[0m00:27:39  9 of 9 START sql table model travaux_angers_gold.fct_travaux_stats_daily ....... [RUN]
[0m00:27:43  9 of 9 OK created sql table model travaux_angers_gold.fct_travaux_stats_daily .. [[32mCREATE TABLE (31.0 rows, 648.5 KiB processed)[0m in 3.13s]
[0m00:27:43  
[0m00:27:43  Finished running 5 table models, 4 view models in 0 hours 0 minutes and 21.26 seconds (21.26s).
[0m00:27:43  
[0m00:27:43  [31mCompleted with 2 errors, 0 partial successes, and 0 warnings:[0m
[0m00:27:43  
[0m00:27:43  [31mFailure in model check_source (models/check_source.sql)[0m
[0m00:27:43    Database Error in model check_source (models/check_source.sql)
  Invalid project ID 'my-project-travaux-angers.travaux_angers'. Project IDs must contain 6-63 lowercase letters, digits, or dashes. Some project IDs also include domain name separated by a colon. IDs must start with a letter and may not end with a dash.
  compiled code at target/run/travaux_angers/models/check_source.sql
[0m00:27:43  
[0m00:27:43    compiled code at target/compiled/travaux_angers/models/check_source.sql
[0m00:27:43  
[0m00:27:43  [31mFailure in model fct_travaux_stats_monthly (models/gold/fct_travaux_stats_monthly.sql)[0m
[0m00:27:43    Database Error in model fct_travaux_stats_monthly (models/gold/fct_travaux_stats_monthly.sql)
  Unrecognized name: coordinate_x at [30:9]
  compiled code at target/run/travaux_angers/models/gold/fct_travaux_stats_monthly.sql
[0m00:27:43  
[0m00:27:43    compiled code at target/compiled/travaux_angers/models/gold/fct_travaux_stats_monthly.sql
[0m00:27:43  
[0m00:27:43  Done. PASS=7 WARN=0 ERROR=2 SKIP=0 NO-OP=0 TOTAL=9

2025-08-10 02:27:45,010 ERROR:Erreur lors de l'exécution : Échec de la commande DBT : Command '['dbt', 'run']' returned non-zero exit status 1.
2025-08-10 02:30:17,748 INFO:Début de l'ETL
2025-08-10 02:30:17,748 INFO:Exécution de extract.py...
2025-08-10 02:30:30,003 INFO:extract.py terminé
2025-08-10 02:30:30,003 INFO:Exécution de load.py...
2025-08-10 02:30:36,063 INFO:load.py terminé
2025-08-10 02:30:36,064 INFO:Début des transformations DBT...
2025-08-10 02:30:36,064 INFO:Répertoire de travail DBT : /usr/ELT_Travaux_Angers/dbt
2025-08-10 02:30:41,173 INFO:Commande DBT réussie: dbt deps
2025-08-10 02:31:14,700 ERROR:Erreur dbt run - Sortie standard : [0m00:30:44  Running with dbt=1.10.7
[0m00:30:47  Registered adapter: bigquery=1.10.1
[0m00:30:48  Found 9 models, 1 analysis, 17 data tests, 1 source, 610 macros
[0m00:30:48  
[0m00:30:48  Concurrency: 1 threads (target='dev')
[0m00:30:48  
[0m00:30:51  1 of 9 START sql view model travaux_angers.analyse_types ....................... [RUN]
[0m00:30:52  1 of 9 OK created sql view model travaux_angers.analyse_types .................. [[32mCREATE VIEW (0 processed)[0m in 1.24s]
[0m00:30:52  2 of 9 START sql view model travaux_angers.check_columns ....................... [RUN]
[0m00:30:54  2 of 9 OK created sql view model travaux_angers.check_columns .................. [[32mCREATE VIEW (0 processed)[0m in 1.09s]
[0m00:30:54  3 of 9 START sql view model travaux_angers.check_source ........................ [RUN]
[0m00:30:54  BigQuery adapter: https://console.cloud.google.com/bigquery?project=my-project-travaux-angers&j=bq:US:3015e7dd-a8d4-4bde-944c-d0bd3ca633f7&page=queryresults
[0m00:30:54  3 of 9 ERROR creating sql view model travaux_angers.check_source ............... [[31mERROR[0m in 0.58s]
[0m00:30:54  4 of 9 START sql table model travaux_angers_gold.fct_travaux_stats_monthly ..... [RUN]
[0m00:30:55  BigQuery adapter: https://console.cloud.google.com/bigquery?project=my-project-travaux-angers&j=bq:US:fa00204e-aa86-4845-8919-82f44f75179b&page=queryresults
[0m00:30:55  4 of 9 ERROR creating sql table model travaux_angers_gold.fct_travaux_stats_monthly  [[31mERROR[0m in 1.25s]
[0m00:30:55  5 of 9 START sql view model travaux_angers_bronze.src_travaux_angers ........... [RUN]
[0m00:30:56  5 of 9 OK created sql view model travaux_angers_bronze.src_travaux_angers ...... [[32mCREATE VIEW (0 processed)[0m in 1.08s]
[0m00:30:56  6 of 9 START sql table model travaux_angers_silver.stg_travaux_angers .......... [RUN]
[0m00:31:00  6 of 9 OK created sql table model travaux_angers_silver.stg_travaux_angers ..... [[32mCREATE TABLE (15.1k rows, 4.8 MiB processed)[0m in 3.73s]
[0m00:31:00  7 of 9 START sql table model travaux_angers_gold.dim_travaux_details ........... [RUN]
[0m00:31:03  7 of 9 OK created sql table model travaux_angers_gold.dim_travaux_details ...... [[32mCREATE TABLE (15.1k rows, 4.4 MiB processed)[0m in 2.94s]
[0m00:31:03  8 of 9 START sql table model travaux_angers_gold.fct_travaux_stats ............. [RUN]
[0m00:31:07  8 of 9 OK created sql table model travaux_angers_gold.fct_travaux_stats ........ [[32mCREATE TABLE (31.0 rows, 694.0 KiB processed)[0m in 4.17s]
[0m00:31:07  9 of 9 START sql table model travaux_angers_gold.fct_travaux_stats_daily ....... [RUN]
[0m00:31:12  9 of 9 OK created sql table model travaux_angers_gold.fct_travaux_stats_daily .. [[32mCREATE TABLE (31.0 rows, 694.0 KiB processed)[0m in 4.82s]
[0m00:31:12  
[0m00:31:12  Finished running 5 table models, 4 view models in 0 hours 0 minutes and 24.34 seconds (24.34s).
[0m00:31:12  
[0m00:31:12  [31mCompleted with 2 errors, 0 partial successes, and 0 warnings:[0m
[0m00:31:12  
[0m00:31:12  [31mFailure in model check_source (models/check_source.sql)[0m
[0m00:31:12    Database Error in model check_source (models/check_source.sql)
  Invalid project ID 'my-project-travaux-angers.travaux_angers'. Project IDs must contain 6-63 lowercase letters, digits, or dashes. Some project IDs also include domain name separated by a colon. IDs must start with a letter and may not end with a dash.
  compiled code at target/run/travaux_angers/models/check_source.sql
[0m00:31:12  
[0m00:31:12    compiled code at target/compiled/travaux_angers/models/check_source.sql
[0m00:31:12  
[0m00:31:12  [31mFailure in model fct_travaux_stats_monthly (models/gold/fct_travaux_stats_monthly.sql)[0m
[0m00:31:12    Database Error in model fct_travaux_stats_monthly (models/gold/fct_travaux_stats_monthly.sql)
  Unrecognized name: coordinate_x at [30:9]
  compiled code at target/run/travaux_angers/models/gold/fct_travaux_stats_monthly.sql
[0m00:31:12  
[0m00:31:12    compiled code at target/compiled/travaux_angers/models/gold/fct_travaux_stats_monthly.sql
[0m00:31:12  
[0m00:31:12  Done. PASS=7 WARN=0 ERROR=2 SKIP=0 NO-OP=0 TOTAL=9

2025-08-10 02:31:14,700 ERROR:Erreur dbt run - Erreur standard : 
2025-08-10 02:31:14,700 ERROR:Erreur lors de l'exécution de la commande DBT : Command 'dbt run' returned non-zero exit status 1.
2025-08-10 02:31:14,701 ERROR:Erreur lors de l'exécution : Échec de la commande DBT : Erreur lors de l'exécution de la commande DBT : Command 'dbt run' returned non-zero exit status 1.
2025-08-10 02:39:16,349 INFO:Début de l'ETL
2025-08-10 02:39:16,351 INFO:Exécution de extract.py...
2025-08-10 02:39:25,182 INFO:extract.py terminé
2025-08-10 02:39:25,182 INFO:Exécution de load.py...
2025-08-10 02:39:30,221 INFO:load.py terminé
2025-08-10 02:39:30,221 INFO:Début des transformations DBT...
2025-08-10 02:39:30,221 INFO:Répertoire de travail DBT : /usr/ELT_Travaux_Angers/dbt
2025-08-10 02:39:34,574 INFO:Commande DBT réussie: dbt deps
2025-08-10 02:40:07,340 ERROR:Erreur dbt run - Sortie standard : [0m00:39:36  Running with dbt=1.10.7
[0m00:39:41  Registered adapter: bigquery=1.10.1
[0m00:39:42  Found 9 models, 1 analysis, 17 data tests, 1 source, 610 macros
[0m00:39:42  
[0m00:39:42  Concurrency: 1 threads (target='dev')
[0m00:39:42  
[0m00:39:45  1 of 9 START sql view model travaux_angers.analyse_types ....................... [RUN]
[0m00:39:47  1 of 9 OK created sql view model travaux_angers.analyse_types .................. [[32mCREATE VIEW (0 processed)[0m in 1.15s]
[0m00:39:47  2 of 9 START sql view model travaux_angers.check_columns ....................... [RUN]
[0m00:39:49  2 of 9 OK created sql view model travaux_angers.check_columns .................. [[32mCREATE VIEW (0 processed)[0m in 2.19s]
[0m00:39:49  3 of 9 START sql view model travaux_angers.check_source ........................ [RUN]
[0m00:39:50  3 of 9 OK created sql view model travaux_angers.check_source ................... [[32mCREATE VIEW (0 processed)[0m in 1.12s]
[0m00:39:50  4 of 9 START sql table model travaux_angers_gold.fct_travaux_stats_monthly ..... [RUN]
[0m00:39:51  BigQuery adapter: https://console.cloud.google.com/bigquery?project=my-project-travaux-angers&j=bq:US:9973d0ab-df1e-450e-a146-ed0e340108c8&page=queryresults
[0m00:39:51  4 of 9 ERROR creating sql table model travaux_angers_gold.fct_travaux_stats_monthly  [[31mERROR[0m in 1.06s]
[0m00:39:51  5 of 9 START sql view model travaux_angers_bronze.src_travaux_angers ........... [RUN]
[0m00:39:52  5 of 9 OK created sql view model travaux_angers_bronze.src_travaux_angers ...... [[32mCREATE VIEW (0 processed)[0m in 1.02s]
[0m00:39:52  6 of 9 START sql table model travaux_angers_silver.stg_travaux_angers .......... [RUN]
[0m00:39:55  6 of 9 OK created sql table model travaux_angers_silver.stg_travaux_angers ..... [[32mCREATE TABLE (16.1k rows, 5.1 MiB processed)[0m in 3.06s]
[0m00:39:55  7 of 9 START sql table model travaux_angers_gold.dim_travaux_details ........... [RUN]
[0m00:39:58  7 of 9 OK created sql table model travaux_angers_gold.dim_travaux_details ...... [[32mCREATE TABLE (16.1k rows, 4.7 MiB processed)[0m in 3.11s]
[0m00:39:58  8 of 9 START sql table model travaux_angers_gold.fct_travaux_stats ............. [RUN]
[0m00:40:02  8 of 9 OK created sql table model travaux_angers_gold.fct_travaux_stats ........ [[32mCREATE TABLE (31.0 rows, 739.4 KiB processed)[0m in 3.40s]
[0m00:40:02  9 of 9 START sql table model travaux_angers_gold.fct_travaux_stats_daily ....... [RUN]
[0m00:40:05  9 of 9 OK created sql table model travaux_angers_gold.fct_travaux_stats_daily .. [[32mCREATE TABLE (31.0 rows, 739.4 KiB processed)[0m in 3.66s]
[0m00:40:05  
[0m00:40:05  Finished running 5 table models, 4 view models in 0 hours 0 minutes and 23.13 seconds (23.13s).
[0m00:40:05  
[0m00:40:05  [31mCompleted with 1 error, 0 partial successes, and 0 warnings:[0m
[0m00:40:05  
[0m00:40:05  [31mFailure in model fct_travaux_stats_monthly (models/gold/fct_travaux_stats_monthly.sql)[0m
[0m00:40:05    Database Error in model fct_travaux_stats_monthly (models/gold/fct_travaux_stats_monthly.sql)
  Unrecognized name: x at [30:9]
  compiled code at target/run/travaux_angers/models/gold/fct_travaux_stats_monthly.sql
[0m00:40:05  
[0m00:40:05    compiled code at target/compiled/travaux_angers/models/gold/fct_travaux_stats_monthly.sql
[0m00:40:05  
[0m00:40:05  Done. PASS=8 WARN=0 ERROR=1 SKIP=0 NO-OP=0 TOTAL=9

2025-08-10 02:40:07,341 ERROR:Erreur dbt run - Erreur standard : 
2025-08-10 02:40:07,341 ERROR:Erreur lors de l'exécution de la commande DBT : Command 'dbt run' returned non-zero exit status 1.
2025-08-10 02:40:07,341 ERROR:Erreur lors de l'exécution : Échec de la commande DBT : Erreur lors de l'exécution de la commande DBT : Command 'dbt run' returned non-zero exit status 1.
2025-08-10 02:42:35,318 INFO:Début de l'ETL
2025-08-10 02:42:35,318 INFO:Exécution de extract.py...
2025-08-10 02:42:41,537 INFO:extract.py terminé
2025-08-10 02:42:41,537 INFO:Exécution de load.py...
2025-08-10 02:42:46,902 INFO:load.py terminé
2025-08-10 02:42:46,902 INFO:Début des transformations DBT...
2025-08-10 02:42:46,902 INFO:Exécution des commandes DBT depuis : /usr/ELT_Travaux_Angers/dbt
2025-08-10 02:42:46,902 INFO:Exécution de 'dbt deps'...
2025-08-10 02:42:50,148 INFO:Sortie de dbt deps :
[0m00:42:48  Running with dbt=1.10.7
[0m00:42:49  Installing dbt-labs/dbt_utils
[0m00:42:49  Installed from version 1.1.1
[0m00:42:49  Updated version available: 1.3.0
[0m00:42:49  
[0m00:42:49  Updates available for packages: ['dbt-labs/dbt_utils']                 
Update your versions in packages.yml, then run dbt deps

2025-08-10 02:42:50,148 INFO:Commande DBT réussie: dbt deps
2025-08-10 02:42:50,148 INFO:Exécution de 'dbt run'...
2025-08-10 02:43:19,853 INFO:Sortie de dbt run :
[0m00:42:51  Running with dbt=1.10.7
[0m00:42:55  Registered adapter: bigquery=1.10.1
[0m00:42:55  Found 9 models, 1 analysis, 17 data tests, 1 source, 610 macros
[0m00:42:55  
[0m00:42:55  Concurrency: 1 threads (target='dev')
[0m00:42:55  
[0m00:42:59  1 of 9 START sql view model travaux_angers.analyse_types ....................... [RUN]
[0m00:43:00  1 of 9 OK created sql view model travaux_angers.analyse_types .................. [[32mCREATE VIEW (0 processed)[0m in 1.21s]
[0m00:43:00  2 of 9 START sql view model travaux_angers.check_columns ....................... [RUN]
[0m00:43:01  2 of 9 OK created sql view model travaux_angers.check_columns .................. [[32mCREATE VIEW (0 processed)[0m in 1.18s]
[0m00:43:01  3 of 9 START sql view model travaux_angers.check_source ........................ [RUN]
[0m00:43:02  3 of 9 OK created sql view model travaux_angers.check_source ................... [[32mCREATE VIEW (0 processed)[0m in 1.34s]
[0m00:43:03  4 of 9 START sql table model travaux_angers_gold.fct_travaux_stats_monthly ..... [RUN]
[0m00:43:04  BigQuery adapter: https://console.cloud.google.com/bigquery?project=my-project-travaux-angers&j=bq:US:5ebc6673-ff8e-46bd-8b74-b7e333a439a8&page=queryresults
[0m00:43:04  4 of 9 ERROR creating sql table model travaux_angers_gold.fct_travaux_stats_monthly  [[31mERROR[0m in 1.43s]
[0m00:43:04  5 of 9 START sql view model travaux_angers_bronze.src_travaux_angers ........... [RUN]
[0m00:43:05  5 of 9 OK created sql view model travaux_angers_bronze.src_travaux_angers ...... [[32mCREATE VIEW (0 processed)[0m in 1.38s]
[0m00:43:05  6 of 9 START sql table model travaux_angers_silver.stg_travaux_angers .......... [RUN]
[0m00:43:09  6 of 9 OK created sql table model travaux_angers_silver.stg_travaux_angers ..... [[32mCREATE TABLE (17.1k rows, 5.4 MiB processed)[0m in 3.34s]
[0m00:43:09  7 of 9 START sql table model travaux_angers_gold.dim_travaux_details ........... [RUN]
[0m00:43:12  7 of 9 OK created sql table model travaux_angers_gold.dim_travaux_details ...... [[32mCREATE TABLE (17.1k rows, 4.9 MiB processed)[0m in 3.21s]
[0m00:43:12  8 of 9 START sql table model travaux_angers_gold.fct_travaux_stats ............. [RUN]
[0m00:43:15  8 of 9 OK created sql table model travaux_angers_gold.fct_travaux_stats ........ [[32mCREATE TABLE (31.0 rows, 784.9 KiB processed)[0m in 3.10s]
[0m00:43:15  9 of 9 START sql table model travaux_angers_gold.fct_travaux_stats_daily ....... [RUN]
[0m00:43:18  9 of 9 OK created sql table model travaux_angers_gold.fct_travaux_stats_daily .. [[32mCREATE TABLE (31.0 rows, 784.9 KiB processed)[0m in 2.73s]
[0m00:43:18  
[0m00:43:18  Finished running 5 table models, 4 view models in 0 hours 0 minutes and 22.49 seconds (22.49s).
[0m00:43:18  
[0m00:43:18  [31mCompleted with 1 error, 0 partial successes, and 0 warnings:[0m
[0m00:43:18  
[0m00:43:18  [31mFailure in model fct_travaux_stats_monthly (models/gold/fct_travaux_stats_monthly.sql)[0m
[0m00:43:18    Database Error in model fct_travaux_stats_monthly (models/gold/fct_travaux_stats_monthly.sql)
  Unrecognized name: x at [30:9]
  compiled code at target/run/travaux_angers/models/gold/fct_travaux_stats_monthly.sql
[0m00:43:18  
[0m00:43:18    compiled code at target/compiled/travaux_angers/models/gold/fct_travaux_stats_monthly.sql
[0m00:43:18  
[0m00:43:18  Done. PASS=8 WARN=0 ERROR=1 SKIP=0 NO-OP=0 TOTAL=9

2025-08-10 02:43:19,853 ERROR:Erreur inattendue lors de l'exécution de DBT : Erreur lors de l'exécution de dbt run (code 1)
Sortie:
[0m00:42:51  Running with dbt=1.10.7
[0m00:42:55  Registered adapter: bigquery=1.10.1
[0m00:42:55  Found 9 models, 1 analysis, 17 data tests, 1 source, 610 macros
[0m00:42:55  
[0m00:42:55  Concurrency: 1 threads (target='dev')
[0m00:42:55  
[0m00:42:59  1 of 9 START sql view model travaux_angers.analyse_types ....................... [RUN]
[0m00:43:00  1 of 9 OK created sql view model travaux_angers.analyse_types .................. [[32mCREATE VIEW (0 processed)[0m in 1.21s]
[0m00:43:00  2 of 9 START sql view model travaux_angers.check_columns ....................... [RUN]
[0m00:43:01  2 of 9 OK created sql view model travaux_angers.check_columns .................. [[32mCREATE VIEW (0 processed)[0m in 1.18s]
[0m00:43:01  3 of 9 START sql view model travaux_angers.check_source ........................ [RUN]
[0m00:43:02  3 of 9 OK created sql view model travaux_angers.check_source ................... [[32mCREATE VIEW (0 processed)[0m in 1.34s]
[0m00:43:03  4 of 9 START sql table model travaux_angers_gold.fct_travaux_stats_monthly ..... [RUN]
[0m00:43:04  BigQuery adapter: https://console.cloud.google.com/bigquery?project=my-project-travaux-angers&j=bq:US:5ebc6673-ff8e-46bd-8b74-b7e333a439a8&page=queryresults
[0m00:43:04  4 of 9 ERROR creating sql table model travaux_angers_gold.fct_travaux_stats_monthly  [[31mERROR[0m in 1.43s]
[0m00:43:04  5 of 9 START sql view model travaux_angers_bronze.src_travaux_angers ........... [RUN]
[0m00:43:05  5 of 9 OK created sql view model travaux_angers_bronze.src_travaux_angers ...... [[32mCREATE VIEW (0 processed)[0m in 1.38s]
[0m00:43:05  6 of 9 START sql table model travaux_angers_silver.stg_travaux_angers .......... [RUN]
[0m00:43:09  6 of 9 OK created sql table model travaux_angers_silver.stg_travaux_angers ..... [[32mCREATE TABLE (17.1k rows, 5.4 MiB processed)[0m in 3.34s]
[0m00:43:09  7 of 9 START sql table model travaux_angers_gold.dim_travaux_details ........... [RUN]
[0m00:43:12  7 of 9 OK created sql table model travaux_angers_gold.dim_travaux_details ...... [[32mCREATE TABLE (17.1k rows, 4.9 MiB processed)[0m in 3.21s]
[0m00:43:12  8 of 9 START sql table model travaux_angers_gold.fct_travaux_stats ............. [RUN]
[0m00:43:15  8 of 9 OK created sql table model travaux_angers_gold.fct_travaux_stats ........ [[32mCREATE TABLE (31.0 rows, 784.9 KiB processed)[0m in 3.10s]
[0m00:43:15  9 of 9 START sql table model travaux_angers_gold.fct_travaux_stats_daily ....... [RUN]
[0m00:43:18  9 of 9 OK created sql table model travaux_angers_gold.fct_travaux_stats_daily .. [[32mCREATE TABLE (31.0 rows, 784.9 KiB processed)[0m in 2.73s]
[0m00:43:18  
[0m00:43:18  Finished running 5 table models, 4 view models in 0 hours 0 minutes and 22.49 seconds (22.49s).
[0m00:43:18  
[0m00:43:18  [31mCompleted with 1 error, 0 partial successes, and 0 warnings:[0m
[0m00:43:18  
[0m00:43:18  [31mFailure in model fct_travaux_stats_monthly (models/gold/fct_travaux_stats_monthly.sql)[0m
[0m00:43:18    Database Error in model fct_travaux_stats_monthly (models/gold/fct_travaux_stats_monthly.sql)
  Unrecognized name: x at [30:9]
  compiled code at target/run/travaux_angers/models/gold/fct_travaux_stats_monthly.sql
[0m00:43:18  
[0m00:43:18    compiled code at target/compiled/travaux_angers/models/gold/fct_travaux_stats_monthly.sql
[0m00:43:18  
[0m00:43:18  Done. PASS=8 WARN=0 ERROR=1 SKIP=0 NO-OP=0 TOTAL=9

2025-08-10 02:43:19,853 ERROR:Erreur lors de l'exécution : Erreur lors de l'exécution de dbt run (code 1)
Sortie:
[0m00:42:51  Running with dbt=1.10.7
[0m00:42:55  Registered adapter: bigquery=1.10.1
[0m00:42:55  Found 9 models, 1 analysis, 17 data tests, 1 source, 610 macros
[0m00:42:55  
[0m00:42:55  Concurrency: 1 threads (target='dev')
[0m00:42:55  
[0m00:42:59  1 of 9 START sql view model travaux_angers.analyse_types ....................... [RUN]
[0m00:43:00  1 of 9 OK created sql view model travaux_angers.analyse_types .................. [[32mCREATE VIEW (0 processed)[0m in 1.21s]
[0m00:43:00  2 of 9 START sql view model travaux_angers.check_columns ....................... [RUN]
[0m00:43:01  2 of 9 OK created sql view model travaux_angers.check_columns .................. [[32mCREATE VIEW (0 processed)[0m in 1.18s]
[0m00:43:01  3 of 9 START sql view model travaux_angers.check_source ........................ [RUN]
[0m00:43:02  3 of 9 OK created sql view model travaux_angers.check_source ................... [[32mCREATE VIEW (0 processed)[0m in 1.34s]
[0m00:43:03  4 of 9 START sql table model travaux_angers_gold.fct_travaux_stats_monthly ..... [RUN]
[0m00:43:04  BigQuery adapter: https://console.cloud.google.com/bigquery?project=my-project-travaux-angers&j=bq:US:5ebc6673-ff8e-46bd-8b74-b7e333a439a8&page=queryresults
[0m00:43:04  4 of 9 ERROR creating sql table model travaux_angers_gold.fct_travaux_stats_monthly  [[31mERROR[0m in 1.43s]
[0m00:43:04  5 of 9 START sql view model travaux_angers_bronze.src_travaux_angers ........... [RUN]
[0m00:43:05  5 of 9 OK created sql view model travaux_angers_bronze.src_travaux_angers ...... [[32mCREATE VIEW (0 processed)[0m in 1.38s]
[0m00:43:05  6 of 9 START sql table model travaux_angers_silver.stg_travaux_angers .......... [RUN]
[0m00:43:09  6 of 9 OK created sql table model travaux_angers_silver.stg_travaux_angers ..... [[32mCREATE TABLE (17.1k rows, 5.4 MiB processed)[0m in 3.34s]
[0m00:43:09  7 of 9 START sql table model travaux_angers_gold.dim_travaux_details ........... [RUN]
[0m00:43:12  7 of 9 OK created sql table model travaux_angers_gold.dim_travaux_details ...... [[32mCREATE TABLE (17.1k rows, 4.9 MiB processed)[0m in 3.21s]
[0m00:43:12  8 of 9 START sql table model travaux_angers_gold.fct_travaux_stats ............. [RUN]
[0m00:43:15  8 of 9 OK created sql table model travaux_angers_gold.fct_travaux_stats ........ [[32mCREATE TABLE (31.0 rows, 784.9 KiB processed)[0m in 3.10s]
[0m00:43:15  9 of 9 START sql table model travaux_angers_gold.fct_travaux_stats_daily ....... [RUN]
[0m00:43:18  9 of 9 OK created sql table model travaux_angers_gold.fct_travaux_stats_daily .. [[32mCREATE TABLE (31.0 rows, 784.9 KiB processed)[0m in 2.73s]
[0m00:43:18  
[0m00:43:18  Finished running 5 table models, 4 view models in 0 hours 0 minutes and 22.49 seconds (22.49s).
[0m00:43:18  
[0m00:43:18  [31mCompleted with 1 error, 0 partial successes, and 0 warnings:[0m
[0m00:43:18  
[0m00:43:18  [31mFailure in model fct_travaux_stats_monthly (models/gold/fct_travaux_stats_monthly.sql)[0m
[0m00:43:18    Database Error in model fct_travaux_stats_monthly (models/gold/fct_travaux_stats_monthly.sql)
  Unrecognized name: x at [30:9]
  compiled code at target/run/travaux_angers/models/gold/fct_travaux_stats_monthly.sql
[0m00:43:18  
[0m00:43:18    compiled code at target/compiled/travaux_angers/models/gold/fct_travaux_stats_monthly.sql
[0m00:43:18  
[0m00:43:18  Done. PASS=8 WARN=0 ERROR=1 SKIP=0 NO-OP=0 TOTAL=9

2025-08-10 02:49:09,502 INFO:Début de l'ETL
2025-08-10 02:49:09,503 INFO:Exécution de extract.py...
2025-08-10 02:49:18,759 INFO:extract.py terminé
2025-08-10 02:49:18,759 INFO:Exécution de load.py...
2025-08-10 02:49:25,858 INFO:load.py terminé
2025-08-10 02:49:25,858 INFO:Début des transformations DBT...
2025-08-10 02:49:25,859 INFO:Exécution des commandes DBT depuis : /usr/ELT_Travaux_Angers/dbt
2025-08-10 02:49:25,859 INFO:Exécution de 'dbt deps'...
2025-08-10 02:49:30,144 INFO:Sortie de dbt deps :
[0m00:49:28  Running with dbt=1.10.7
[0m00:49:29  Installing dbt-labs/dbt_utils
[0m00:49:29  Installed from version 1.1.1
[0m00:49:29  Updated version available: 1.3.0
[0m00:49:29  
[0m00:49:29  Updates available for packages: ['dbt-labs/dbt_utils']                 
Update your versions in packages.yml, then run dbt deps

2025-08-10 02:49:30,144 INFO:Commande DBT réussie: dbt deps
2025-08-10 02:49:30,144 INFO:Exécution de 'dbt run'...
2025-08-10 02:50:05,484 INFO:Sortie de dbt run :
[0m00:49:31  Running with dbt=1.10.7
[0m00:49:40  Registered adapter: bigquery=1.10.1
[0m00:49:41  Found 9 models, 1 analysis, 17 data tests, 1 source, 610 macros
[0m00:49:41  
[0m00:49:41  Concurrency: 1 threads (target='dev')
[0m00:49:41  
[0m00:49:44  1 of 9 START sql view model travaux_angers.analyse_types ....................... [RUN]
[0m00:49:46  1 of 9 OK created sql view model travaux_angers.analyse_types .................. [[32mCREATE VIEW (0 processed)[0m in 1.67s]
[0m00:49:46  2 of 9 START sql view model travaux_angers.check_columns ....................... [RUN]
[0m00:49:47  2 of 9 OK created sql view model travaux_angers.check_columns .................. [[32mCREATE VIEW (0 processed)[0m in 1.08s]
[0m00:49:47  3 of 9 START sql view model travaux_angers.check_source ........................ [RUN]
[0m00:49:48  3 of 9 OK created sql view model travaux_angers.check_source ................... [[32mCREATE VIEW (0 processed)[0m in 1.15s]
[0m00:49:48  4 of 9 START sql table model travaux_angers_gold.fct_travaux_stats_monthly ..... [RUN]
[0m00:49:49  BigQuery adapter: https://console.cloud.google.com/bigquery?project=my-project-travaux-angers&j=bq:US:6f41eedc-5f89-4a2f-9e62-712b8480c603&page=queryresults
[0m00:49:49  4 of 9 ERROR creating sql table model travaux_angers_gold.fct_travaux_stats_monthly  [[31mERROR[0m in 1.18s]
[0m00:49:49  5 of 9 START sql view model travaux_angers_bronze.src_travaux_angers ........... [RUN]
[0m00:49:50  5 of 9 OK created sql view model travaux_angers_bronze.src_travaux_angers ...... [[32mCREATE VIEW (0 processed)[0m in 0.99s]
[0m00:49:50  6 of 9 START sql table model travaux_angers_silver.stg_travaux_angers .......... [RUN]
[0m00:49:53  6 of 9 OK created sql table model travaux_angers_silver.stg_travaux_angers ..... [[32mCREATE TABLE (18.1k rows, 5.7 MiB processed)[0m in 3.22s]
[0m00:49:53  7 of 9 START sql table model travaux_angers_gold.dim_travaux_details ........... [RUN]
[0m00:49:56  7 of 9 OK created sql table model travaux_angers_gold.dim_travaux_details ...... [[32mCREATE TABLE (18.1k rows, 5.2 MiB processed)[0m in 2.91s]
[0m00:49:56  8 of 9 START sql table model travaux_angers_gold.fct_travaux_stats ............. [RUN]
[0m00:50:00  8 of 9 OK created sql table model travaux_angers_gold.fct_travaux_stats ........ [[32mCREATE TABLE (31.0 rows, 830.3 KiB processed)[0m in 3.99s]
[0m00:50:00  9 of 9 START sql table model travaux_angers_gold.fct_travaux_stats_daily ....... [RUN]
[0m00:50:03  9 of 9 OK created sql table model travaux_angers_gold.fct_travaux_stats_daily .. [[32mCREATE TABLE (31.0 rows, 830.3 KiB processed)[0m in 2.96s]
[0m00:50:03  
[0m00:50:03  Finished running 5 table models, 4 view models in 0 hours 0 minutes and 22.82 seconds (22.82s).
[0m00:50:03  
[0m00:50:03  [31mCompleted with 1 error, 0 partial successes, and 0 warnings:[0m
[0m00:50:03  
[0m00:50:03  [31mFailure in model fct_travaux_stats_monthly (models/gold/fct_travaux_stats_monthly.sql)[0m
[0m00:50:03    Database Error in model fct_travaux_stats_monthly (models/gold/fct_travaux_stats_monthly.sql)
  Unrecognized name: position; Did you mean location? at [30:14]
  compiled code at target/run/travaux_angers/models/gold/fct_travaux_stats_monthly.sql
[0m00:50:03  
[0m00:50:03    compiled code at target/compiled/travaux_angers/models/gold/fct_travaux_stats_monthly.sql
[0m00:50:03  
[0m00:50:03  Done. PASS=8 WARN=0 ERROR=1 SKIP=0 NO-OP=0 TOTAL=9

2025-08-10 02:50:05,485 ERROR:Erreur inattendue lors de l'exécution de DBT : Erreur lors de l'exécution de dbt run (code 1)
Sortie:
[0m00:49:31  Running with dbt=1.10.7
[0m00:49:40  Registered adapter: bigquery=1.10.1
[0m00:49:41  Found 9 models, 1 analysis, 17 data tests, 1 source, 610 macros
[0m00:49:41  
[0m00:49:41  Concurrency: 1 threads (target='dev')
[0m00:49:41  
[0m00:49:44  1 of 9 START sql view model travaux_angers.analyse_types ....................... [RUN]
[0m00:49:46  1 of 9 OK created sql view model travaux_angers.analyse_types .................. [[32mCREATE VIEW (0 processed)[0m in 1.67s]
[0m00:49:46  2 of 9 START sql view model travaux_angers.check_columns ....................... [RUN]
[0m00:49:47  2 of 9 OK created sql view model travaux_angers.check_columns .................. [[32mCREATE VIEW (0 processed)[0m in 1.08s]
[0m00:49:47  3 of 9 START sql view model travaux_angers.check_source ........................ [RUN]
[0m00:49:48  3 of 9 OK created sql view model travaux_angers.check_source ................... [[32mCREATE VIEW (0 processed)[0m in 1.15s]
[0m00:49:48  4 of 9 START sql table model travaux_angers_gold.fct_travaux_stats_monthly ..... [RUN]
[0m00:49:49  BigQuery adapter: https://console.cloud.google.com/bigquery?project=my-project-travaux-angers&j=bq:US:6f41eedc-5f89-4a2f-9e62-712b8480c603&page=queryresults
[0m00:49:49  4 of 9 ERROR creating sql table model travaux_angers_gold.fct_travaux_stats_monthly  [[31mERROR[0m in 1.18s]
[0m00:49:49  5 of 9 START sql view model travaux_angers_bronze.src_travaux_angers ........... [RUN]
[0m00:49:50  5 of 9 OK created sql view model travaux_angers_bronze.src_travaux_angers ...... [[32mCREATE VIEW (0 processed)[0m in 0.99s]
[0m00:49:50  6 of 9 START sql table model travaux_angers_silver.stg_travaux_angers .......... [RUN]
[0m00:49:53  6 of 9 OK created sql table model travaux_angers_silver.stg_travaux_angers ..... [[32mCREATE TABLE (18.1k rows, 5.7 MiB processed)[0m in 3.22s]
[0m00:49:53  7 of 9 START sql table model travaux_angers_gold.dim_travaux_details ........... [RUN]
[0m00:49:56  7 of 9 OK created sql table model travaux_angers_gold.dim_travaux_details ...... [[32mCREATE TABLE (18.1k rows, 5.2 MiB processed)[0m in 2.91s]
[0m00:49:56  8 of 9 START sql table model travaux_angers_gold.fct_travaux_stats ............. [RUN]
[0m00:50:00  8 of 9 OK created sql table model travaux_angers_gold.fct_travaux_stats ........ [[32mCREATE TABLE (31.0 rows, 830.3 KiB processed)[0m in 3.99s]
[0m00:50:00  9 of 9 START sql table model travaux_angers_gold.fct_travaux_stats_daily ....... [RUN]
[0m00:50:03  9 of 9 OK created sql table model travaux_angers_gold.fct_travaux_stats_daily .. [[32mCREATE TABLE (31.0 rows, 830.3 KiB processed)[0m in 2.96s]
[0m00:50:03  
[0m00:50:03  Finished running 5 table models, 4 view models in 0 hours 0 minutes and 22.82 seconds (22.82s).
[0m00:50:03  
[0m00:50:03  [31mCompleted with 1 error, 0 partial successes, and 0 warnings:[0m
[0m00:50:03  
[0m00:50:03  [31mFailure in model fct_travaux_stats_monthly (models/gold/fct_travaux_stats_monthly.sql)[0m
[0m00:50:03    Database Error in model fct_travaux_stats_monthly (models/gold/fct_travaux_stats_monthly.sql)
  Unrecognized name: position; Did you mean location? at [30:14]
  compiled code at target/run/travaux_angers/models/gold/fct_travaux_stats_monthly.sql
[0m00:50:03  
[0m00:50:03    compiled code at target/compiled/travaux_angers/models/gold/fct_travaux_stats_monthly.sql
[0m00:50:03  
[0m00:50:03  Done. PASS=8 WARN=0 ERROR=1 SKIP=0 NO-OP=0 TOTAL=9

2025-08-10 02:50:05,485 ERROR:Erreur lors de l'exécution : Erreur lors de l'exécution de dbt run (code 1)
Sortie:
[0m00:49:31  Running with dbt=1.10.7
[0m00:49:40  Registered adapter: bigquery=1.10.1
[0m00:49:41  Found 9 models, 1 analysis, 17 data tests, 1 source, 610 macros
[0m00:49:41  
[0m00:49:41  Concurrency: 1 threads (target='dev')
[0m00:49:41  
[0m00:49:44  1 of 9 START sql view model travaux_angers.analyse_types ....................... [RUN]
[0m00:49:46  1 of 9 OK created sql view model travaux_angers.analyse_types .................. [[32mCREATE VIEW (0 processed)[0m in 1.67s]
[0m00:49:46  2 of 9 START sql view model travaux_angers.check_columns ....................... [RUN]
[0m00:49:47  2 of 9 OK created sql view model travaux_angers.check_columns .................. [[32mCREATE VIEW (0 processed)[0m in 1.08s]
[0m00:49:47  3 of 9 START sql view model travaux_angers.check_source ........................ [RUN]
[0m00:49:48  3 of 9 OK created sql view model travaux_angers.check_source ................... [[32mCREATE VIEW (0 processed)[0m in 1.15s]
[0m00:49:48  4 of 9 START sql table model travaux_angers_gold.fct_travaux_stats_monthly ..... [RUN]
[0m00:49:49  BigQuery adapter: https://console.cloud.google.com/bigquery?project=my-project-travaux-angers&j=bq:US:6f41eedc-5f89-4a2f-9e62-712b8480c603&page=queryresults
[0m00:49:49  4 of 9 ERROR creating sql table model travaux_angers_gold.fct_travaux_stats_monthly  [[31mERROR[0m in 1.18s]
[0m00:49:49  5 of 9 START sql view model travaux_angers_bronze.src_travaux_angers ........... [RUN]
[0m00:49:50  5 of 9 OK created sql view model travaux_angers_bronze.src_travaux_angers ...... [[32mCREATE VIEW (0 processed)[0m in 0.99s]
[0m00:49:50  6 of 9 START sql table model travaux_angers_silver.stg_travaux_angers .......... [RUN]
[0m00:49:53  6 of 9 OK created sql table model travaux_angers_silver.stg_travaux_angers ..... [[32mCREATE TABLE (18.1k rows, 5.7 MiB processed)[0m in 3.22s]
[0m00:49:53  7 of 9 START sql table model travaux_angers_gold.dim_travaux_details ........... [RUN]
[0m00:49:56  7 of 9 OK created sql table model travaux_angers_gold.dim_travaux_details ...... [[32mCREATE TABLE (18.1k rows, 5.2 MiB processed)[0m in 2.91s]
[0m00:49:56  8 of 9 START sql table model travaux_angers_gold.fct_travaux_stats ............. [RUN]
[0m00:50:00  8 of 9 OK created sql table model travaux_angers_gold.fct_travaux_stats ........ [[32mCREATE TABLE (31.0 rows, 830.3 KiB processed)[0m in 3.99s]
[0m00:50:00  9 of 9 START sql table model travaux_angers_gold.fct_travaux_stats_daily ....... [RUN]
[0m00:50:03  9 of 9 OK created sql table model travaux_angers_gold.fct_travaux_stats_daily .. [[32mCREATE TABLE (31.0 rows, 830.3 KiB processed)[0m in 2.96s]
[0m00:50:03  
[0m00:50:03  Finished running 5 table models, 4 view models in 0 hours 0 minutes and 22.82 seconds (22.82s).
[0m00:50:03  
[0m00:50:03  [31mCompleted with 1 error, 0 partial successes, and 0 warnings:[0m
[0m00:50:03  
[0m00:50:03  [31mFailure in model fct_travaux_stats_monthly (models/gold/fct_travaux_stats_monthly.sql)[0m
[0m00:50:03    Database Error in model fct_travaux_stats_monthly (models/gold/fct_travaux_stats_monthly.sql)
  Unrecognized name: position; Did you mean location? at [30:14]
  compiled code at target/run/travaux_angers/models/gold/fct_travaux_stats_monthly.sql
[0m00:50:03  
[0m00:50:03    compiled code at target/compiled/travaux_angers/models/gold/fct_travaux_stats_monthly.sql
[0m00:50:03  
[0m00:50:03  Done. PASS=8 WARN=0 ERROR=1 SKIP=0 NO-OP=0 TOTAL=9

2025-08-10 02:52:50,383 INFO:Début de l'ETL
2025-08-10 02:52:50,383 INFO:Exécution de extract.py...
2025-08-10 02:52:56,947 INFO:extract.py terminé
2025-08-10 02:52:56,947 INFO:Exécution de load.py...
2025-08-10 02:53:02,320 INFO:load.py terminé
2025-08-10 02:53:02,320 INFO:Début des transformations DBT...
2025-08-10 02:53:02,320 INFO:Exécution des commandes DBT depuis : /usr/ELT_Travaux_Angers/dbt
2025-08-10 02:53:02,320 INFO:Exécution de 'dbt deps'...
2025-08-10 02:53:05,543 INFO:Sortie de dbt deps :
[0m00:53:04  Running with dbt=1.10.7
[0m00:53:04  Installing dbt-labs/dbt_utils
[0m00:53:04  Installed from version 1.1.1
[0m00:53:04  Updated version available: 1.3.0
[0m00:53:04  
[0m00:53:04  Updates available for packages: ['dbt-labs/dbt_utils']                 
Update your versions in packages.yml, then run dbt deps

2025-08-10 02:53:05,543 INFO:Commande DBT réussie: dbt deps
2025-08-10 02:53:05,544 INFO:Exécution de 'dbt run'...
2025-08-10 02:53:36,034 INFO:Sortie de dbt run :
[0m00:53:07  Running with dbt=1.10.7
[0m00:53:11  Registered adapter: bigquery=1.10.1
[0m00:53:12  Found 9 models, 1 analysis, 17 data tests, 1 source, 610 macros
[0m00:53:12  
[0m00:53:12  Concurrency: 1 threads (target='dev')
[0m00:53:12  
[0m00:53:15  1 of 9 START sql view model travaux_angers.analyse_types ....................... [RUN]
[0m00:53:17  1 of 9 OK created sql view model travaux_angers.analyse_types .................. [[32mCREATE VIEW (0 processed)[0m in 1.44s]
[0m00:53:17  2 of 9 START sql view model travaux_angers.check_columns ....................... [RUN]
[0m00:53:18  2 of 9 OK created sql view model travaux_angers.check_columns .................. [[32mCREATE VIEW (0 processed)[0m in 1.07s]
[0m00:53:18  3 of 9 START sql view model travaux_angers.check_source ........................ [RUN]
[0m00:53:19  3 of 9 OK created sql view model travaux_angers.check_source ................... [[32mCREATE VIEW (0 processed)[0m in 1.07s]
[0m00:53:19  4 of 9 START sql table model travaux_angers_gold.fct_travaux_stats_monthly ..... [RUN]
[0m00:53:20  BigQuery adapter: https://console.cloud.google.com/bigquery?project=my-project-travaux-angers&j=bq:US:518db53a-c9d3-4fc6-a171-9b886d14138a&page=queryresults
[0m00:53:20  4 of 9 ERROR creating sql table model travaux_angers_gold.fct_travaux_stats_monthly  [[31mERROR[0m in 1.30s]
[0m00:53:20  5 of 9 START sql view model travaux_angers_bronze.src_travaux_angers ........... [RUN]
[0m00:53:21  5 of 9 OK created sql view model travaux_angers_bronze.src_travaux_angers ...... [[32mCREATE VIEW (0 processed)[0m in 1.07s]
[0m00:53:21  6 of 9 START sql table model travaux_angers_silver.stg_travaux_angers .......... [RUN]
[0m00:53:24  6 of 9 OK created sql table model travaux_angers_silver.stg_travaux_angers ..... [[32mCREATE TABLE (19.1k rows, 6.0 MiB processed)[0m in 2.90s]
[0m00:53:24  7 of 9 START sql table model travaux_angers_gold.dim_travaux_details ........... [RUN]
[0m00:53:27  7 of 9 OK created sql table model travaux_angers_gold.dim_travaux_details ...... [[32mCREATE TABLE (19.1k rows, 5.5 MiB processed)[0m in 3.06s]
[0m00:53:27  8 of 9 START sql table model travaux_angers_gold.fct_travaux_stats ............. [RUN]
[0m00:53:30  8 of 9 OK created sql table model travaux_angers_gold.fct_travaux_stats ........ [[32mCREATE TABLE (31.0 rows, 875.7 KiB processed)[0m in 3.04s]
[0m00:53:30  9 of 9 START sql table model travaux_angers_gold.fct_travaux_stats_daily ....... [RUN]
[0m00:53:34  9 of 9 OK created sql table model travaux_angers_gold.fct_travaux_stats_daily .. [[32mCREATE TABLE (31.0 rows, 875.7 KiB processed)[0m in 3.39s]
[0m00:53:34  
[0m00:53:34  Finished running 5 table models, 4 view models in 0 hours 0 minutes and 21.95 seconds (21.95s).
[0m00:53:34  
[0m00:53:34  [31mCompleted with 1 error, 0 partial successes, and 0 warnings:[0m
[0m00:53:34  
[0m00:53:34  [31mFailure in model fct_travaux_stats_monthly (models/gold/fct_travaux_stats_monthly.sql)[0m
[0m00:53:34    Database Error in model fct_travaux_stats_monthly (models/gold/fct_travaux_stats_monthly.sql)
  No matching signature for function ST_X
    Argument types: STRING
    Signature: ST_X(GEOGRAPHY)
      Argument 1: Unable to coerce type STRING to expected type GEOGRAPHY at [30:9]
  compiled code at target/run/travaux_angers/models/gold/fct_travaux_stats_monthly.sql
[0m00:53:34  
[0m00:53:34    compiled code at target/compiled/travaux_angers/models/gold/fct_travaux_stats_monthly.sql
[0m00:53:34  
[0m00:53:34  Done. PASS=8 WARN=0 ERROR=1 SKIP=0 NO-OP=0 TOTAL=9

2025-08-10 02:53:36,036 ERROR:Erreur inattendue lors de l'exécution de DBT : Erreur lors de l'exécution de dbt run (code 1)
Sortie:
[0m00:53:07  Running with dbt=1.10.7
[0m00:53:11  Registered adapter: bigquery=1.10.1
[0m00:53:12  Found 9 models, 1 analysis, 17 data tests, 1 source, 610 macros
[0m00:53:12  
[0m00:53:12  Concurrency: 1 threads (target='dev')
[0m00:53:12  
[0m00:53:15  1 of 9 START sql view model travaux_angers.analyse_types ....................... [RUN]
[0m00:53:17  1 of 9 OK created sql view model travaux_angers.analyse_types .................. [[32mCREATE VIEW (0 processed)[0m in 1.44s]
[0m00:53:17  2 of 9 START sql view model travaux_angers.check_columns ....................... [RUN]
[0m00:53:18  2 of 9 OK created sql view model travaux_angers.check_columns .................. [[32mCREATE VIEW (0 processed)[0m in 1.07s]
[0m00:53:18  3 of 9 START sql view model travaux_angers.check_source ........................ [RUN]
[0m00:53:19  3 of 9 OK created sql view model travaux_angers.check_source ................... [[32mCREATE VIEW (0 processed)[0m in 1.07s]
[0m00:53:19  4 of 9 START sql table model travaux_angers_gold.fct_travaux_stats_monthly ..... [RUN]
[0m00:53:20  BigQuery adapter: https://console.cloud.google.com/bigquery?project=my-project-travaux-angers&j=bq:US:518db53a-c9d3-4fc6-a171-9b886d14138a&page=queryresults
[0m00:53:20  4 of 9 ERROR creating sql table model travaux_angers_gold.fct_travaux_stats_monthly  [[31mERROR[0m in 1.30s]
[0m00:53:20  5 of 9 START sql view model travaux_angers_bronze.src_travaux_angers ........... [RUN]
[0m00:53:21  5 of 9 OK created sql view model travaux_angers_bronze.src_travaux_angers ...... [[32mCREATE VIEW (0 processed)[0m in 1.07s]
[0m00:53:21  6 of 9 START sql table model travaux_angers_silver.stg_travaux_angers .......... [RUN]
[0m00:53:24  6 of 9 OK created sql table model travaux_angers_silver.stg_travaux_angers ..... [[32mCREATE TABLE (19.1k rows, 6.0 MiB processed)[0m in 2.90s]
[0m00:53:24  7 of 9 START sql table model travaux_angers_gold.dim_travaux_details ........... [RUN]
[0m00:53:27  7 of 9 OK created sql table model travaux_angers_gold.dim_travaux_details ...... [[32mCREATE TABLE (19.1k rows, 5.5 MiB processed)[0m in 3.06s]
[0m00:53:27  8 of 9 START sql table model travaux_angers_gold.fct_travaux_stats ............. [RUN]
[0m00:53:30  8 of 9 OK created sql table model travaux_angers_gold.fct_travaux_stats ........ [[32mCREATE TABLE (31.0 rows, 875.7 KiB processed)[0m in 3.04s]
[0m00:53:30  9 of 9 START sql table model travaux_angers_gold.fct_travaux_stats_daily ....... [RUN]
[0m00:53:34  9 of 9 OK created sql table model travaux_angers_gold.fct_travaux_stats_daily .. [[32mCREATE TABLE (31.0 rows, 875.7 KiB processed)[0m in 3.39s]
[0m00:53:34  
[0m00:53:34  Finished running 5 table models, 4 view models in 0 hours 0 minutes and 21.95 seconds (21.95s).
[0m00:53:34  
[0m00:53:34  [31mCompleted with 1 error, 0 partial successes, and 0 warnings:[0m
[0m00:53:34  
[0m00:53:34  [31mFailure in model fct_travaux_stats_monthly (models/gold/fct_travaux_stats_monthly.sql)[0m
[0m00:53:34    Database Error in model fct_travaux_stats_monthly (models/gold/fct_travaux_stats_monthly.sql)
  No matching signature for function ST_X
    Argument types: STRING
    Signature: ST_X(GEOGRAPHY)
      Argument 1: Unable to coerce type STRING to expected type GEOGRAPHY at [30:9]
  compiled code at target/run/travaux_angers/models/gold/fct_travaux_stats_monthly.sql
[0m00:53:34  
[0m00:53:34    compiled code at target/compiled/travaux_angers/models/gold/fct_travaux_stats_monthly.sql
[0m00:53:34  
[0m00:53:34  Done. PASS=8 WARN=0 ERROR=1 SKIP=0 NO-OP=0 TOTAL=9

2025-08-10 02:53:36,036 ERROR:Erreur lors de l'exécution : Erreur lors de l'exécution de dbt run (code 1)
Sortie:
[0m00:53:07  Running with dbt=1.10.7
[0m00:53:11  Registered adapter: bigquery=1.10.1
[0m00:53:12  Found 9 models, 1 analysis, 17 data tests, 1 source, 610 macros
[0m00:53:12  
[0m00:53:12  Concurrency: 1 threads (target='dev')
[0m00:53:12  
[0m00:53:15  1 of 9 START sql view model travaux_angers.analyse_types ....................... [RUN]
[0m00:53:17  1 of 9 OK created sql view model travaux_angers.analyse_types .................. [[32mCREATE VIEW (0 processed)[0m in 1.44s]
[0m00:53:17  2 of 9 START sql view model travaux_angers.check_columns ....................... [RUN]
[0m00:53:18  2 of 9 OK created sql view model travaux_angers.check_columns .................. [[32mCREATE VIEW (0 processed)[0m in 1.07s]
[0m00:53:18  3 of 9 START sql view model travaux_angers.check_source ........................ [RUN]
[0m00:53:19  3 of 9 OK created sql view model travaux_angers.check_source ................... [[32mCREATE VIEW (0 processed)[0m in 1.07s]
[0m00:53:19  4 of 9 START sql table model travaux_angers_gold.fct_travaux_stats_monthly ..... [RUN]
[0m00:53:20  BigQuery adapter: https://console.cloud.google.com/bigquery?project=my-project-travaux-angers&j=bq:US:518db53a-c9d3-4fc6-a171-9b886d14138a&page=queryresults
[0m00:53:20  4 of 9 ERROR creating sql table model travaux_angers_gold.fct_travaux_stats_monthly  [[31mERROR[0m in 1.30s]
[0m00:53:20  5 of 9 START sql view model travaux_angers_bronze.src_travaux_angers ........... [RUN]
[0m00:53:21  5 of 9 OK created sql view model travaux_angers_bronze.src_travaux_angers ...... [[32mCREATE VIEW (0 processed)[0m in 1.07s]
[0m00:53:21  6 of 9 START sql table model travaux_angers_silver.stg_travaux_angers .......... [RUN]
[0m00:53:24  6 of 9 OK created sql table model travaux_angers_silver.stg_travaux_angers ..... [[32mCREATE TABLE (19.1k rows, 6.0 MiB processed)[0m in 2.90s]
[0m00:53:24  7 of 9 START sql table model travaux_angers_gold.dim_travaux_details ........... [RUN]
[0m00:53:27  7 of 9 OK created sql table model travaux_angers_gold.dim_travaux_details ...... [[32mCREATE TABLE (19.1k rows, 5.5 MiB processed)[0m in 3.06s]
[0m00:53:27  8 of 9 START sql table model travaux_angers_gold.fct_travaux_stats ............. [RUN]
[0m00:53:30  8 of 9 OK created sql table model travaux_angers_gold.fct_travaux_stats ........ [[32mCREATE TABLE (31.0 rows, 875.7 KiB processed)[0m in 3.04s]
[0m00:53:30  9 of 9 START sql table model travaux_angers_gold.fct_travaux_stats_daily ....... [RUN]
[0m00:53:34  9 of 9 OK created sql table model travaux_angers_gold.fct_travaux_stats_daily .. [[32mCREATE TABLE (31.0 rows, 875.7 KiB processed)[0m in 3.39s]
[0m00:53:34  
[0m00:53:34  Finished running 5 table models, 4 view models in 0 hours 0 minutes and 21.95 seconds (21.95s).
[0m00:53:34  
[0m00:53:34  [31mCompleted with 1 error, 0 partial successes, and 0 warnings:[0m
[0m00:53:34  
[0m00:53:34  [31mFailure in model fct_travaux_stats_monthly (models/gold/fct_travaux_stats_monthly.sql)[0m
[0m00:53:34    Database Error in model fct_travaux_stats_monthly (models/gold/fct_travaux_stats_monthly.sql)
  No matching signature for function ST_X
    Argument types: STRING
    Signature: ST_X(GEOGRAPHY)
      Argument 1: Unable to coerce type STRING to expected type GEOGRAPHY at [30:9]
  compiled code at target/run/travaux_angers/models/gold/fct_travaux_stats_monthly.sql
[0m00:53:34  
[0m00:53:34    compiled code at target/compiled/travaux_angers/models/gold/fct_travaux_stats_monthly.sql
[0m00:53:34  
[0m00:53:34  Done. PASS=8 WARN=0 ERROR=1 SKIP=0 NO-OP=0 TOTAL=9

2025-08-10 02:58:53,403 INFO:Début de l'ETL
2025-08-10 02:58:53,403 INFO:Exécution de extract.py...
2025-08-10 02:59:01,653 INFO:extract.py terminé
2025-08-10 02:59:01,654 INFO:Exécution de load.py...
2025-08-10 02:59:08,012 INFO:load.py terminé
2025-08-10 02:59:08,013 INFO:Début des transformations DBT...
2025-08-10 02:59:08,013 INFO:Exécution des commandes DBT depuis : /usr/ELT_Travaux_Angers/dbt
2025-08-10 02:59:08,013 INFO:Exécution de 'dbt deps'...
2025-08-10 02:59:12,576 INFO:Sortie de dbt deps :
[0m00:59:10  Running with dbt=1.10.7
[0m00:59:11  Installing dbt-labs/dbt_utils
[0m00:59:11  Installed from version 1.1.1
[0m00:59:11  Updated version available: 1.3.0
[0m00:59:11  
[0m00:59:11  Updates available for packages: ['dbt-labs/dbt_utils']                 
Update your versions in packages.yml, then run dbt deps

2025-08-10 02:59:12,576 INFO:Commande DBT réussie: dbt deps
2025-08-10 02:59:12,577 INFO:Exécution de 'dbt run'...
2025-08-10 02:59:46,690 INFO:Sortie de dbt run :
[0m00:59:14  Running with dbt=1.10.7
[0m00:59:21  Registered adapter: bigquery=1.10.1
[0m00:59:22  Found 9 models, 1 analysis, 17 data tests, 1 source, 610 macros
[0m00:59:22  
[0m00:59:22  Concurrency: 1 threads (target='dev')
[0m00:59:22  
[0m00:59:25  1 of 9 START sql view model travaux_angers.analyse_types ....................... [RUN]
[0m00:59:27  1 of 9 OK created sql view model travaux_angers.analyse_types .................. [[32mCREATE VIEW (0 processed)[0m in 1.24s]
[0m00:59:27  2 of 9 START sql view model travaux_angers.check_columns ....................... [RUN]
[0m00:59:28  2 of 9 OK created sql view model travaux_angers.check_columns .................. [[32mCREATE VIEW (0 processed)[0m in 1.18s]
[0m00:59:28  3 of 9 START sql view model travaux_angers.check_source ........................ [RUN]
[0m00:59:29  3 of 9 OK created sql view model travaux_angers.check_source ................... [[32mCREATE VIEW (0 processed)[0m in 1.49s]
[0m00:59:29  4 of 9 START sql table model travaux_angers_gold.fct_travaux_stats_monthly ..... [RUN]
[0m00:59:31  BigQuery adapter: https://console.cloud.google.com/bigquery?project=my-project-travaux-angers&j=bq:US:a69aa232-a26f-4691-8396-af89ae940990&page=queryresults
[0m00:59:31  4 of 9 ERROR creating sql table model travaux_angers_gold.fct_travaux_stats_monthly  [[31mERROR[0m in 1.28s]
[0m00:59:31  5 of 9 START sql view model travaux_angers_bronze.src_travaux_angers ........... [RUN]
[0m00:59:32  5 of 9 OK created sql view model travaux_angers_bronze.src_travaux_angers ...... [[32mCREATE VIEW (0 processed)[0m in 0.98s]
[0m00:59:32  6 of 9 START sql table model travaux_angers_silver.stg_travaux_angers .......... [RUN]
[0m00:59:35  6 of 9 OK created sql table model travaux_angers_silver.stg_travaux_angers ..... [[32mCREATE TABLE (20.1k rows, 6.3 MiB processed)[0m in 3.06s]
[0m00:59:35  7 of 9 START sql table model travaux_angers_gold.dim_travaux_details ........... [RUN]
[0m00:59:38  7 of 9 OK created sql table model travaux_angers_gold.dim_travaux_details ...... [[32mCREATE TABLE (20.1k rows, 5.8 MiB processed)[0m in 3.16s]
[0m00:59:38  8 of 9 START sql table model travaux_angers_gold.fct_travaux_stats ............. [RUN]
[0m00:59:41  8 of 9 OK created sql table model travaux_angers_gold.fct_travaux_stats ........ [[32mCREATE TABLE (31.0 rows, 921.2 KiB processed)[0m in 3.27s]
[0m00:59:41  9 of 9 START sql table model travaux_angers_gold.fct_travaux_stats_daily ....... [RUN]
[0m00:59:44  9 of 9 OK created sql table model travaux_angers_gold.fct_travaux_stats_daily .. [[32mCREATE TABLE (31.0 rows, 921.2 KiB processed)[0m in 3.32s]
[0m00:59:45  
[0m00:59:45  Finished running 5 table models, 4 view models in 0 hours 0 minutes and 22.47 seconds (22.47s).
[0m00:59:45  
[0m00:59:45  [31mCompleted with 1 error, 0 partial successes, and 0 warnings:[0m
[0m00:59:45  
[0m00:59:45  [31mFailure in model fct_travaux_stats_monthly (models/gold/fct_travaux_stats_monthly.sql)[0m
[0m00:59:45    Database Error in model fct_travaux_stats_monthly (models/gold/fct_travaux_stats_monthly.sql)
  No matching signature for function ST_X
    Argument types: STRING
    Signature: ST_X(GEOGRAPHY)
      Argument 1: Unable to coerce type STRING to expected type GEOGRAPHY at [30:9]
  compiled code at target/run/travaux_angers/models/gold/fct_travaux_stats_monthly.sql
[0m00:59:45  
[0m00:59:45    compiled code at target/compiled/travaux_angers/models/gold/fct_travaux_stats_monthly.sql
[0m00:59:45  
[0m00:59:45  Done. PASS=8 WARN=0 ERROR=1 SKIP=0 NO-OP=0 TOTAL=9

2025-08-10 02:59:46,690 ERROR:Erreur inattendue lors de l'exécution de DBT : Erreur lors de l'exécution de dbt run (code 1)
Sortie:
[0m00:59:14  Running with dbt=1.10.7
[0m00:59:21  Registered adapter: bigquery=1.10.1
[0m00:59:22  Found 9 models, 1 analysis, 17 data tests, 1 source, 610 macros
[0m00:59:22  
[0m00:59:22  Concurrency: 1 threads (target='dev')
[0m00:59:22  
[0m00:59:25  1 of 9 START sql view model travaux_angers.analyse_types ....................... [RUN]
[0m00:59:27  1 of 9 OK created sql view model travaux_angers.analyse_types .................. [[32mCREATE VIEW (0 processed)[0m in 1.24s]
[0m00:59:27  2 of 9 START sql view model travaux_angers.check_columns ....................... [RUN]
[0m00:59:28  2 of 9 OK created sql view model travaux_angers.check_columns .................. [[32mCREATE VIEW (0 processed)[0m in 1.18s]
[0m00:59:28  3 of 9 START sql view model travaux_angers.check_source ........................ [RUN]
[0m00:59:29  3 of 9 OK created sql view model travaux_angers.check_source ................... [[32mCREATE VIEW (0 processed)[0m in 1.49s]
[0m00:59:29  4 of 9 START sql table model travaux_angers_gold.fct_travaux_stats_monthly ..... [RUN]
[0m00:59:31  BigQuery adapter: https://console.cloud.google.com/bigquery?project=my-project-travaux-angers&j=bq:US:a69aa232-a26f-4691-8396-af89ae940990&page=queryresults
[0m00:59:31  4 of 9 ERROR creating sql table model travaux_angers_gold.fct_travaux_stats_monthly  [[31mERROR[0m in 1.28s]
[0m00:59:31  5 of 9 START sql view model travaux_angers_bronze.src_travaux_angers ........... [RUN]
[0m00:59:32  5 of 9 OK created sql view model travaux_angers_bronze.src_travaux_angers ...... [[32mCREATE VIEW (0 processed)[0m in 0.98s]
[0m00:59:32  6 of 9 START sql table model travaux_angers_silver.stg_travaux_angers .......... [RUN]
[0m00:59:35  6 of 9 OK created sql table model travaux_angers_silver.stg_travaux_angers ..... [[32mCREATE TABLE (20.1k rows, 6.3 MiB processed)[0m in 3.06s]
[0m00:59:35  7 of 9 START sql table model travaux_angers_gold.dim_travaux_details ........... [RUN]
[0m00:59:38  7 of 9 OK created sql table model travaux_angers_gold.dim_travaux_details ...... [[32mCREATE TABLE (20.1k rows, 5.8 MiB processed)[0m in 3.16s]
[0m00:59:38  8 of 9 START sql table model travaux_angers_gold.fct_travaux_stats ............. [RUN]
[0m00:59:41  8 of 9 OK created sql table model travaux_angers_gold.fct_travaux_stats ........ [[32mCREATE TABLE (31.0 rows, 921.2 KiB processed)[0m in 3.27s]
[0m00:59:41  9 of 9 START sql table model travaux_angers_gold.fct_travaux_stats_daily ....... [RUN]
[0m00:59:44  9 of 9 OK created sql table model travaux_angers_gold.fct_travaux_stats_daily .. [[32mCREATE TABLE (31.0 rows, 921.2 KiB processed)[0m in 3.32s]
[0m00:59:45  
[0m00:59:45  Finished running 5 table models, 4 view models in 0 hours 0 minutes and 22.47 seconds (22.47s).
[0m00:59:45  
[0m00:59:45  [31mCompleted with 1 error, 0 partial successes, and 0 warnings:[0m
[0m00:59:45  
[0m00:59:45  [31mFailure in model fct_travaux_stats_monthly (models/gold/fct_travaux_stats_monthly.sql)[0m
[0m00:59:45    Database Error in model fct_travaux_stats_monthly (models/gold/fct_travaux_stats_monthly.sql)
  No matching signature for function ST_X
    Argument types: STRING
    Signature: ST_X(GEOGRAPHY)
      Argument 1: Unable to coerce type STRING to expected type GEOGRAPHY at [30:9]
  compiled code at target/run/travaux_angers/models/gold/fct_travaux_stats_monthly.sql
[0m00:59:45  
[0m00:59:45    compiled code at target/compiled/travaux_angers/models/gold/fct_travaux_stats_monthly.sql
[0m00:59:45  
[0m00:59:45  Done. PASS=8 WARN=0 ERROR=1 SKIP=0 NO-OP=0 TOTAL=9

2025-08-10 02:59:46,691 ERROR:Erreur lors de l'exécution : Erreur lors de l'exécution de dbt run (code 1)
Sortie:
[0m00:59:14  Running with dbt=1.10.7
[0m00:59:21  Registered adapter: bigquery=1.10.1
[0m00:59:22  Found 9 models, 1 analysis, 17 data tests, 1 source, 610 macros
[0m00:59:22  
[0m00:59:22  Concurrency: 1 threads (target='dev')
[0m00:59:22  
[0m00:59:25  1 of 9 START sql view model travaux_angers.analyse_types ....................... [RUN]
[0m00:59:27  1 of 9 OK created sql view model travaux_angers.analyse_types .................. [[32mCREATE VIEW (0 processed)[0m in 1.24s]
[0m00:59:27  2 of 9 START sql view model travaux_angers.check_columns ....................... [RUN]
[0m00:59:28  2 of 9 OK created sql view model travaux_angers.check_columns .................. [[32mCREATE VIEW (0 processed)[0m in 1.18s]
[0m00:59:28  3 of 9 START sql view model travaux_angers.check_source ........................ [RUN]
[0m00:59:29  3 of 9 OK created sql view model travaux_angers.check_source ................... [[32mCREATE VIEW (0 processed)[0m in 1.49s]
[0m00:59:29  4 of 9 START sql table model travaux_angers_gold.fct_travaux_stats_monthly ..... [RUN]
[0m00:59:31  BigQuery adapter: https://console.cloud.google.com/bigquery?project=my-project-travaux-angers&j=bq:US:a69aa232-a26f-4691-8396-af89ae940990&page=queryresults
[0m00:59:31  4 of 9 ERROR creating sql table model travaux_angers_gold.fct_travaux_stats_monthly  [[31mERROR[0m in 1.28s]
[0m00:59:31  5 of 9 START sql view model travaux_angers_bronze.src_travaux_angers ........... [RUN]
[0m00:59:32  5 of 9 OK created sql view model travaux_angers_bronze.src_travaux_angers ...... [[32mCREATE VIEW (0 processed)[0m in 0.98s]
[0m00:59:32  6 of 9 START sql table model travaux_angers_silver.stg_travaux_angers .......... [RUN]
[0m00:59:35  6 of 9 OK created sql table model travaux_angers_silver.stg_travaux_angers ..... [[32mCREATE TABLE (20.1k rows, 6.3 MiB processed)[0m in 3.06s]
[0m00:59:35  7 of 9 START sql table model travaux_angers_gold.dim_travaux_details ........... [RUN]
[0m00:59:38  7 of 9 OK created sql table model travaux_angers_gold.dim_travaux_details ...... [[32mCREATE TABLE (20.1k rows, 5.8 MiB processed)[0m in 3.16s]
[0m00:59:38  8 of 9 START sql table model travaux_angers_gold.fct_travaux_stats ............. [RUN]
[0m00:59:41  8 of 9 OK created sql table model travaux_angers_gold.fct_travaux_stats ........ [[32mCREATE TABLE (31.0 rows, 921.2 KiB processed)[0m in 3.27s]
[0m00:59:41  9 of 9 START sql table model travaux_angers_gold.fct_travaux_stats_daily ....... [RUN]
[0m00:59:44  9 of 9 OK created sql table model travaux_angers_gold.fct_travaux_stats_daily .. [[32mCREATE TABLE (31.0 rows, 921.2 KiB processed)[0m in 3.32s]
[0m00:59:45  
[0m00:59:45  Finished running 5 table models, 4 view models in 0 hours 0 minutes and 22.47 seconds (22.47s).
[0m00:59:45  
[0m00:59:45  [31mCompleted with 1 error, 0 partial successes, and 0 warnings:[0m
[0m00:59:45  
[0m00:59:45  [31mFailure in model fct_travaux_stats_monthly (models/gold/fct_travaux_stats_monthly.sql)[0m
[0m00:59:45    Database Error in model fct_travaux_stats_monthly (models/gold/fct_travaux_stats_monthly.sql)
  No matching signature for function ST_X
    Argument types: STRING
    Signature: ST_X(GEOGRAPHY)
      Argument 1: Unable to coerce type STRING to expected type GEOGRAPHY at [30:9]
  compiled code at target/run/travaux_angers/models/gold/fct_travaux_stats_monthly.sql
[0m00:59:45  
[0m00:59:45    compiled code at target/compiled/travaux_angers/models/gold/fct_travaux_stats_monthly.sql
[0m00:59:45  
[0m00:59:45  Done. PASS=8 WARN=0 ERROR=1 SKIP=0 NO-OP=0 TOTAL=9

2025-08-10 03:00:34,898 INFO:Début de l'ETL
2025-08-10 03:00:34,898 INFO:Exécution de extract.py...
2025-08-10 03:00:48,373 INFO:extract.py terminé
2025-08-10 03:00:48,374 INFO:Exécution de load.py...
2025-08-10 03:00:53,646 INFO:load.py terminé
2025-08-10 03:00:53,646 INFO:Début des transformations DBT...
2025-08-10 03:00:53,646 INFO:Exécution des commandes DBT depuis : /usr/ELT_Travaux_Angers/dbt
2025-08-10 03:00:53,646 INFO:Exécution de 'dbt deps'...
2025-08-10 03:00:56,848 INFO:Sortie de dbt deps :
[0m01:00:55  Running with dbt=1.10.7
[0m01:00:55  Installing dbt-labs/dbt_utils
[0m01:00:56  Installed from version 1.1.1
[0m01:00:56  Updated version available: 1.3.0
[0m01:00:56  
[0m01:00:56  Updates available for packages: ['dbt-labs/dbt_utils']                 
Update your versions in packages.yml, then run dbt deps

2025-08-10 03:00:56,848 INFO:Commande DBT réussie: dbt deps
2025-08-10 03:00:56,848 INFO:Exécution de 'dbt run'...
2025-08-10 03:01:27,458 INFO:Sortie de dbt run :
[0m01:00:58  Running with dbt=1.10.7
[0m01:01:02  Registered adapter: bigquery=1.10.1
[0m01:01:02  Found 9 models, 1 analysis, 17 data tests, 1 source, 610 macros
[0m01:01:02  
[0m01:01:02  Concurrency: 1 threads (target='dev')
[0m01:01:02  
[0m01:01:06  1 of 9 START sql view model travaux_angers.analyse_types ....................... [RUN]
[0m01:01:07  1 of 9 OK created sql view model travaux_angers.analyse_types .................. [[32mCREATE VIEW (0 processed)[0m in 1.39s]
[0m01:01:07  2 of 9 START sql view model travaux_angers.check_columns ....................... [RUN]
[0m01:01:08  2 of 9 OK created sql view model travaux_angers.check_columns .................. [[32mCREATE VIEW (0 processed)[0m in 1.33s]
[0m01:01:08  3 of 9 START sql view model travaux_angers.check_source ........................ [RUN]
[0m01:01:09  3 of 9 OK created sql view model travaux_angers.check_source ................... [[32mCREATE VIEW (0 processed)[0m in 1.04s]
[0m01:01:09  4 of 9 START sql table model travaux_angers_gold.fct_travaux_stats_monthly ..... [RUN]
[0m01:01:11  BigQuery adapter: https://console.cloud.google.com/bigquery?project=my-project-travaux-angers&j=bq:US:6460b245-359a-48a7-86bb-2b398c3071ef&page=queryresults
[0m01:01:11  4 of 9 ERROR creating sql table model travaux_angers_gold.fct_travaux_stats_monthly  [[31mERROR[0m in 1.16s]
[0m01:01:11  5 of 9 START sql view model travaux_angers_bronze.src_travaux_angers ........... [RUN]
[0m01:01:12  5 of 9 OK created sql view model travaux_angers_bronze.src_travaux_angers ...... [[32mCREATE VIEW (0 processed)[0m in 1.25s]
[0m01:01:12  6 of 9 START sql table model travaux_angers_silver.stg_travaux_angers .......... [RUN]
[0m01:01:15  6 of 9 OK created sql table model travaux_angers_silver.stg_travaux_angers ..... [[32mCREATE TABLE (21.1k rows, 6.7 MiB processed)[0m in 3.66s]
[0m01:01:15  7 of 9 START sql table model travaux_angers_gold.dim_travaux_details ........... [RUN]
[0m01:01:19  7 of 9 OK created sql table model travaux_angers_gold.dim_travaux_details ...... [[32mCREATE TABLE (21.1k rows, 6.1 MiB processed)[0m in 3.14s]
[0m01:01:19  8 of 9 START sql table model travaux_angers_gold.fct_travaux_stats ............. [RUN]
[0m01:01:22  8 of 9 OK created sql table model travaux_angers_gold.fct_travaux_stats ........ [[32mCREATE TABLE (31.0 rows, 966.6 KiB processed)[0m in 3.38s]
[0m01:01:22  9 of 9 START sql table model travaux_angers_gold.fct_travaux_stats_daily ....... [RUN]
[0m01:01:25  9 of 9 OK created sql table model travaux_angers_gold.fct_travaux_stats_daily .. [[32mCREATE TABLE (31.0 rows, 966.6 KiB processed)[0m in 3.40s]
[0m01:01:25  
[0m01:01:25  Finished running 5 table models, 4 view models in 0 hours 0 minutes and 23.36 seconds (23.36s).
[0m01:01:26  
[0m01:01:26  [31mCompleted with 1 error, 0 partial successes, and 0 warnings:[0m
[0m01:01:26  
[0m01:01:26  [31mFailure in model fct_travaux_stats_monthly (models/gold/fct_travaux_stats_monthly.sql)[0m
[0m01:01:26    Database Error in model fct_travaux_stats_monthly (models/gold/fct_travaux_stats_monthly.sql)
  No matching signature for function ST_X
    Argument types: STRING
    Signature: ST_X(GEOGRAPHY)
      Argument 1: Unable to coerce type STRING to expected type GEOGRAPHY at [30:9]
  compiled code at target/run/travaux_angers/models/gold/fct_travaux_stats_monthly.sql
[0m01:01:26  
[0m01:01:26    compiled code at target/compiled/travaux_angers/models/gold/fct_travaux_stats_monthly.sql
[0m01:01:26  
[0m01:01:26  Done. PASS=8 WARN=0 ERROR=1 SKIP=0 NO-OP=0 TOTAL=9

2025-08-10 03:01:27,458 ERROR:Erreur inattendue lors de l'exécution de DBT : Erreur lors de l'exécution de dbt run (code 1)
Sortie:
[0m01:00:58  Running with dbt=1.10.7
[0m01:01:02  Registered adapter: bigquery=1.10.1
[0m01:01:02  Found 9 models, 1 analysis, 17 data tests, 1 source, 610 macros
[0m01:01:02  
[0m01:01:02  Concurrency: 1 threads (target='dev')
[0m01:01:02  
[0m01:01:06  1 of 9 START sql view model travaux_angers.analyse_types ....................... [RUN]
[0m01:01:07  1 of 9 OK created sql view model travaux_angers.analyse_types .................. [[32mCREATE VIEW (0 processed)[0m in 1.39s]
[0m01:01:07  2 of 9 START sql view model travaux_angers.check_columns ....................... [RUN]
[0m01:01:08  2 of 9 OK created sql view model travaux_angers.check_columns .................. [[32mCREATE VIEW (0 processed)[0m in 1.33s]
[0m01:01:08  3 of 9 START sql view model travaux_angers.check_source ........................ [RUN]
[0m01:01:09  3 of 9 OK created sql view model travaux_angers.check_source ................... [[32mCREATE VIEW (0 processed)[0m in 1.04s]
[0m01:01:09  4 of 9 START sql table model travaux_angers_gold.fct_travaux_stats_monthly ..... [RUN]
[0m01:01:11  BigQuery adapter: https://console.cloud.google.com/bigquery?project=my-project-travaux-angers&j=bq:US:6460b245-359a-48a7-86bb-2b398c3071ef&page=queryresults
[0m01:01:11  4 of 9 ERROR creating sql table model travaux_angers_gold.fct_travaux_stats_monthly  [[31mERROR[0m in 1.16s]
[0m01:01:11  5 of 9 START sql view model travaux_angers_bronze.src_travaux_angers ........... [RUN]
[0m01:01:12  5 of 9 OK created sql view model travaux_angers_bronze.src_travaux_angers ...... [[32mCREATE VIEW (0 processed)[0m in 1.25s]
[0m01:01:12  6 of 9 START sql table model travaux_angers_silver.stg_travaux_angers .......... [RUN]
[0m01:01:15  6 of 9 OK created sql table model travaux_angers_silver.stg_travaux_angers ..... [[32mCREATE TABLE (21.1k rows, 6.7 MiB processed)[0m in 3.66s]
[0m01:01:15  7 of 9 START sql table model travaux_angers_gold.dim_travaux_details ........... [RUN]
[0m01:01:19  7 of 9 OK created sql table model travaux_angers_gold.dim_travaux_details ...... [[32mCREATE TABLE (21.1k rows, 6.1 MiB processed)[0m in 3.14s]
[0m01:01:19  8 of 9 START sql table model travaux_angers_gold.fct_travaux_stats ............. [RUN]
[0m01:01:22  8 of 9 OK created sql table model travaux_angers_gold.fct_travaux_stats ........ [[32mCREATE TABLE (31.0 rows, 966.6 KiB processed)[0m in 3.38s]
[0m01:01:22  9 of 9 START sql table model travaux_angers_gold.fct_travaux_stats_daily ....... [RUN]
[0m01:01:25  9 of 9 OK created sql table model travaux_angers_gold.fct_travaux_stats_daily .. [[32mCREATE TABLE (31.0 rows, 966.6 KiB processed)[0m in 3.40s]
[0m01:01:25  
[0m01:01:25  Finished running 5 table models, 4 view models in 0 hours 0 minutes and 23.36 seconds (23.36s).
[0m01:01:26  
[0m01:01:26  [31mCompleted with 1 error, 0 partial successes, and 0 warnings:[0m
[0m01:01:26  
[0m01:01:26  [31mFailure in model fct_travaux_stats_monthly (models/gold/fct_travaux_stats_monthly.sql)[0m
[0m01:01:26    Database Error in model fct_travaux_stats_monthly (models/gold/fct_travaux_stats_monthly.sql)
  No matching signature for function ST_X
    Argument types: STRING
    Signature: ST_X(GEOGRAPHY)
      Argument 1: Unable to coerce type STRING to expected type GEOGRAPHY at [30:9]
  compiled code at target/run/travaux_angers/models/gold/fct_travaux_stats_monthly.sql
[0m01:01:26  
[0m01:01:26    compiled code at target/compiled/travaux_angers/models/gold/fct_travaux_stats_monthly.sql
[0m01:01:26  
[0m01:01:26  Done. PASS=8 WARN=0 ERROR=1 SKIP=0 NO-OP=0 TOTAL=9

2025-08-10 03:01:27,458 ERROR:Erreur lors de l'exécution : Erreur lors de l'exécution de dbt run (code 1)
Sortie:
[0m01:00:58  Running with dbt=1.10.7
[0m01:01:02  Registered adapter: bigquery=1.10.1
[0m01:01:02  Found 9 models, 1 analysis, 17 data tests, 1 source, 610 macros
[0m01:01:02  
[0m01:01:02  Concurrency: 1 threads (target='dev')
[0m01:01:02  
[0m01:01:06  1 of 9 START sql view model travaux_angers.analyse_types ....................... [RUN]
[0m01:01:07  1 of 9 OK created sql view model travaux_angers.analyse_types .................. [[32mCREATE VIEW (0 processed)[0m in 1.39s]
[0m01:01:07  2 of 9 START sql view model travaux_angers.check_columns ....................... [RUN]
[0m01:01:08  2 of 9 OK created sql view model travaux_angers.check_columns .................. [[32mCREATE VIEW (0 processed)[0m in 1.33s]
[0m01:01:08  3 of 9 START sql view model travaux_angers.check_source ........................ [RUN]
[0m01:01:09  3 of 9 OK created sql view model travaux_angers.check_source ................... [[32mCREATE VIEW (0 processed)[0m in 1.04s]
[0m01:01:09  4 of 9 START sql table model travaux_angers_gold.fct_travaux_stats_monthly ..... [RUN]
[0m01:01:11  BigQuery adapter: https://console.cloud.google.com/bigquery?project=my-project-travaux-angers&j=bq:US:6460b245-359a-48a7-86bb-2b398c3071ef&page=queryresults
[0m01:01:11  4 of 9 ERROR creating sql table model travaux_angers_gold.fct_travaux_stats_monthly  [[31mERROR[0m in 1.16s]
[0m01:01:11  5 of 9 START sql view model travaux_angers_bronze.src_travaux_angers ........... [RUN]
[0m01:01:12  5 of 9 OK created sql view model travaux_angers_bronze.src_travaux_angers ...... [[32mCREATE VIEW (0 processed)[0m in 1.25s]
[0m01:01:12  6 of 9 START sql table model travaux_angers_silver.stg_travaux_angers .......... [RUN]
[0m01:01:15  6 of 9 OK created sql table model travaux_angers_silver.stg_travaux_angers ..... [[32mCREATE TABLE (21.1k rows, 6.7 MiB processed)[0m in 3.66s]
[0m01:01:15  7 of 9 START sql table model travaux_angers_gold.dim_travaux_details ........... [RUN]
[0m01:01:19  7 of 9 OK created sql table model travaux_angers_gold.dim_travaux_details ...... [[32mCREATE TABLE (21.1k rows, 6.1 MiB processed)[0m in 3.14s]
[0m01:01:19  8 of 9 START sql table model travaux_angers_gold.fct_travaux_stats ............. [RUN]
[0m01:01:22  8 of 9 OK created sql table model travaux_angers_gold.fct_travaux_stats ........ [[32mCREATE TABLE (31.0 rows, 966.6 KiB processed)[0m in 3.38s]
[0m01:01:22  9 of 9 START sql table model travaux_angers_gold.fct_travaux_stats_daily ....... [RUN]
[0m01:01:25  9 of 9 OK created sql table model travaux_angers_gold.fct_travaux_stats_daily .. [[32mCREATE TABLE (31.0 rows, 966.6 KiB processed)[0m in 3.40s]
[0m01:01:25  
[0m01:01:25  Finished running 5 table models, 4 view models in 0 hours 0 minutes and 23.36 seconds (23.36s).
[0m01:01:26  
[0m01:01:26  [31mCompleted with 1 error, 0 partial successes, and 0 warnings:[0m
[0m01:01:26  
[0m01:01:26  [31mFailure in model fct_travaux_stats_monthly (models/gold/fct_travaux_stats_monthly.sql)[0m
[0m01:01:26    Database Error in model fct_travaux_stats_monthly (models/gold/fct_travaux_stats_monthly.sql)
  No matching signature for function ST_X
    Argument types: STRING
    Signature: ST_X(GEOGRAPHY)
      Argument 1: Unable to coerce type STRING to expected type GEOGRAPHY at [30:9]
  compiled code at target/run/travaux_angers/models/gold/fct_travaux_stats_monthly.sql
[0m01:01:26  
[0m01:01:26    compiled code at target/compiled/travaux_angers/models/gold/fct_travaux_stats_monthly.sql
[0m01:01:26  
[0m01:01:26  Done. PASS=8 WARN=0 ERROR=1 SKIP=0 NO-OP=0 TOTAL=9

2025-08-10 11:44:45,762 INFO:Début de l'ETL
2025-08-10 11:44:45,766 INFO:Exécution de extract.py...
2025-08-10 11:44:58,197 INFO:extract.py terminé
2025-08-10 11:44:58,198 INFO:Exécution de load.py...
2025-08-10 11:45:05,808 INFO:load.py terminé
2025-08-10 11:45:05,808 INFO:Début des transformations DBT...
2025-08-10 11:45:05,809 INFO:Exécution des commandes DBT depuis : /usr/ELT_Travaux_Angers/dbt
2025-08-10 11:45:05,810 INFO:Exécution de 'dbt deps'...
2025-08-10 11:45:10,495 INFO:Sortie de dbt deps :
[0m09:45:08  Running with dbt=1.10.7
[0m09:45:09  Installing dbt-labs/dbt_utils
[0m09:45:09  Installed from version 1.1.1
[0m09:45:09  Updated version available: 1.3.0
[0m09:45:09  
[0m09:45:09  Updates available for packages: ['dbt-labs/dbt_utils']                 
Update your versions in packages.yml, then run dbt deps

2025-08-10 11:45:10,495 INFO:Commande DBT réussie: dbt deps
2025-08-10 11:45:10,495 INFO:Exécution de 'dbt run'...
2025-08-10 11:45:42,409 INFO:Sortie de dbt run :
[0m09:45:12  Running with dbt=1.10.7
[0m09:45:24  Registered adapter: bigquery=1.10.1
[0m09:45:26  Found 7 models, 1 analysis, 17 data tests, 1 source, 610 macros
[0m09:45:26  
[0m09:45:26  Concurrency: 1 threads (target='dev')
[0m09:45:26  
[0m09:45:29  1 of 7 START sql view model travaux_angers.analyse_types ....................... [RUN]
[0m09:45:30  1 of 7 OK created sql view model travaux_angers.analyse_types .................. [[32mCREATE VIEW (0 processed)[0m in 1.24s]
[0m09:45:30  2 of 7 START sql view model travaux_angers.check_columns ....................... [RUN]
[0m09:45:32  2 of 7 OK created sql view model travaux_angers.check_columns .................. [[32mCREATE VIEW (0 processed)[0m in 1.30s]
[0m09:45:32  3 of 7 START sql view model travaux_angers.check_source ........................ [RUN]
[0m09:45:33  3 of 7 OK created sql view model travaux_angers.check_source ................... [[32mCREATE VIEW (0 processed)[0m in 1.15s]
[0m09:45:33  4 of 7 START sql view model travaux_angers_bronze.src_travaux_angers ........... [RUN]
[0m09:45:35  4 of 7 OK created sql view model travaux_angers_bronze.src_travaux_angers ...... [[32mCREATE VIEW (0 processed)[0m in 2.73s]
[0m09:45:35  5 of 7 START sql table model travaux_angers_silver.stg_travaux_angers .......... [RUN]
[0m09:45:38  5 of 7 OK created sql table model travaux_angers_silver.stg_travaux_angers ..... [[32mCREATE TABLE (22.1k rows, 7.0 MiB processed)[0m in 3.01s]
[0m09:45:38  6 of 7 START sql table model travaux_angers_gold.dim_travaux_details ........... [RUN]
[0m09:45:40  BigQuery adapter: https://console.cloud.google.com/bigquery?project=my-project-travaux-angers&j=bq:US:4e7592b1-c663-43d3-93a1-bee67fa37b87&page=queryresults
[0m09:45:40  6 of 7 ERROR creating sql table model travaux_angers_gold.dim_travaux_details .. [[31mERROR[0m in 1.12s]
[0m09:45:40  7 of 7 START sql table model travaux_angers_gold.fct_travaux_stats ............. [RUN]
[0m09:45:40  BigQuery adapter: https://console.cloud.google.com/bigquery?project=my-project-travaux-angers&j=bq:US:496ce347-298b-413e-b971-9fc8279c966e&page=queryresults
[0m09:45:40  7 of 7 ERROR creating sql table model travaux_angers_gold.fct_travaux_stats .... [[31mERROR[0m in 0.69s]
[0m09:45:40  
[0m09:45:40  Finished running 3 table models, 4 view models in 0 hours 0 minutes and 14.63 seconds (14.63s).
[0m09:45:40  
[0m09:45:40  [31mCompleted with 2 errors, 0 partial successes, and 0 warnings:[0m
[0m09:45:40  
[0m09:45:40  [31mFailure in model dim_travaux_details (models/gold/dim_travaux_details.sql)[0m
[0m09:45:40    Database Error in model dim_travaux_details (models/gold/dim_travaux_details.sql)
  Syntax error: Unexpected identifier "pte" at [15:1]
  compiled code at target/run/travaux_angers/models/gold/dim_travaux_details.sql
[0m09:45:40  
[0m09:45:40    compiled code at target/compiled/travaux_angers/models/gold/dim_travaux_details.sql
[0m09:45:40  
[0m09:45:40  [31mFailure in model fct_travaux_stats (models/gold/fct_travaux_stats.sql)[0m
[0m09:45:40    Database Error in model fct_travaux_stats (models/gold/fct_travaux_stats.sql)
  Syntax error: Expected ")" but got ";" at [58:15]
  compiled code at target/run/travaux_angers/models/gold/fct_travaux_stats.sql
[0m09:45:40  
[0m09:45:40    compiled code at target/compiled/travaux_angers/models/gold/fct_travaux_stats.sql
[0m09:45:40  
[0m09:45:40  Done. PASS=5 WARN=0 ERROR=2 SKIP=0 NO-OP=0 TOTAL=7

2025-08-10 11:45:42,409 ERROR:Erreur inattendue lors de l'exécution de DBT : Erreur lors de l'exécution de dbt run (code 1)
Sortie:
[0m09:45:12  Running with dbt=1.10.7
[0m09:45:24  Registered adapter: bigquery=1.10.1
[0m09:45:26  Found 7 models, 1 analysis, 17 data tests, 1 source, 610 macros
[0m09:45:26  
[0m09:45:26  Concurrency: 1 threads (target='dev')
[0m09:45:26  
[0m09:45:29  1 of 7 START sql view model travaux_angers.analyse_types ....................... [RUN]
[0m09:45:30  1 of 7 OK created sql view model travaux_angers.analyse_types .................. [[32mCREATE VIEW (0 processed)[0m in 1.24s]
[0m09:45:30  2 of 7 START sql view model travaux_angers.check_columns ....................... [RUN]
[0m09:45:32  2 of 7 OK created sql view model travaux_angers.check_columns .................. [[32mCREATE VIEW (0 processed)[0m in 1.30s]
[0m09:45:32  3 of 7 START sql view model travaux_angers.check_source ........................ [RUN]
[0m09:45:33  3 of 7 OK created sql view model travaux_angers.check_source ................... [[32mCREATE VIEW (0 processed)[0m in 1.15s]
[0m09:45:33  4 of 7 START sql view model travaux_angers_bronze.src_travaux_angers ........... [RUN]
[0m09:45:35  4 of 7 OK created sql view model travaux_angers_bronze.src_travaux_angers ...... [[32mCREATE VIEW (0 processed)[0m in 2.73s]
[0m09:45:35  5 of 7 START sql table model travaux_angers_silver.stg_travaux_angers .......... [RUN]
[0m09:45:38  5 of 7 OK created sql table model travaux_angers_silver.stg_travaux_angers ..... [[32mCREATE TABLE (22.1k rows, 7.0 MiB processed)[0m in 3.01s]
[0m09:45:38  6 of 7 START sql table model travaux_angers_gold.dim_travaux_details ........... [RUN]
[0m09:45:40  BigQuery adapter: https://console.cloud.google.com/bigquery?project=my-project-travaux-angers&j=bq:US:4e7592b1-c663-43d3-93a1-bee67fa37b87&page=queryresults
[0m09:45:40  6 of 7 ERROR creating sql table model travaux_angers_gold.dim_travaux_details .. [[31mERROR[0m in 1.12s]
[0m09:45:40  7 of 7 START sql table model travaux_angers_gold.fct_travaux_stats ............. [RUN]
[0m09:45:40  BigQuery adapter: https://console.cloud.google.com/bigquery?project=my-project-travaux-angers&j=bq:US:496ce347-298b-413e-b971-9fc8279c966e&page=queryresults
[0m09:45:40  7 of 7 ERROR creating sql table model travaux_angers_gold.fct_travaux_stats .... [[31mERROR[0m in 0.69s]
[0m09:45:40  
[0m09:45:40  Finished running 3 table models, 4 view models in 0 hours 0 minutes and 14.63 seconds (14.63s).
[0m09:45:40  
[0m09:45:40  [31mCompleted with 2 errors, 0 partial successes, and 0 warnings:[0m
[0m09:45:40  
[0m09:45:40  [31mFailure in model dim_travaux_details (models/gold/dim_travaux_details.sql)[0m
[0m09:45:40    Database Error in model dim_travaux_details (models/gold/dim_travaux_details.sql)
  Syntax error: Unexpected identifier "pte" at [15:1]
  compiled code at target/run/travaux_angers/models/gold/dim_travaux_details.sql
[0m09:45:40  
[0m09:45:40    compiled code at target/compiled/travaux_angers/models/gold/dim_travaux_details.sql
[0m09:45:40  
[0m09:45:40  [31mFailure in model fct_travaux_stats (models/gold/fct_travaux_stats.sql)[0m
[0m09:45:40    Database Error in model fct_travaux_stats (models/gold/fct_travaux_stats.sql)
  Syntax error: Expected ")" but got ";" at [58:15]
  compiled code at target/run/travaux_angers/models/gold/fct_travaux_stats.sql
[0m09:45:40  
[0m09:45:40    compiled code at target/compiled/travaux_angers/models/gold/fct_travaux_stats.sql
[0m09:45:40  
[0m09:45:40  Done. PASS=5 WARN=0 ERROR=2 SKIP=0 NO-OP=0 TOTAL=7

2025-08-10 11:45:42,410 ERROR:Erreur lors de l'exécution : Erreur lors de l'exécution de dbt run (code 1)
Sortie:
[0m09:45:12  Running with dbt=1.10.7
[0m09:45:24  Registered adapter: bigquery=1.10.1
[0m09:45:26  Found 7 models, 1 analysis, 17 data tests, 1 source, 610 macros
[0m09:45:26  
[0m09:45:26  Concurrency: 1 threads (target='dev')
[0m09:45:26  
[0m09:45:29  1 of 7 START sql view model travaux_angers.analyse_types ....................... [RUN]
[0m09:45:30  1 of 7 OK created sql view model travaux_angers.analyse_types .................. [[32mCREATE VIEW (0 processed)[0m in 1.24s]
[0m09:45:30  2 of 7 START sql view model travaux_angers.check_columns ....................... [RUN]
[0m09:45:32  2 of 7 OK created sql view model travaux_angers.check_columns .................. [[32mCREATE VIEW (0 processed)[0m in 1.30s]
[0m09:45:32  3 of 7 START sql view model travaux_angers.check_source ........................ [RUN]
[0m09:45:33  3 of 7 OK created sql view model travaux_angers.check_source ................... [[32mCREATE VIEW (0 processed)[0m in 1.15s]
[0m09:45:33  4 of 7 START sql view model travaux_angers_bronze.src_travaux_angers ........... [RUN]
[0m09:45:35  4 of 7 OK created sql view model travaux_angers_bronze.src_travaux_angers ...... [[32mCREATE VIEW (0 processed)[0m in 2.73s]
[0m09:45:35  5 of 7 START sql table model travaux_angers_silver.stg_travaux_angers .......... [RUN]
[0m09:45:38  5 of 7 OK created sql table model travaux_angers_silver.stg_travaux_angers ..... [[32mCREATE TABLE (22.1k rows, 7.0 MiB processed)[0m in 3.01s]
[0m09:45:38  6 of 7 START sql table model travaux_angers_gold.dim_travaux_details ........... [RUN]
[0m09:45:40  BigQuery adapter: https://console.cloud.google.com/bigquery?project=my-project-travaux-angers&j=bq:US:4e7592b1-c663-43d3-93a1-bee67fa37b87&page=queryresults
[0m09:45:40  6 of 7 ERROR creating sql table model travaux_angers_gold.dim_travaux_details .. [[31mERROR[0m in 1.12s]
[0m09:45:40  7 of 7 START sql table model travaux_angers_gold.fct_travaux_stats ............. [RUN]
[0m09:45:40  BigQuery adapter: https://console.cloud.google.com/bigquery?project=my-project-travaux-angers&j=bq:US:496ce347-298b-413e-b971-9fc8279c966e&page=queryresults
[0m09:45:40  7 of 7 ERROR creating sql table model travaux_angers_gold.fct_travaux_stats .... [[31mERROR[0m in 0.69s]
[0m09:45:40  
[0m09:45:40  Finished running 3 table models, 4 view models in 0 hours 0 minutes and 14.63 seconds (14.63s).
[0m09:45:40  
[0m09:45:40  [31mCompleted with 2 errors, 0 partial successes, and 0 warnings:[0m
[0m09:45:40  
[0m09:45:40  [31mFailure in model dim_travaux_details (models/gold/dim_travaux_details.sql)[0m
[0m09:45:40    Database Error in model dim_travaux_details (models/gold/dim_travaux_details.sql)
  Syntax error: Unexpected identifier "pte" at [15:1]
  compiled code at target/run/travaux_angers/models/gold/dim_travaux_details.sql
[0m09:45:40  
[0m09:45:40    compiled code at target/compiled/travaux_angers/models/gold/dim_travaux_details.sql
[0m09:45:40  
[0m09:45:40  [31mFailure in model fct_travaux_stats (models/gold/fct_travaux_stats.sql)[0m
[0m09:45:40    Database Error in model fct_travaux_stats (models/gold/fct_travaux_stats.sql)
  Syntax error: Expected ")" but got ";" at [58:15]
  compiled code at target/run/travaux_angers/models/gold/fct_travaux_stats.sql
[0m09:45:40  
[0m09:45:40    compiled code at target/compiled/travaux_angers/models/gold/fct_travaux_stats.sql
[0m09:45:40  
[0m09:45:40  Done. PASS=5 WARN=0 ERROR=2 SKIP=0 NO-OP=0 TOTAL=7

2025-08-10 12:00:04,298 ERROR:Erreur lors de l'exécution : La variable d'environnement GOOGLE_APPLICATION_CREDENTIALS n'est pas définie.
2025-08-10 12:55:40,627 INFO:Début de l'ETL
2025-08-10 12:55:40,630 INFO:Exécution de extract.py...
2025-08-10 12:55:53,244 INFO:extract.py terminé
2025-08-10 12:55:53,244 INFO:Exécution de load.py...
2025-08-10 12:55:58,629 INFO:load.py terminé
2025-08-10 12:55:58,630 INFO:Début des transformations DBT...
2025-08-10 12:55:58,630 INFO:Exécution des commandes DBT depuis : /usr/ELT_Travaux_Angers/dbt
2025-08-10 12:55:58,630 INFO:Exécution de 'dbt deps'...
2025-08-10 12:56:04,533 INFO:Sortie de dbt deps :
[0m10:56:02  Running with dbt=1.10.7
[0m10:56:03  Installing dbt-labs/dbt_utils
[0m10:56:03  Installed from version 1.1.1
[0m10:56:03  Updated version available: 1.3.0
[0m10:56:03  
[0m10:56:03  Updates available for packages: ['dbt-labs/dbt_utils']                 
Update your versions in packages.yml, then run dbt deps

2025-08-10 12:56:04,533 INFO:Commande DBT réussie: dbt deps
2025-08-10 12:56:04,534 INFO:Exécution de 'dbt run'...
2025-08-10 12:56:35,723 INFO:Sortie de dbt run :
[0m10:56:06  Running with dbt=1.10.7
[0m10:56:16  Registered adapter: bigquery=1.10.1
[0m10:56:17  Found 7 models, 1 analysis, 17 data tests, 1 source, 610 macros
[0m10:56:17  
[0m10:56:17  Concurrency: 1 threads (target='dev')
[0m10:56:17  
[0m10:56:21  1 of 7 START sql view model travaux_angers.analyse_types ....................... [RUN]
[0m10:56:23  1 of 7 OK created sql view model travaux_angers.analyse_types .................. [[32mCREATE VIEW (0 processed)[0m in 2.69s]
[0m10:56:23  2 of 7 START sql view model travaux_angers.check_columns ....................... [RUN]
[0m10:56:24  2 of 7 OK created sql view model travaux_angers.check_columns .................. [[32mCREATE VIEW (0 processed)[0m in 1.03s]
[0m10:56:24  3 of 7 START sql view model travaux_angers.check_source ........................ [RUN]
[0m10:56:25  3 of 7 OK created sql view model travaux_angers.check_source ................... [[32mCREATE VIEW (0 processed)[0m in 1.07s]
[0m10:56:25  4 of 7 START sql view model travaux_angers_bronze.src_travaux_angers ........... [RUN]
[0m10:56:27  4 of 7 OK created sql view model travaux_angers_bronze.src_travaux_angers ...... [[32mCREATE VIEW (0 processed)[0m in 1.26s]
[0m10:56:27  5 of 7 START sql table model travaux_angers_gold.dim_travaux_details ........... [RUN]
[0m10:56:30  5 of 7 OK created sql table model travaux_angers_gold.dim_travaux_details ...... [[32mCREATE TABLE (23.1k rows, 7.7 MiB processed)[0m in 2.92s]
[0m10:56:30  6 of 7 START sql table model travaux_angers_gold.fct_travaux_stats ............. [RUN]
[0m10:56:30  BigQuery adapter: https://console.cloud.google.com/bigquery?project=my-project-travaux-angers&j=bq:US:af2fee31-3683-42e0-b398-d4fd36da991a&page=queryresults
[0m10:56:30  6 of 7 ERROR creating sql table model travaux_angers_gold.fct_travaux_stats .... [[31mERROR[0m in 0.92s]
[0m10:56:30  7 of 7 START sql table model travaux_angers_silver.stg_travaux_angers .......... [RUN]
[0m10:56:33  7 of 7 OK created sql table model travaux_angers_silver.stg_travaux_angers ..... [[32mCREATE TABLE (23.1k rows, 7.3 MiB processed)[0m in 3.00s]
[0m10:56:33  
[0m10:56:33  Finished running 3 table models, 4 view models in 0 hours 0 minutes and 16.36 seconds (16.36s).
[0m10:56:34  
[0m10:56:34  [31mCompleted with 1 error, 0 partial successes, and 0 warnings:[0m
[0m10:56:34  
[0m10:56:34  [31mFailure in model fct_travaux_stats (models/gold/fct_travaux_stats.sql)[0m
[0m10:56:34    Database Error in model fct_travaux_stats (models/gold/fct_travaux_stats.sql)
  Aggregations of aggregations are not allowed at [65:9]
  compiled code at target/run/travaux_angers/models/gold/fct_travaux_stats.sql
[0m10:56:34  
[0m10:56:34    compiled code at target/compiled/travaux_angers/models/gold/fct_travaux_stats.sql
[0m10:56:34  
[0m10:56:34  Done. PASS=6 WARN=0 ERROR=1 SKIP=0 NO-OP=0 TOTAL=7

2025-08-10 12:56:35,724 ERROR:Erreur inattendue lors de l'exécution de DBT : Erreur lors de l'exécution de dbt run (code 1)
Sortie:
[0m10:56:06  Running with dbt=1.10.7
[0m10:56:16  Registered adapter: bigquery=1.10.1
[0m10:56:17  Found 7 models, 1 analysis, 17 data tests, 1 source, 610 macros
[0m10:56:17  
[0m10:56:17  Concurrency: 1 threads (target='dev')
[0m10:56:17  
[0m10:56:21  1 of 7 START sql view model travaux_angers.analyse_types ....................... [RUN]
[0m10:56:23  1 of 7 OK created sql view model travaux_angers.analyse_types .................. [[32mCREATE VIEW (0 processed)[0m in 2.69s]
[0m10:56:23  2 of 7 START sql view model travaux_angers.check_columns ....................... [RUN]
[0m10:56:24  2 of 7 OK created sql view model travaux_angers.check_columns .................. [[32mCREATE VIEW (0 processed)[0m in 1.03s]
[0m10:56:24  3 of 7 START sql view model travaux_angers.check_source ........................ [RUN]
[0m10:56:25  3 of 7 OK created sql view model travaux_angers.check_source ................... [[32mCREATE VIEW (0 processed)[0m in 1.07s]
[0m10:56:25  4 of 7 START sql view model travaux_angers_bronze.src_travaux_angers ........... [RUN]
[0m10:56:27  4 of 7 OK created sql view model travaux_angers_bronze.src_travaux_angers ...... [[32mCREATE VIEW (0 processed)[0m in 1.26s]
[0m10:56:27  5 of 7 START sql table model travaux_angers_gold.dim_travaux_details ........... [RUN]
[0m10:56:30  5 of 7 OK created sql table model travaux_angers_gold.dim_travaux_details ...... [[32mCREATE TABLE (23.1k rows, 7.7 MiB processed)[0m in 2.92s]
[0m10:56:30  6 of 7 START sql table model travaux_angers_gold.fct_travaux_stats ............. [RUN]
[0m10:56:30  BigQuery adapter: https://console.cloud.google.com/bigquery?project=my-project-travaux-angers&j=bq:US:af2fee31-3683-42e0-b398-d4fd36da991a&page=queryresults
[0m10:56:30  6 of 7 ERROR creating sql table model travaux_angers_gold.fct_travaux_stats .... [[31mERROR[0m in 0.92s]
[0m10:56:30  7 of 7 START sql table model travaux_angers_silver.stg_travaux_angers .......... [RUN]
[0m10:56:33  7 of 7 OK created sql table model travaux_angers_silver.stg_travaux_angers ..... [[32mCREATE TABLE (23.1k rows, 7.3 MiB processed)[0m in 3.00s]
[0m10:56:33  
[0m10:56:33  Finished running 3 table models, 4 view models in 0 hours 0 minutes and 16.36 seconds (16.36s).
[0m10:56:34  
[0m10:56:34  [31mCompleted with 1 error, 0 partial successes, and 0 warnings:[0m
[0m10:56:34  
[0m10:56:34  [31mFailure in model fct_travaux_stats (models/gold/fct_travaux_stats.sql)[0m
[0m10:56:34    Database Error in model fct_travaux_stats (models/gold/fct_travaux_stats.sql)
  Aggregations of aggregations are not allowed at [65:9]
  compiled code at target/run/travaux_angers/models/gold/fct_travaux_stats.sql
[0m10:56:34  
[0m10:56:34    compiled code at target/compiled/travaux_angers/models/gold/fct_travaux_stats.sql
[0m10:56:34  
[0m10:56:34  Done. PASS=6 WARN=0 ERROR=1 SKIP=0 NO-OP=0 TOTAL=7

2025-08-10 12:56:35,726 ERROR:Erreur lors de l'exécution : Erreur lors de l'exécution de dbt run (code 1)
Sortie:
[0m10:56:06  Running with dbt=1.10.7
[0m10:56:16  Registered adapter: bigquery=1.10.1
[0m10:56:17  Found 7 models, 1 analysis, 17 data tests, 1 source, 610 macros
[0m10:56:17  
[0m10:56:17  Concurrency: 1 threads (target='dev')
[0m10:56:17  
[0m10:56:21  1 of 7 START sql view model travaux_angers.analyse_types ....................... [RUN]
[0m10:56:23  1 of 7 OK created sql view model travaux_angers.analyse_types .................. [[32mCREATE VIEW (0 processed)[0m in 2.69s]
[0m10:56:23  2 of 7 START sql view model travaux_angers.check_columns ....................... [RUN]
[0m10:56:24  2 of 7 OK created sql view model travaux_angers.check_columns .................. [[32mCREATE VIEW (0 processed)[0m in 1.03s]
[0m10:56:24  3 of 7 START sql view model travaux_angers.check_source ........................ [RUN]
[0m10:56:25  3 of 7 OK created sql view model travaux_angers.check_source ................... [[32mCREATE VIEW (0 processed)[0m in 1.07s]
[0m10:56:25  4 of 7 START sql view model travaux_angers_bronze.src_travaux_angers ........... [RUN]
[0m10:56:27  4 of 7 OK created sql view model travaux_angers_bronze.src_travaux_angers ...... [[32mCREATE VIEW (0 processed)[0m in 1.26s]
[0m10:56:27  5 of 7 START sql table model travaux_angers_gold.dim_travaux_details ........... [RUN]
[0m10:56:30  5 of 7 OK created sql table model travaux_angers_gold.dim_travaux_details ...... [[32mCREATE TABLE (23.1k rows, 7.7 MiB processed)[0m in 2.92s]
[0m10:56:30  6 of 7 START sql table model travaux_angers_gold.fct_travaux_stats ............. [RUN]
[0m10:56:30  BigQuery adapter: https://console.cloud.google.com/bigquery?project=my-project-travaux-angers&j=bq:US:af2fee31-3683-42e0-b398-d4fd36da991a&page=queryresults
[0m10:56:30  6 of 7 ERROR creating sql table model travaux_angers_gold.fct_travaux_stats .... [[31mERROR[0m in 0.92s]
[0m10:56:30  7 of 7 START sql table model travaux_angers_silver.stg_travaux_angers .......... [RUN]
[0m10:56:33  7 of 7 OK created sql table model travaux_angers_silver.stg_travaux_angers ..... [[32mCREATE TABLE (23.1k rows, 7.3 MiB processed)[0m in 3.00s]
[0m10:56:33  
[0m10:56:33  Finished running 3 table models, 4 view models in 0 hours 0 minutes and 16.36 seconds (16.36s).
[0m10:56:34  
[0m10:56:34  [31mCompleted with 1 error, 0 partial successes, and 0 warnings:[0m
[0m10:56:34  
[0m10:56:34  [31mFailure in model fct_travaux_stats (models/gold/fct_travaux_stats.sql)[0m
[0m10:56:34    Database Error in model fct_travaux_stats (models/gold/fct_travaux_stats.sql)
  Aggregations of aggregations are not allowed at [65:9]
  compiled code at target/run/travaux_angers/models/gold/fct_travaux_stats.sql
[0m10:56:34  
[0m10:56:34    compiled code at target/compiled/travaux_angers/models/gold/fct_travaux_stats.sql
[0m10:56:34  
[0m10:56:34  Done. PASS=6 WARN=0 ERROR=1 SKIP=0 NO-OP=0 TOTAL=7

2025-08-10 14:50:07,805 INFO:Début de l'ETL
2025-08-10 14:50:07,806 INFO:Exécution de extract.py...
2025-08-10 14:50:18,402 INFO:extract.py terminé
2025-08-10 14:50:18,402 INFO:Exécution de load.py...
2025-08-10 14:50:25,339 INFO:load.py terminé
2025-08-10 14:50:25,340 INFO:Début des transformations DBT...
2025-08-10 14:50:25,340 INFO:Exécution des commandes DBT depuis : /usr/ELT_Travaux_Angers/dbt
2025-08-10 14:50:25,340 INFO:Exécution de 'dbt deps'...
2025-08-10 14:50:31,521 INFO:Sortie de dbt deps :
[0m12:50:29  Running with dbt=1.10.7
[0m12:50:30  Installing dbt-labs/dbt_utils
[0m12:50:30  Installed from version 1.1.1
[0m12:50:30  Updated version available: 1.3.0
[0m12:50:30  
[0m12:50:30  Updates available for packages: ['dbt-labs/dbt_utils']                 
Update your versions in packages.yml, then run dbt deps

2025-08-10 14:50:31,522 INFO:Commande DBT réussie: dbt deps
2025-08-10 14:50:31,522 INFO:Exécution de 'dbt run'...
2025-08-10 14:51:19,951 INFO:Sortie de dbt run :
[0m12:50:36  Running with dbt=1.10.7
[0m12:50:45  Registered adapter: bigquery=1.10.1
[0m12:50:46  Found 1 analysis, 8 models, 34 data tests, 1 source, 610 macros
[0m12:50:46  
[0m12:50:46  Concurrency: 1 threads (target='dev')
[0m12:50:46  
[0m12:50:50  1 of 8 START sql view model travaux_angers.analyse_types ....................... [RUN]
[0m12:50:51  1 of 8 OK created sql view model travaux_angers.analyse_types .................. [[32mCREATE VIEW (0 processed)[0m in 1.49s]
[0m12:50:51  2 of 8 START sql view model travaux_angers.check_columns ....................... [RUN]
[0m12:50:55  2 of 8 OK created sql view model travaux_angers.check_columns .................. [[32mCREATE VIEW (0 processed)[0m in 3.53s]
[0m12:50:55  3 of 8 START sql view model travaux_angers.check_source ........................ [RUN]
[0m12:50:56  3 of 8 OK created sql view model travaux_angers.check_source ................... [[32mCREATE VIEW (0 processed)[0m in 1.04s]
[0m12:50:56  4 of 8 START sql table model travaux_angers_bronze.src_travaux_angers .......... [RUN]
[0m12:51:00  4 of 8 OK created sql table model travaux_angers_bronze.src_travaux_angers ..... [[32mCREATE TABLE (46.0 rows, 8.0 MiB processed)[0m in 4.76s]
[0m12:51:00  5 of 8 START sql table model travaux_angers_silver.stg_travaux_angers .......... [RUN]
[0m12:51:07  5 of 8 OK created sql table model travaux_angers_silver.stg_travaux_angers ..... [[32mCREATE TABLE (46.0 rows, 8.0 MiB processed)[0m in 6.19s]
[0m12:51:07  6 of 8 START sql table model travaux_angers_gold.dim_travaux_details ........... [RUN]
[0m12:51:10  6 of 8 OK created sql table model travaux_angers_gold.dim_travaux_details ...... [[32mCREATE TABLE (46.0 rows, 10.7 KiB processed)[0m in 3.02s]
[0m12:51:10  7 of 8 START sql table model travaux_angers_gold.fct_travaux_stats ............. [RUN]
[0m12:51:14  7 of 8 OK created sql table model travaux_angers_gold.fct_travaux_stats ........ [[32mCREATE TABLE (4.9k rows, 11.4 KiB processed)[0m in 4.08s]
[0m12:51:14  8 of 8 START sql table model travaux_angers_gold.fct_travaux_stats_geo ......... [RUN]
[0m12:51:17  8 of 8 OK created sql table model travaux_angers_gold.fct_travaux_stats_geo .... [[32mCREATE TABLE (0.0 rows, 1.8 MiB processed)[0m in 3.02s]
[0m12:51:17  
[0m12:51:17  Finished running 5 table models, 3 view models in 0 hours 0 minutes and 31.23 seconds (31.23s).
[0m12:51:17  
[0m12:51:17  [32mCompleted successfully[0m
[0m12:51:17  
[0m12:51:17  Done. PASS=8 WARN=0 ERROR=0 SKIP=0 NO-OP=0 TOTAL=8

2025-08-10 14:51:19,952 INFO:Transformations DBT terminées avec succès
2025-08-10 14:51:19,953 INFO:ETL terminé avec succès
2025-08-10 18:00:05,850 ERROR:Erreur lors de l'exécution : La variable d'environnement GOOGLE_APPLICATION_CREDENTIALS n'est pas définie.
2025-08-11 18:00:00,997 ERROR:Erreur lors de l'exécution : La variable d'environnement GOOGLE_APPLICATION_CREDENTIALS n'est pas définie.
2025-08-12 00:00:01,694 ERROR:Erreur lors de l'exécution : La variable d'environnement GOOGLE_APPLICATION_CREDENTIALS n'est pas définie.
2025-08-12 12:00:03,531 ERROR:Erreur lors de l'exécution : La variable d'environnement GOOGLE_APPLICATION_CREDENTIALS n'est pas définie.
2025-08-12 18:00:01,869 ERROR:Erreur lors de l'exécution : La variable d'environnement GOOGLE_APPLICATION_CREDENTIALS n'est pas définie.
2025-08-13 12:00:05,550 ERROR:Erreur lors de l'exécution : La variable d'environnement GOOGLE_APPLICATION_CREDENTIALS n'est pas définie.
2025-08-15 12:00:02,956 ERROR:Erreur lors de l'exécution : La variable d'environnement GOOGLE_APPLICATION_CREDENTIALS n'est pas définie.
